Title,Trivia,Words
Abyssinian,"The Abyssinian's name reflects an early belief that the breed originated in Ethiopia.

A distinctive ticked coat, with each hair banded in multiple colors, defines the breed.

Abyssinians have an athletic, muscular build suited to jumping and climbing.

The Abyssinian is considered one of the oldest known cat breeds.

Abyssinians are famously curious, often investigating every corner of their home.

The breed is highly active, rarely content to sit still for long.

A short, fine coat is characteristic of the Abyssinian.

Almond-shaped eyes give the Abyssinian an alert, expressive look.

Abyssinians are energetic cats that enjoy climbing and interactive play.

The breed is considered quite intelligent, often learning to open doors or cabinets.

Abyssinians are known for being deeply affectionate with their families.

A slender, elegant body shape is typical of the breed.

The breed retains a playful personality well into adulthood.

Abyssinians are generally not especially vocal compared to some other breeds.",ETHIOPIA,TICKEDCOAT,ATHLETIC,ANCIENT,CURIOUS,ACTIVE,SHORTHAIR,ALMONDEYES,ENERGETIC,INTELLIGENT,AFFECTIONATE,SLENDER,PLAYFUL,VOCAL
Aegean,"The Aegean cat originated in Greece, particularly around the Aegean islands.

The breed developed naturally over centuries rather than through deliberate breeding programs.

Aegean cats are known for their willingness to swim, unusual among domestic cats.

A bicolor coat, typically white combined with another color, is common in the breed.

The Aegean is generally known for a sociable, people-oriented temperament.

The breed has a medium-sized, well-proportioned body.

Aegean cats have a semi-long coat, longer than a typical shorthair but not extremely long.

The breed is generally known for being quite friendly with people.

Aegean cats developed on the Greek islands, closely tied to island life.

Aegeans are known for being deeply affectionate with their families.

The breed's willingness to fish reflects its coastal Greek origins.

Aegean cats are considered adaptable to a variety of households.

The breed can be fairly vocal, communicating readily with its owners.

Aegean cats retain a playful personality into adulthood.",GREECE,NATURALBREED,SWIMMER,BICOLOR,SOCIABLE,MEDIUMSIZE,SEMILONGHAIR,FRIENDLY,ISLAND,AFFECTIONATE,FISHING,ADAPTABLE,VOCAL,PLAYFUL
American Bobtail,"A naturally short, stubby tail gives the American Bobtail its name.

The breed originated in the United States in the 1960s.

American Bobtails have a wild, bobcat-like appearance despite being fully domestic.

The breed is considered quite intelligent, often learning simple tricks.

American Bobtails retain a playful personality throughout their lives.

The breed adapts well to a variety of households and other pets.

A muscular, sturdy build is characteristic of the American Bobtail.

American Bobtails are known for being deeply affectionate with their families.

The breed is generally sociable, enjoying interaction with people.

American Bobtails can be fairly vocal, using varied sounds to communicate.

The breed is sometimes described as dog-like in its loyalty and interactive nature.

A sturdy, robust frame is typical of the American Bobtail.

American Bobtails are known for forming loyal bonds with their owners.

The breed is energetic and enjoys interactive play.",SHORTTAIL,AMERICA,WILDLOOK,INTELLIGENT,PLAYFUL,ADAPTABLE,MUSCULAR,AFFECTIONATE,SOCIABLE,VOCAL,DOGLIKE,STURDY,LOYAL,ENERGETIC
American Curl,"Backward-curling ears are the defining trait of the American Curl.

The breed originated in the United States, first noticed in the 1980s.

The curled ear trait arose from a spontaneous natural genetic mutation.

American Curls retain a playful personality well into adulthood.

The breed is known for being deeply affectionate with its family.

American Curls adapt well to a variety of households.

The breed is generally sociable, enjoying company from people and other pets.

American Curls are often described as having a gentle, easygoing temperament.

The breed is famously curious about its surroundings.

American Curls have a medium-sized, well-proportioned body.

The breed is generally quite friendly, including with strangers.

American Curls form loyal bonds with their owners.

The breed is energetic and enjoys interactive play.

A silky coat, in both short and long varieties, is found in the breed.",CURLEDEARS,AMERICA,MUTATION,PLAYFUL,AFFECTIONATE,ADAPTABLE,SOCIABLE,GENTLE,CURIOUS,MEDIUMSIZE,FRIENDLY,LOYAL,ENERGETIC,SILKY
American Shorthair,"The American Shorthair descends from working cats brought to America by early settlers.

The breed was historically valued as a skilled mouser aboard ships and on farms.

A short, dense coat requires minimal grooming.

American Shorthairs have a naturally sturdy, well-muscled build.

The breed is generally known for an easygoing, adaptable temperament.

American Shorthairs adapt well to a variety of households.

The breed is known for being affectionate without being overly demanding.

American Shorthairs are generally known for a gentle disposition.

The breed is considered relatively long-lived compared to some others.

American Shorthairs form loyal bonds with their families.

A muscular, athletic build reflects the breed's working heritage.

The breed is generally quite friendly with people and other pets.

American Shorthairs can show a streak of independence.

The breed's versatility as both a working cat and companion contributed to its popularity.",AMERICA,MOUSER,SHORTHAIR,STURDY,EASYGOING,ADAPTABLE,AFFECTIONATE,GENTLE,LONGLIVED,LOYAL,MUSCULAR,FRIENDLY,INDEPENDENT,VERSATILE
American Wirehair,"The American Wirehair originated in the United States, first discovered on a farm in New York.

A distinctively wiry, springy coat is the breed's most recognizable feature.

The wirehaired coat arose from a spontaneous natural genetic mutation.

The American Wirehair remains one of the rarer recognized cat breeds.

Even the whiskers of an American Wirehair are often curled or crimped.

The breed is known for being deeply affectionate with its family.

American Wirehairs are generally known for an easygoing temperament.

The breed adapts well to a variety of households.

A sturdy, well-muscled build is typical of the American Wirehair.

The breed retains a playful personality into adulthood.

American Wirehairs are generally known for a gentle disposition.

The breed is famously curious about its surroundings.

American Wirehairs have a medium-sized, well-proportioned body.

The breed is generally quite friendly with people and other pets.",AMERICA,WIRYCOAT,MUTATION,RARE,WHISKERS,AFFECTIONATE,EASYGOING,ADAPTABLE,STURDY,PLAYFUL,GENTLE,CURIOUS,MEDIUMSIZE,FRIENDLY
Aphrodite's Giant,"Aphrodite's Giant originated on the island of Cyprus.

The breed is notably large, among the biggest domestic cat breeds recognized.

Aphrodite's Giant descends from feral cats that roamed the island for generations.

A muscular, powerful build supports the breed's substantial size.

Some breeders trace the line to Cyprus's ancient cats, though the claim is debated by experts.

The breed's feral ancestors likely helped control rodents on the island for generations.

Aphrodite's Giant adapts well to a variety of living situations.

The breed is known for being affectionate with its family.

Aphrodite's Giant can show a degree of independence.

A sturdy frame supports the breed's large size.

The breed is generally known for a friendly temperament.

A short, dense coat is typical of Aphrodite's Giant.

The breed forms loyal bonds with its family.

Aphrodite's Giant remains a rare breed outside of Cyprus.",CYPRUS,LARGEBREED,NATURALBREED,MUSCULAR,ANCIENT,HUNTING,ADAPTABLE,AFFECTIONATE,INDEPENDENT,STURDY,FRIENDLY,SHORTHAIR,LOYAL,RARE
Arabian Mau,"The Arabian Mau originated on the Arabian Peninsula.

The breed developed naturally over centuries in the region's harsh climate.

Arabian Mau cats are well adapted to hot, dry desert environments.

The breed is known for being notably hardy and resilient.

Arabian Mau cats can show a streak of independence from their street-cat ancestry.

An athletic, lean build helps the breed move efficiently in the wild.

A short coat suits the breed's warm native climate.

Arabian Mau cats adapt reasonably well to domestic life.

The breed is naturally alert, quick to notice activity nearby.

Arabian Mau cats form loyal bonds once settled into a home.

The breed can be affectionate with familiar people.

Arabian Mau cats are energetic and enjoy activity.

The breed's survival instincts reflect generations living as street and village cats.

Arabian Mau cats are generally friendly once socialized.",ARABIA,NATURALBREED,DESERT,HARDY,INDEPENDENT,ATHLETIC,SHORTHAIR,ADAPTABLE,ALERT,LOYAL,AFFECTIONATE,ENERGETIC,SURVIVOR,FRIENDLY
Asian,"The Asian cat breed group was developed in the United Kingdom.

The Asian is closely related to the Burmese, sharing much of its body type.

A short, fine coat is characteristic of the Asian breed group.

Asian cats have a sleek, elegant body shape.

The breed is known for being deeply affectionate with its family.

Asian cats are generally sociable, enjoying company from people and other pets.

The breed retains a playful personality into adulthood.

Asian cats are considered quite intelligent.

The breed can be fairly vocal, communicating readily with its owners.

Asian cats are generally quite friendly, including with strangers.

The breed has a medium-sized, muscular body.

Asian cats are energetic and enjoy interactive play.

The breed is famously curious about its surroundings.

A glossy, close-lying coat is typical of the Asian breed group.",BRITAIN,BURMESE,SHORTHAIR,SLEEK,AFFECTIONATE,SOCIABLE,PLAYFUL,INTELLIGENT,VOCAL,FRIENDLY,MEDIUMSIZE,ENERGETIC,CURIOUS,GLOSSY
Australian Mist,"The Australian Mist was developed in Australia.

A spotted coat pattern is one variety recognized within the breed.

A marbled coat pattern is another variety recognized within the breed.

The Australian Mist is known for a notably gentle temperament.

The breed was specifically developed to be a good family cat.

Australian Mist cats are generally sociable, enjoying company from people and pets.

The breed is known for being deeply affectionate with its family.

Australian Mist cats retain a playful personality into adulthood.

The breed adapts well to a variety of households.

Australian Mist cats are generally quite friendly, including with strangers.

The breed has a medium-sized, sturdy body.

Australian Mist cats are known for a relaxed, easygoing temperament.

The breed is curious but not usually destructive.

Australian Mist cats were bred with indoor living in mind.",AUSTRALIA,SPOTTED,MARBLED,GENTLE,FAMILYCAT,SOCIABLE,AFFECTIONATE,PLAYFUL,ADAPTABLE,FRIENDLY,MEDIUMSIZE,RELAXED,CURIOUS,INDOOR
Balinese,"The Balinese descends from long-haired Siamese cats, despite its name referencing Bali.

A long, silky coat sets the Balinese apart from its shorthaired Siamese relatives.

The Balinese shares much of its body type and personality with the Siamese.

The breed is famously vocal, much like its Siamese ancestors.

Balinese cats move with a naturally graceful, flowing gait.

The breed is considered highly intelligent.

Balinese cats are known for being deeply affectionate with their families.

The breed is generally sociable, enjoying close interaction with people.

A slender, elegant body shape is typical of the Balinese.

Balinese cats retain a playful personality into adulthood.

Striking blue eyes are a hallmark of the Balinese, inherited from its Siamese ancestry.

The breed carries itself with an elegant, refined bearing.

Balinese cats are energetic and enjoy interactive play.

The breed is known for being especially chatty with its owners.",THAILAND,LONGHAIR,SIAMESE,VOCAL,GRACEFUL,INTELLIGENT,AFFECTIONATE,SOCIABLE,SLENDER,PLAYFUL,BLUEEYES,ELEGANT,ENERGETIC,CHATTY
Bambino,"The Bambino is a hybrid breed combining Sphynx and Munchkin ancestry.

Short legs, inherited from the Munchkin, are a defining trait of the breed.

Like the Sphynx, the Bambino is largely hairless.

Bambinos retain a playful personality throughout their lives.

The breed is known for being deeply affectionate with its family.

Bambinos are famously curious about their surroundings.

The breed is energetic despite its short legs.

Bambinos are generally sociable, enjoying company from people and pets.

Without fur, Bambinos often feel notably warm to the touch.

The breed's combination of traits gives it a genuinely unique appearance.

Bambinos are generally quite friendly, including with strangers.

The breed is known for a mischievous, playful streak.

Bambinos are attentive cats that enjoy being close to their owners.

The breed requires special skin care, including occasional bathing, due to its lack of fur.",HYBRID,SHORTLEGS,HAIRLESS,PLAYFUL,AFFECTIONATE,CURIOUS,ENERGETIC,SOCIABLE,WARMSKIN,UNIQUE,FRIENDLY,MISCHIEVOUS,ATTENTIVE,GROOMING
Bengal,"The Bengal is a hybrid breed developed by crossing domestic cats with the Asian leopard cat.

Distinctive spotted markings, resembling those of a wild leopard, define the breed's coat.

An athletic, muscular build reflects the Bengal's wild ancestry.

Bengals are highly energetic and need substantial daily activity.

The breed is considered quite intelligent, often solving simple puzzles or opening doors.

Bengals are known for an unusual love of water among domestic cats.

The breed can be fairly vocal, especially when seeking attention.

A muscular, powerful frame is typical of the Bengal.

Bengals are famously curious about their surroundings.

The breed retains a playful personality throughout its life.

A glossy, satiny coat is characteristic of the Bengal.

Bengals are known for a confident, assertive temperament.

The breed is highly active, requiring plenty of space to explore and climb.

The Bengal's striking, wild-looking coat pattern sets it apart from most other breeds.",HYBRID,SPOTTED,ATHLETIC,ENERGETIC,INTELLIGENT,SWIMMER,VOCAL,MUSCULAR,CURIOUS,PLAYFUL,GLOSSY,CONFIDENT,ACTIVE,STRIKING
Birman,"The Birman is closely associated with Myanmar, formerly known as Burma.

The breed is sometimes called the ""Sacred Cat of Burma"" due to its temple legends.

Striking blue eyes are a defining feature of the Birman.

White ""mittens"" on the paws are a signature trait of the breed.

A long, silky coat is characteristic of the Birman.

The breed is generally known for a gentle temperament.

Birmans are known for being deeply affectionate with their families.

Colorpoint markings, darker on the face, ears, legs, and tail, are standard for the breed.

The breed is generally sociable, enjoying company from people and pets.

Birmans are generally quite friendly, including with strangers.

The breed is known for a calm, easygoing demeanor.

Birmans form deeply devoted bonds with their owners.

A fluffy coat with minimal matting is typical of the breed.

Legend holds that the Birman's paws stayed white as a mark of purity.",MYANMAR,SACRED,BLUEEYES,MITTENS,LONGHAIR,GENTLE,AFFECTIONATE,COLORPOINT,SOCIABLE,FRIENDLY,CALM,DEVOTED,FLUFFY,LEGEND
Bombay,"The Bombay was developed in the United States.

A solid black coat is the defining trait of the Bombay.

The breed was deliberately bred to resemble a miniature black panther.

A sleek, close-lying coat gives the Bombay its panther-like look.

Bombays are known for being deeply affectionate with their families.

The breed is generally sociable, enjoying close interaction with people.

Bombays retain a playful personality throughout their lives.

Striking golden or copper eyes contrast with the Bombay's black coat.

The breed has a medium-sized, muscular body.

Bombays are generally quite friendly, including with strangers.

The breed forms loyal bonds with its family.

Bombays are famously curious about their surroundings.

A glossy, patent-leather-like sheen is characteristic of the Bombay's coat.

The breed can be fairly vocal, communicating readily with its owners.",AMERICA,BLACKCOAT,MINIATURE,SLEEK,AFFECTIONATE,SOCIABLE,PLAYFUL,GOLDENEYES,MEDIUMSIZE,FRIENDLY,LOYAL,CURIOUS,GLOSSY,VOCAL
Brazilian Shorthair,"The Brazilian Shorthair originated in Brazil.

The breed developed naturally rather than through deliberate crossbreeding programs.

Brazilian Shorthairs descend largely from common street cats found throughout Brazil.

The breed is known for being highly adaptable to different environments.

Brazilian Shorthairs are known for being deeply affectionate with their families.

An athletic, agile build reflects the breed's street-cat ancestry.

A short, sleek coat requires minimal grooming.

The breed is generally sociable, enjoying company from people and pets.

Brazilian Shorthairs are generally quite friendly, including with strangers.

The breed is energetic and enjoys interactive play.

Brazilian Shorthairs are known for being notably hardy and resilient.

The breed retains a playful personality into adulthood.

Brazilian Shorthairs are considered quite intelligent.

The breed forms loyal bonds with its family.",BRAZIL,NATURALBREED,STREET,ADAPTABLE,AFFECTIONATE,ATHLETIC,SHORTHAIR,SOCIABLE,FRIENDLY,ENERGETIC,HARDY,PLAYFUL,INTELLIGENT,LOYAL
British Longhair,"The British Longhair originated in England, a longhaired variant of the British Shorthair.

A long, dense coat is the defining trait distinguishing this breed from its shorthaired relative.

The coat has a plush, teddy-bear-like texture.

A distinctively round face is characteristic of the breed.

British Longhairs are generally known for a calm temperament.

The breed is known for being easygoing and low-maintenance in personality.

British Longhairs are known for being affectionate without being overly demanding.

The breed can show a streak of quiet independence.

A sturdy, well-rounded body is typical of the British Longhair.

British Longhairs are generally known for a gentle disposition.

The breed forms loyal bonds with its family.

British Longhairs are known for a relaxed, unhurried approach to life.

The breed is generally quite friendly with people and other pets.

The British Longhair's round, plush appearance has earned it comparisons to a teddy bear.",ENGLAND,LONGHAIR,PLUSH,ROUNDFACE,CALM,EASYGOING,AFFECTIONATE,INDEPENDENT,STURDY,GENTLE,LOYAL,RELAXED,FRIENDLY,TEDDYBEAR
British Shorthair,"The British Shorthair has a long history in England, among the oldest identifiable breeds there.

A short, dense coat is the defining trait of the British Shorthair.

A distinctively round face and round eyes are characteristic of the breed.

The coat has a notably dense, plush texture.

British Shorthairs are generally known for a calm temperament.

The breed is known for being easygoing and undemanding.

A sturdy, well-rounded body is typical of the British Shorthair.

British Shorthairs are known for being affectionate without being overly clingy.

The breed can show a streak of quiet independence.

British Shorthairs are generally known for a gentle disposition.

The breed forms loyal bonds with its family.

British Shorthairs are generally quite friendly with people and other pets.

The breed is sometimes linked to the smiling Cheshire Cat of literary fame.

British Shorthairs are known for a relaxed, unhurried approach to life.",ENGLAND,SHORTHAIR,ROUNDFACE,DENSECOAT,CALM,EASYGOING,STURDY,AFFECTIONATE,INDEPENDENT,GENTLE,LOYAL,FRIENDLY,CHESHIRE,RELAXED
Burmese,"The Burmese traces its origins to Myanmar, formerly known as Burma.

Striking golden eyes are a hallmark of the Burmese.

A surprisingly muscular, heavy body belies the Burmese's moderate size.

Burmese cats are known for being deeply affectionate with their families.

The breed is generally sociable, often following its owner from room to room.

Burmese cats retain a playful personality throughout their lives.

The breed can be fairly vocal, communicating readily with its owners.

A short, silky coat requires minimal grooming.

Burmese cats are generally quite friendly, including with strangers.

The breed is considered quite intelligent.

Burmese cats form deeply devoted bonds with their owners.

A compact, dense body is typical of the Burmese.

The breed is famously curious about its surroundings.

Burmese cats are energetic and enjoy interactive play.",MYANMAR,GOLDENEYES,MUSCULAR,AFFECTIONATE,SOCIABLE,PLAYFUL,VOCAL,SILKY,FRIENDLY,INTELLIGENT,DEVOTED,COMPACT,CURIOUS,ENERGETIC
Burmilla,"The Burmilla was developed in England from an accidental Burmese and Chinchilla Persian pairing.

The breed's Burmese ancestry contributes much of its body type and personality.

The Chinchilla Persian side of the Burmilla's ancestry gave it its distinctive coat shading.

A shaded coat, darker along the back and lighter beneath, is characteristic of the breed.

Burmillas are known for being deeply affectionate with their families.

The breed is generally sociable, enjoying company from people and pets.

Burmillas retain a playful personality throughout their lives.

The breed is generally known for a gentle temperament.

Burmillas are generally quite friendly, including with strangers.

The breed is famously curious about its surroundings.

Burmillas have a medium-sized, elegant body.

Striking green eyes are common in the breed.

The breed can be fairly vocal, though generally less so than a Burmese.

Burmillas carry themselves with an elegant bearing.",ENGLAND,BURMESE,CHINCHILLA,SHADED,AFFECTIONATE,SOCIABLE,PLAYFUL,GENTLE,FRIENDLY,CURIOUS,MEDIUMSIZE,GREENEYES,VOCAL,ELEGANT
California Spangled,"The California Spangled was developed in the United States.

Bold spots covering the entire body are the breed's defining trait.

The breed was deliberately created to resemble a wild spotted cat.

The California Spangled was originally promoted partly to raise awareness for wildlife conservation.

A muscular, athletic build reflects the breed's wild-looking design.

The breed is highly athletic and enjoys climbing and jumping.

California Spangled cats are energetic and enjoy plenty of activity.

The breed is known for being deeply affectionate with its family.

California Spangled cats retain a playful personality into adulthood.

The breed is known for a confident, assertive temperament.

The California Spangled remains a rare breed today.

The breed's striking, leopard-like spotting sets it apart visually.

California Spangled cats are generally quite friendly with their families.

The breed is considered quite intelligent.",AMERICA,SPOTTED,WILDLOOK,CONSERVATION,MUSCULAR,ATHLETIC,ENERGETIC,AFFECTIONATE,PLAYFUL,CONFIDENT,RARE,STRIKING,FRIENDLY,INTELLIGENT
Chantilly-Tiffany,"The Chantilly-Tiffany was developed in the United States.

A semi-long, silky coat is characteristic of the breed.

Striking amber or gold eyes are typical of the Chantilly-Tiffany.

The breed is generally known for a gentle temperament.

Chantilly-Tiffany cats are known for being deeply affectionate with their families.

The breed is generally quiet, rarely vocalizing without reason.

Chantilly-Tiffany cats form deeply devoted bonds with their owners.

The breed is generally sociable, enjoying close interaction with people.

A silky, low-shedding coat is typical of the breed.

Chantilly-Tiffany cats are generally quite friendly with familiar people.

The breed remains relatively rare compared to more common cat breeds.

Chantilly-Tiffany cats retain a playful personality into adulthood.

The breed forms loyal bonds with its family.

Despite its general quietness, the Chantilly-Tiffany can be surprisingly chatty with familiar people.",AMERICA,SEMILONGHAIR,AMBEREYES,GENTLE,AFFECTIONATE,QUIET,DEVOTED,SOCIABLE,SILKY,FRIENDLY,RARE,PLAYFUL,LOYAL,CHATTY
Chartreux,"The Chartreux originated in France, with a history tied to French monasteries.

A dense blue-gray coat is the defining trait of the Chartreux.

The breed's slightly upturned mouth gives it a permanent, gentle smile.

Chartreux cats are generally quiet, rarely meowing loudly.

A sturdy, powerful body is characteristic of the breed.

Legend holds that Carthusian monks once kept Chartreux cats at their monastery.

Chartreux cats are known for being deeply affectionate with their families.

The breed can show a streak of quiet independence.

Chartreux cats are generally known for a calm temperament.

The breed forms loyal bonds with its family.

A muscular, robust build is typical of the Chartreux.

Chartreux cats are generally known for a gentle disposition.

The breed is known for being quietly observant of its surroundings.

Chartreux cats form deeply devoted bonds with their owners.",FRANCE,BLUEGRAY,SMILE,QUIET,STURDY,MONASTERY,AFFECTIONATE,INDEPENDENT,CALM,LOYAL,MUSCULAR,GENTLE,OBSERVANT,DEVOTED
Chausie,"The Chausie is a hybrid breed developed by crossing domestic cats with the jungle cat.

The jungle cat, a wild feline species, is the Chausie's wild ancestor.

An athletic, long-legged build reflects the Chausie's wild heritage.

A muscular frame gives the Chausie notable strength for its size.

Chausies are highly energetic and need substantial daily exercise.

The breed is notably tall, with a leggy, elegant stance.

Chausies are known for being deeply affectionate with their families.

The breed is considered quite intelligent.

Chausies are highly active, enjoying climbing and exploring.

The breed is known for a confident, assertive temperament.

Chausies retain a playful personality throughout their lives.

The breed forms loyal bonds with its family.

Chausies are famously curious about their surroundings.

Long, lean legs give the Chausie an especially leggy silhouette.",HYBRID,WILDCAT,ATHLETIC,MUSCULAR,ENERGETIC,TALL,AFFECTIONATE,INTELLIGENT,ACTIVE,CONFIDENT,PLAYFUL,LOYAL,CURIOUS,LEGGY
Cheetoh,"The Cheetoh is a hybrid breed combining Bengal and Ocicat ancestry.

Bengal ancestry contributes much of the Cheetoh's wild-spotted appearance.

Bold spotted markings are a defining trait of the Cheetoh.

An athletic, muscular build reflects the breed's hybrid ancestry.

Cheetohs are highly energetic and enjoy plenty of activity.

The breed is known for being deeply affectionate with its family.

Cheetohs retain a playful personality throughout their lives.

The breed is known for a confident, assertive temperament.

A muscular, powerful frame is typical of the Cheetoh.

Cheetohs are famously curious about their surroundings.

The breed is generally quite friendly, including with strangers.

Cheetohs can be fairly vocal, communicating readily with their owners.

The breed's striking, wild-looking coat pattern draws frequent comparisons to a cheetah.

The Cheetoh remains a relatively rare and newly developed breed.",HYBRID,BENGAL,SPOTTED,ATHLETIC,ENERGETIC,AFFECTIONATE,PLAYFUL,CONFIDENT,MUSCULAR,CURIOUS,FRIENDLY,VOCAL,STRIKING,RARE
Colorpoint Shorthair,"The Colorpoint Shorthair was developed largely in the United Kingdom and United States.

The breed is closely related to the Siamese, sharing much of its body type.

Colorpoint markings, darker on the extremities, are a defining trait of the breed.

A slender, elegant body shape is typical of the Colorpoint Shorthair.

The breed is famously vocal, much like its Siamese relatives.

Colorpoint Shorthairs are known for being deeply affectionate with their families.

The breed is generally sociable, enjoying close interaction with people.

Colorpoint Shorthairs are considered highly intelligent.

The breed retains a playful personality into adulthood.

Colorpoint Shorthairs are energetic and enjoy interactive play.

Striking blue eyes are common in the breed.

The breed is famously curious about its surroundings.

Colorpoint Shorthairs are known for being especially chatty with their owners.

The breed carries itself with an elegant, refined bearing.",BRITAIN,SIAMESE,COLORPOINT,SLENDER,VOCAL,AFFECTIONATE,SOCIABLE,INTELLIGENT,PLAYFUL,ENERGETIC,BLUEEYES,CURIOUS,CHATTY,ELEGANT
Cornish Rex,"The Cornish Rex originated in Cornwall, England.

A distinctively soft, curly coat is the breed's defining trait.

The curly coat arose from a spontaneous natural genetic mutation.

A slender, lightweight body is characteristic of the Cornish Rex.

The breed is highly energetic and enjoys vigorous play.

Cornish Rex cats are known for being deeply affectionate with their families.

The breed retains a playful personality throughout its life.

The Cornish Rex's thin coat means it often seeks out warm spots to curl up.

An athletic, agile build allows the breed to jump and climb impressively.

Cornish Rex cats are famously curious about their surroundings.

The breed is generally sociable, enjoying close interaction with people.

Cornish Rex cats are generally quite friendly, including with strangers.

The breed can be fairly vocal, communicating readily with its owners.

Cornish Rex cats are highly active and enjoy plenty of playtime.",ENGLAND,CURLYCOAT,MUTATION,SLENDER,ENERGETIC,AFFECTIONATE,PLAYFUL,WARMSKIN,ATHLETIC,CURIOUS,SOCIABLE,FRIENDLY,VOCAL,ACTIVE
Cymric,"The Cymric is closely related to the Manx, sharing its naturally short or absent tail.

A long, dense coat sets the Cymric apart from its shorthaired Manx relative.

The tailless trait arose from a spontaneous natural genetic mutation.

A sturdy, well-built body is characteristic of the breed.

Cymrics retain a playful personality throughout their lives.

The breed is known for being deeply affectionate with its family.

Cymrics are considered quite intelligent.

The breed is generally sociable, enjoying company from people and pets.

Cymrics form loyal bonds with their families.

The breed is generally quite friendly, including with strangers.

Cymrics are sometimes described as dog-like in their loyalty and playfulness.

The breed is generally known for a gentle temperament.

Cymrics have a distinctively rounded body shape.

The breed is famously curious about its surroundings.",TAILLESS,LONGHAIR,MUTATION,STURDY,PLAYFUL,AFFECTIONATE,INTELLIGENT,SOCIABLE,LOYAL,FRIENDLY,DOGLIKE,GENTLE,ROUNDED,CURIOUS
Devon Rex,"The Devon Rex originated in Devon, England.

A soft, wavy curly coat is the defining trait of the Devon Rex.

Large eyes and ears combined with a short muzzle give the breed a pixie-like face.

Notably large ears are a signature feature of the Devon Rex.

Devon Rex cats are known for a mischievous, playful streak.

The breed is highly energetic and enjoys vigorous play.

Devon Rex cats are known for being deeply affectionate with their families.

The breed retains a playful personality throughout its life.

An athletic, agile build allows the breed to jump and climb impressively.

Devon Rex cats are famously curious about their surroundings.

The breed is generally sociable, enjoying close interaction with people.

Devon Rex cats are generally quite friendly, including with strangers.

The breed can be fairly vocal, communicating readily with its owners.

The Devon Rex's thin coat means it often seeks out warm spots to curl up.",ENGLAND,CURLYCOAT,PIXIEFACE,BIGEARS,MISCHIEVOUS,ENERGETIC,AFFECTIONATE,PLAYFUL,ATHLETIC,CURIOUS,SOCIABLE,FRIENDLY,VOCAL,WARMSKIN
Donskoy,"The Donskoy originated in Russia.

The Donskoy is a largely hairless breed, similar in appearance to the Sphynx.

Loose, wrinkled skin is characteristic of the Donskoy.

The hairless trait arose from a spontaneous natural genetic mutation.

Donskoy cats are known for being deeply affectionate with their families.

The breed is generally sociable, enjoying close interaction with people.

Donskoy cats retain a playful personality throughout their lives.

Without fur, Donskoy cats often feel notably warm to the touch.

The breed is considered quite intelligent.

Donskoy cats are famously curious about their surroundings.

The breed is generally quite friendly, including with strangers.

Donskoy cats require regular skin care due to their lack of fur.

The breed is energetic and enjoys interactive play.

Donskoy cats form deeply devoted bonds with their owners.",RUSSIA,HAIRLESS,WRINKLES,MUTATION,AFFECTIONATE,SOCIABLE,PLAYFUL,WARMSKIN,INTELLIGENT,CURIOUS,FRIENDLY,GROOMING,ENERGETIC,DEVOTED
Dragon Li,"The Dragon Li originated in China.

The breed developed naturally rather than through deliberate crossbreeding.

A distinctive golden tabby coat is standard for the Dragon Li.

An athletic, muscular build reflects the breed's history as a skilled hunter.

The breed is considered quite intelligent.

Dragon Li cats can show a notable streak of independence.

Dragon Li cats were historically valued for hunting rodents.

The breed is naturally alert, quick to notice movement nearby.

Dragon Li cats form loyal bonds with their families once settled.

The breed is energetic and enjoys plenty of activity.

Dragon Li cats are known for being affectionate with familiar people.

The Dragon Li remains a relatively rare breed outside of China.

A muscular, athletic frame is typical of the breed.

Dragon Li cats are famously curious about their surroundings.",CHINA,NATURALBREED,TABBY,ATHLETIC,INTELLIGENT,INDEPENDENT,HUNTING,ALERT,LOYAL,ENERGETIC,AFFECTIONATE,RARE,MUSCULAR,CURIOUS
Dwelf,"The Dwelf is a hybrid breed combining Sphynx, American Curl, and Munchkin ancestry.

Like the Sphynx, the Dwelf is largely hairless.

Curled ears, inherited from the American Curl, are a defining trait of the breed.

Short legs, inherited from the Munchkin, complete the Dwelf's distinctive look.

The combination of hairlessness, curled ears, and short legs gives the Dwelf a truly unique appearance.

Dwelfs retain a playful personality throughout their lives.

The breed is known for being deeply affectionate with its family.

Dwelfs are famously curious about their surroundings.

The breed is generally sociable, enjoying company from people and pets.

Without fur, Dwelfs often feel notably warm to the touch.

Dwelfs are generally quite friendly, including with strangers.

The breed is energetic despite its short legs.

Dwelfs are known for a mischievous, playful streak.

The Dwelf remains an extremely rare breed.",HYBRID,HAIRLESS,CURLEDEARS,SHORTLEGS,UNIQUE,PLAYFUL,AFFECTIONATE,CURIOUS,SOCIABLE,WARMSKIN,FRIENDLY,ENERGETIC,MISCHIEVOUS,RARE
Egyptian Mau,"The Egyptian Mau originated in Egypt.

A naturally spotted coat is the defining trait of the Egyptian Mau.

The breed developed naturally rather than through deliberate crossbreeding.

The Egyptian Mau is considered the fastest domestic cat breed.

Ancient Egyptian art depicts spotted cats closely resembling the modern Egyptian Mau.

An athletic, muscular build supports the breed's notable speed.

Egyptian Maus form loyal bonds with their families.

The breed is known for being deeply affectionate with familiar people.

Egyptian Maus can be fairly vocal, using a range of distinct sounds.

The breed is energetic and enjoys plenty of activity.

Striking green eyes are a hallmark of the Egyptian Mau.

Egyptian Maus retain a playful personality throughout their lives.

A short, fine coat requires minimal grooming.

The breed is naturally alert, quick to notice movement nearby.",EGYPT,SPOTTED,NATURALBREED,FASTEST,ANCIENT,ATHLETIC,LOYAL,AFFECTIONATE,VOCAL,ENERGETIC,GREENEYES,PLAYFUL,SHORTHAIR,ALERT
European Shorthair,"The European Shorthair developed naturally across continental Europe.

The breed traces its ancestry to common working cats rather than deliberate breeding.

European Shorthairs were historically valued as skilled mousers.

A sturdy, well-muscled body is characteristic of the breed.

The breed is known for being highly adaptable to different environments.

European Shorthairs are known for being affectionate with their families.

The breed can show a streak of independence.

European Shorthairs are generally quite friendly, including with strangers.

An athletic build reflects the breed's history as an active working cat.

The breed forms loyal bonds with its family.

A short, dense coat requires minimal grooming.

European Shorthairs are generally known for a calm temperament.

The breed is known for being notably hardy and resilient.

European Shorthairs are famously curious about their surroundings.",EUROPE,NATURALBREED,MOUSER,STURDY,ADAPTABLE,AFFECTIONATE,INDEPENDENT,FRIENDLY,ATHLETIC,LOYAL,SHORTHAIR,CALM,HARDY,CURIOUS
Exotic Shorthair,"The Exotic Shorthair was developed in the United States as a shorthaired Persian.

The breed shares much of its body type and personality with the Persian.

A short, flat face similar to the Persian is characteristic of the Exotic Shorthair.

The breed's short coat has a notably plush, dense texture.

Exotic Shorthairs are generally known for a calm temperament.

The breed is generally known for a gentle disposition.

Exotic Shorthairs are known for being deeply affectionate with their families.

The breed is known for being easygoing and low-maintenance in personality.

A sturdy, compact body is typical of the breed.

Exotic Shorthairs are generally quiet, rarely vocalizing without reason.

The breed forms loyal bonds with its family.

A distinctively round face is characteristic of the Exotic Shorthair.

Exotic Shorthairs are known for enjoying quiet lap time with their owners.

The breed is known for a relaxed, unhurried approach to life.",AMERICA,PERSIAN,FLATFACE,PLUSH,CALM,GENTLE,AFFECTIONATE,EASYGOING,STURDY,QUIET,LOYAL,ROUNDFACE,LAPCAT,RELAXED
Foldex,"The Foldex was developed in Canada.

Folded ears, inherited from the Scottish Fold, are the breed's defining trait.

The Scottish Fold contributed much of the Foldex's distinctive ear shape.

Exotic Shorthair ancestry contributed to the Foldex's compact, plush body type.

A round, distinctively shaped face is characteristic of the breed.

Foldex cats are generally known for a gentle temperament.

The breed is known for being deeply affectionate with its family.

Foldex cats are generally known for a calm disposition.

A short, plush coat is typical of the breed.

Foldex cats are generally quite friendly, including with strangers.

A sturdy, compact body is typical of the Foldex.

The Foldex remains a relatively rare breed.

Foldex cats are generally sociable, enjoying company from people and pets.

The breed's folded ears require regular gentle cleaning and monitoring.",CANADA,FOLDEDEARS,SCOTTISHFOLD,EXOTIC,ROUNDFACE,GENTLE,AFFECTIONATE,CALM,PLUSH,FRIENDLY,STURDY,RARE,SOCIABLE,GROOMING
German Rex,"The German Rex originated in Germany.

A soft, curly coat is the defining trait of the German Rex.

The curly coat arose from a spontaneous natural genetic mutation.

German Rex cats are known for being deeply affectionate with their families.

The breed is generally known for a gentle temperament.

German Rex cats are generally sociable, enjoying close interaction with people.

The breed retains a playful personality throughout its life.

The German Rex remains a relatively rare breed.

German Rex cats have a medium-sized, well-proportioned body.

The breed is generally quite friendly, including with strangers.

German Rex cats are famously curious about their surroundings.

The breed forms loyal bonds with its family.

German Rex cats are energetic and enjoy interactive play.

The breed is considered quite intelligent.",GERMANY,CURLYCOAT,MUTATION,AFFECTIONATE,GENTLE,SOCIABLE,PLAYFUL,RARE,MEDIUMSIZE,FRIENDLY,CURIOUS,LOYAL,ENERGETIC,INTELLIGENT
Havana Brown,"The Havana Brown was developed in the United Kingdom.

A rich, solid brown coat is the defining trait of the breed.

Siamese ancestry contributed to the Havana Brown's development.

Striking green eyes are a hallmark of the Havana Brown.

The breed is known for being deeply affectionate with its family.

Havana Brown cats are generally sociable, enjoying close interaction with people.

The breed is famously curious, often using its paws to investigate objects.

Havana Brown cats can be fairly vocal, communicating readily with their owners.

The breed retains a playful personality throughout its life.

Havana Browns have a medium-sized, muscular body.

The breed is generally quite friendly, including with strangers.

Havana Brown cats form loyal bonds with their families.

The breed remains a relatively rare breed today.

Havana Browns are considered quite intelligent.",BRITAIN,BROWNCOAT,SIAMESE,GREENEYES,AFFECTIONATE,SOCIABLE,CURIOUS,VOCAL,PLAYFUL,MEDIUMSIZE,FRIENDLY,LOYAL,RARE,INTELLIGENT
Highlander,"The Highlander was developed in the United States.

Curled ears are one of the Highlander's most distinctive traits.

A naturally short or bobbed tail is common in the breed.

The Highlander was deliberately bred to have a wild, bobcat-like appearance.

A muscular, powerful build reflects the breed's wild-looking design.

Highlanders retain a playful personality throughout their lives.

The breed is known for being deeply affectionate with its family.

Highlanders are highly energetic and enjoy plenty of activity.

The breed is known for a confident, assertive temperament.

Highlanders are generally sociable, enjoying company from people and pets.

The breed is generally quite friendly, including with strangers.

Highlanders are famously curious about their surroundings.

The Highlander remains a relatively rare and newly developed breed.

The breed can be fairly vocal, using a range of distinct sounds.",AMERICA,CURLEDEARS,SHORTTAIL,WILDLOOK,MUSCULAR,PLAYFUL,AFFECTIONATE,ENERGETIC,CONFIDENT,SOCIABLE,FRIENDLY,CURIOUS,RARE,VOCAL
Himalayan,"The Himalayan was developed in the United States by crossing Persian and Siamese cats.

The Persian side of the Himalayan's ancestry contributed its long coat and stocky build.

The Siamese side of the breed's ancestry contributed its colorpoint pattern.

Colorpoint markings, darker on the face, ears, legs, and tail, are standard for the breed.

A long, flowing coat is characteristic of the Himalayan.

Striking blue eyes are a hallmark of the Himalayan, inherited from its Siamese ancestry.

Himalayans are generally known for a calm temperament.

The breed is generally known for a gentle disposition.

Himalayans are known for being deeply affectionate with their families.

The breed's long coat requires regular, dedicated grooming.

Himalayans are generally quiet, rarely vocalizing without reason.

A short, flat face similar to the Persian is characteristic of the breed.

The breed forms loyal bonds with its family.

Himalayans are generally quite friendly, including with strangers.",AMERICA,PERSIAN,SIAMESE,COLORPOINT,LONGHAIR,BLUEEYES,CALM,GENTLE,AFFECTIONATE,GROOMING,QUIET,FLATFACE,LOYAL,FRIENDLY
Japanese Bobtail,"The Japanese Bobtail is native to Japan.

A naturally short, bobbed tail is the defining trait of the breed.

The breed's tail resembles a small pompom rather than a full-length tail.

The Japanese Bobtail is closely associated with the beckoning ""lucky cat"" figure common in Japan.

An athletic, muscular build allows the breed to jump and move gracefully.

Japanese Bobtails can be fairly vocal, using a range of distinct sounds.

The breed is known for being deeply affectionate with its family.

Japanese Bobtails are generally sociable, enjoying close interaction with people.

The breed retains a playful personality throughout its life.

Japanese Bobtails are considered quite intelligent.

The breed is generally quite friendly, including with strangers.

Japanese Bobtails are energetic and enjoy interactive play.

The breed has a long history in Japan, appearing in centuries-old artwork.

Japanese Bobtails are famously curious about their surroundings.",JAPAN,SHORTTAIL,POMPOM,LUCKY,ATHLETIC,VOCAL,AFFECTIONATE,SOCIABLE,PLAYFUL,INTELLIGENT,FRIENDLY,ENERGETIC,ANCIENT,CURIOUS
Javanese,"The Javanese was developed in the United States.

The breed is closely related to the Balinese, sharing much of its body type.

A long, silky coat is characteristic of the Javanese.

The breed is famously vocal, much like its Siamese-related ancestors.

A slender, elegant body shape is typical of the Javanese.

Javanese cats are known for being deeply affectionate with their families.

The breed is considered highly intelligent.

Javanese cats are generally sociable, enjoying close interaction with people.

The breed retains a playful personality into adulthood.

Javanese cats are energetic and enjoy interactive play.

The breed is famously curious about its surroundings.

Javanese cats are known for being especially chatty with their owners.

The breed carries itself with an elegant, refined bearing.

Colorpoint markings are common among Javanese cats.",AMERICA,BALINESE,LONGHAIR,VOCAL,SLENDER,AFFECTIONATE,INTELLIGENT,SOCIABLE,PLAYFUL,ENERGETIC,CURIOUS,CHATTY,ELEGANT,COLORPOINT
Jianzhou Cat,"The Jianzhou Cat originated in China.

The breed developed naturally over generations rather than through planned breeding.

A tabby coat pattern is typical of the Jianzhou Cat.

An athletic build reflects the breed's history as a skilled hunter.

Jianzhou Cats can show a notable streak of independence.

The breed was historically valued for hunting rodents in rural China.

Jianzhou Cats are naturally alert, quick to notice movement nearby.

The breed is known for being notably hardy and resilient.

The Jianzhou Cat remains a rare breed outside of China.

Jianzhou Cats are considered quite intelligent.

The breed forms loyal bonds with familiar people once settled.

Jianzhou Cats are famously curious about their surroundings.

The breed is energetic and enjoys plenty of activity.

Jianzhou Cats can be affectionate with people they trust.",CHINA,NATURALBREED,TABBY,ATHLETIC,INDEPENDENT,HUNTING,ALERT,HARDY,RARE,INTELLIGENT,LOYAL,CURIOUS,ENERGETIC,AFFECTIONATE
Kanaani,"The Kanaani was developed in Israel.

The breed was designed to resemble a wild African wildcat.

A spotted coat pattern is a defining trait of the Kanaani.

An athletic, muscular build reflects the breed's wild-looking design.

Kanaani cats are highly energetic and enjoy plenty of activity.

The breed is known for a confident, assertive temperament.

A muscular, powerful frame is typical of the Kanaani.

Kanaani cats are known for being deeply affectionate with their families.

The breed retains a playful personality throughout its life.

The Kanaani remains an extremely rare breed.

Kanaani cats are famously curious about their surroundings.

The breed is generally quite friendly, including with strangers.

The Kanaani is one of the more modern cat breeds, developed relatively recently.

Kanaani cats are considered quite intelligent.",ISRAEL,WILDLOOK,SPOTTED,ATHLETIC,ENERGETIC,CONFIDENT,MUSCULAR,AFFECTIONATE,PLAYFUL,RARE,CURIOUS,FRIENDLY,MODERN,INTELLIGENT
Karelian Bobtail,"The Karelian Bobtail originated in Russia's Karelia region.

A naturally short, bobbed tail is the breed's defining trait.

The breed developed naturally rather than through deliberate crossbreeding.

An athletic build helps the Karelian Bobtail move confidently in cold terrain.

The breed is known for being notably hardy and resilient.

Karelian Bobtails can show a streak of independence.

The breed is known for being deeply affectionate with familiar people.

Karelian Bobtails form loyal bonds with their families.

The breed is famously curious about its surroundings.

Karelian Bobtails are generally quite friendly, including with strangers.

The breed is energetic and enjoys plenty of activity.

Karelian Bobtails retain a playful personality throughout their lives.

The breed remains a relatively rare breed outside of Russia.

Karelian Bobtails are naturally alert, quick to notice movement nearby.",RUSSIA,SHORTTAIL,NATURALBREED,ATHLETIC,HARDY,INDEPENDENT,AFFECTIONATE,LOYAL,CURIOUS,FRIENDLY,ENERGETIC,PLAYFUL,RARE,ALERT
Khao Manee,"The Khao Manee originated in Thailand.

A pure white coat is the defining trait of the breed.

The Khao Manee is well known for often having two different colored eyes.

The breed has a long history in Thailand, referenced in ancient manuscripts.

Khao Manee cats were historically prized by Thai royalty.

The breed has traditionally been considered a symbol of good luck in Thailand.

Khao Manee cats can be fairly vocal, communicating readily with their owners.

The breed is known for being deeply affectionate with its family.

Khao Manee cats are generally sociable, enjoying close interaction with people.

The breed is energetic and enjoys plenty of activity.

Khao Manee cats retain a playful personality throughout their lives.

The breed is considered quite intelligent.

Khao Manee cats are generally quite friendly, including with strangers.

The breed remains relatively rare outside of Thailand.",THAILAND,WHITECOAT,ODDEYES,ANCIENT,ROYALTY,LUCKY,VOCAL,AFFECTIONATE,SOCIABLE,ENERGETIC,PLAYFUL,INTELLIGENT,FRIENDLY,RARE
Kinkalow,"The Kinkalow is a hybrid breed combining American Curl and Munchkin ancestry.

Curled ears, inherited from the American Curl, are a defining trait of the breed.

Short legs, inherited from the Munchkin, complete the Kinkalow's distinctive look.

The combination of curled ears and short legs gives the Kinkalow a unique appearance.

Kinkalows retain a playful personality throughout their lives.

The breed is known for being deeply affectionate with its family.

Kinkalows are famously curious about their surroundings.

The breed is generally sociable, enjoying company from people and pets.

Kinkalows are generally quite friendly, including with strangers.

The breed is energetic despite its short legs.

The Kinkalow remains a relatively rare and newly developed breed.

Kinkalows are known for a mischievous, playful streak.

The breed is considered a small breed due to its short legs.

Kinkalows adapt well to a variety of households.",HYBRID,CURLEDEARS,SHORTLEGS,UNIQUE,PLAYFUL,AFFECTIONATE,CURIOUS,SOCIABLE,FRIENDLY,ENERGETIC,RARE,MISCHIEVOUS,SMALLBREED,ADAPTABLE
Korat,"The Korat originated in Thailand.

A distinctive silver-blue coat is the defining trait of the breed.

The Korat has traditionally been considered a symbol of good luck in Thailand.

A distinctive heart-shaped face is characteristic of the Korat.

Striking green eyes complete the Korat's distinctive look.

Korat cats are known for being deeply affectionate with their families.

The breed forms loyal bonds with its family.

Korats are considered quite intelligent.

The breed is generally sociable, enjoying close interaction with people.

The Korat is considered one of the oldest natural cat breeds still in existence.

Korat cats form deeply devoted bonds with their owners.

The breed retains a playful personality throughout its life.

Korats are energetic and enjoy interactive play.

The breed remains relatively rare outside of Thailand.",THAILAND,SILVERBLUE,GOODLUCK,HEARTFACE,GREENEYES,AFFECTIONATE,LOYAL,INTELLIGENT,SOCIABLE,ANCIENT,DEVOTED,PLAYFUL,ENERGETIC,RARE
Korean Bobtail,"The Korean Bobtail originated in Korea.

A naturally short, bobbed tail is the breed's defining trait.

The breed developed naturally rather than through deliberate crossbreeding.

An athletic build is typical of the Korean Bobtail.

The breed can show a streak of independence.

Korean Bobtails are known for being notably hardy and resilient.

The breed is known for being deeply affectionate with familiar people.

Korean Bobtails form loyal bonds with their families.

The breed is famously curious about its surroundings.

Korean Bobtails are generally quite friendly, including with strangers.

The breed is energetic and enjoys plenty of activity.

Korean Bobtails retain a playful personality throughout their lives.

The breed remains a relatively rare breed outside of Korea.

Korean Bobtails are naturally alert, quick to notice movement nearby.",KOREA,SHORTTAIL,NATURALBREED,ATHLETIC,INDEPENDENT,HARDY,AFFECTIONATE,LOYAL,CURIOUS,FRIENDLY,ENERGETIC,PLAYFUL,RARE,ALERT
Korn Ja,"The Korn Ja originated in Thailand.

A rich copper-brown coat is the defining trait of the breed.

The Korn Ja has a long history referenced in ancient Thai cat manuscripts.

The Korn Ja remains an exceptionally rare breed today.

Korn Ja cats are known for being deeply affectionate with their families.

The breed forms loyal bonds with its family.

Korn Ja cats are considered quite intelligent.

The breed is generally sociable, enjoying close interaction with people.

Korn Ja cats retain a playful personality throughout their lives.

The breed is energetic and enjoys plenty of activity.

Korn Ja cats are generally quite friendly, including with strangers.

The breed is famously curious about its surroundings.

Korn Ja cats form deeply devoted bonds with their owners.

Like several other Thai breeds, the Korn Ja has traditionally been linked to good luck.",THAILAND,COPPER,ANCIENT,RARE,AFFECTIONATE,LOYAL,INTELLIGENT,SOCIABLE,PLAYFUL,ENERGETIC,FRIENDLY,CURIOUS,DEVOTED,GOODLUCK
Kurilian Bobtail,"The Kurilian Bobtail originated in Russia's Kuril Islands.

The breed takes its name from the remote island chain where it developed.

A naturally short, bobbed tail is the defining trait of the breed.

The breed developed naturally rather than through deliberate crossbreeding.

An athletic, muscular build helps the Kurilian Bobtail move confidently in rugged terrain.

The breed is known for an unusual skill and enthusiasm for fishing.

Kurilian Bobtails are known for being notably hardy and resilient.

The breed is considered quite intelligent.

Kurilian Bobtails are known for being deeply affectionate with their families.

The breed forms loyal bonds with its family.

Kurilian Bobtails can show a streak of independence.

The breed retains a playful personality throughout its life.

Kurilian Bobtails are generally quite friendly, including with strangers.

The breed is famously curious about its surroundings.",RUSSIA,ISLANDS,SHORTTAIL,NATURALBREED,ATHLETIC,FISHING,HARDY,INTELLIGENT,AFFECTIONATE,LOYAL,INDEPENDENT,PLAYFUL,FRIENDLY,CURIOUS
Lambkin,"The Lambkin is a hybrid breed combining Munchkin and Selkirk Rex ancestry.

Short legs, inherited from the Munchkin, are a defining trait of the breed.

A soft, curly coat, inherited from the Selkirk Rex, gives the breed its lamb-like look.

The Selkirk Rex side of the Lambkin's ancestry contributed its distinctive curly coat.

The combination of short legs and a curly coat gives the Lambkin a unique appearance.

Lambkins retain a playful personality throughout their lives.

The breed is known for being deeply affectionate with its family.

Lambkins are famously curious about their surroundings.

The breed is generally sociable, enjoying company from people and pets.

Lambkins are generally quite friendly, including with strangers.

The breed is energetic despite its short legs.

The Lambkin remains a relatively rare and newly developed breed.

Lambkins are known for a mischievous, playful streak.

The breed is generally known for a gentle temperament.",HYBRID,SHORTLEGS,CURLYCOAT,SELKIRK,UNIQUE,PLAYFUL,AFFECTIONATE,CURIOUS,SOCIABLE,FRIENDLY,ENERGETIC,RARE,MISCHIEVOUS,GENTLE
LaPerm,"The LaPerm originated in the United States, first appearing on a farm in Oregon.

A soft, curly coat is the defining trait of the LaPerm.

The curly coat arose from a spontaneous natural genetic mutation.

LaPerms are known for being deeply affectionate with their families.

The breed is generally sociable, enjoying close interaction with people.

LaPerms retain a playful personality throughout their lives.

The breed is generally known for a gentle temperament.

LaPerms are famously curious about their surroundings.

The breed is generally quite friendly, including with strangers.

LaPerms are energetic and enjoy interactive play.

The breed forms loyal bonds with its family.

LaPerms are sometimes considered relatively hypoallergenic due to their unique coat.

The breed can be fairly vocal, communicating readily with its owners.

LaPerms are considered quite intelligent.",AMERICA,CURLYCOAT,MUTATION,AFFECTIONATE,SOCIABLE,PLAYFUL,GENTLE,CURIOUS,FRIENDLY,ENERGETIC,LOYAL,HYPOALLERGENIC,VOCAL,INTELLIGENT
Lykoi,"The Lykoi was developed in the United States.

The breed's sparse, patchy coat has earned it the nickname ""werewolf cat.""

A patchy coat with visible skin between hairs is the Lykoi's defining trait.

The breed's unusual coat arose from a spontaneous natural genetic mutation.

The Lykoi's wolf-like appearance makes it a genuinely unique-looking breed.

Lykoi cats are known for being deeply affectionate with their families.

The breed is famously curious about its surroundings.

Lykoi cats are energetic and enjoy interactive play.

The breed retains a playful personality throughout its life.

Lykoi cats are generally sociable, enjoying close interaction with people.

The breed is generally quite friendly, including with strangers.

The Lykoi remains a relatively rare and newly developed breed.

Lykoi cats are considered quite intelligent.

The breed forms loyal bonds with its family.",AMERICA,WOLFLIKE,PATCHYCOAT,MUTATION,UNIQUE,AFFECTIONATE,CURIOUS,ENERGETIC,PLAYFUL,SOCIABLE,FRIENDLY,RARE,INTELLIGENT,LOYAL
Maine Coon,"The Maine Coon is native to the United States, particularly the state of Maine.

The Maine Coon is one of the largest domestic cat breeds.

Tufted ears, resembling those of a lynx, are a signature feature of the breed.

A long, bushy tail helps the Maine Coon stay warm in cold weather.

Despite its large size, the Maine Coon is often called a gentle giant.

Maine Coons are generally known for a friendly, sociable temperament.

The breed is known for being deeply affectionate with its family.

Maine Coons are generally sociable, enjoying company from people and pets.

The breed is considered quite intelligent.

A fluffy, water-resistant coat helps the Maine Coon withstand harsh New England winters.

Maine Coons form loyal bonds with their families.

A muscular, powerful build supports the breed's substantial size.

The breed is known for being notably hardy, well suited to cold climates.

Maine Coons are known for a distinctive chirping sound rather than a typical meow.",AMERICA,LARGEBREED,TUFTEDEARS,BUSHYTAIL,GENTLE,FRIENDLY,AFFECTIONATE,SOCIABLE,INTELLIGENT,FLUFFY,LOYAL,MUSCULAR,HARDY,CHIRPING
Manx,"The Manx originated on the Isle of Man, famous for its naturally absent tail.

The breed developed naturally rather than through deliberate crossbreeding.

A distinctively rounded body shape is characteristic of the Manx.

A sturdy, well-built body is typical of the breed.

Manx cats retain a playful personality throughout their lives.

The breed is known for being deeply affectionate with its family.

Manx cats are considered quite intelligent.

The breed is generally sociable, enjoying company from people and pets.

Manx cats form loyal bonds with their families.

The breed is generally quite friendly, including with strangers.

Manx cats are sometimes described as dog-like in their loyalty and playfulness.

The breed is generally known for a gentle temperament.

Manx cats are famously curious about their surroundings.

Longer hind legs give some Manx cats a distinctive rabbit-like hopping gait.",TAILLESS,NATURALBREED,ROUNDED,STURDY,PLAYFUL,AFFECTIONATE,INTELLIGENT,SOCIABLE,LOYAL,FRIENDLY,DOGLIKE,GENTLE,CURIOUS,HOPPING
Mekong Bobtail,"The Mekong Bobtail was developed in Russia from Southeast Asian ancestry.

A naturally short, kinked or bobbed tail is the defining trait of the breed.

The Mekong Bobtail shares much of its ancestry with the Siamese.

Colorpoint markings, darker on the extremities, are standard for the breed.

Striking blue eyes are a hallmark of the Mekong Bobtail.

The breed is known for being deeply affectionate with its family.

Mekong Bobtails can be fairly vocal, communicating readily with their owners.

The breed forms loyal bonds with its family.

Mekong Bobtails are considered quite intelligent.

The breed is generally sociable, enjoying close interaction with people.

Mekong Bobtails retain a playful personality throughout their lives.

The breed is generally quite friendly, including with strangers.

Mekong Bobtails are famously curious about their surroundings.

The breed remains relatively rare outside of Russia.",RUSSIA,SHORTTAIL,SIAMESE,COLORPOINT,BLUEEYES,AFFECTIONATE,VOCAL,LOYAL,INTELLIGENT,SOCIABLE,PLAYFUL,FRIENDLY,CURIOUS,RARE
Minskin,"The Minskin is a hybrid breed combining Sphynx and Munchkin ancestry.

Short legs, inherited from the Munchkin, are a defining trait of the breed.

Sparse, fine fur covering most of the body distinguishes the Minskin from a fully hairless Sphynx.

The Munchkin side of the Minskin's ancestry contributed its short legs.

The combination of short legs and sparse fur gives the Minskin a genuinely unique appearance.

Minskins retain a playful personality throughout their lives.

The breed is known for being deeply affectionate with its family.

Minskins are famously curious about their surroundings.

The breed is generally sociable, enjoying company from people and pets.

Minskins are generally quite friendly, including with strangers.

The breed is energetic despite its short legs.

The Minskin remains a relatively rare and newly developed breed.

Minskins are known for a mischievous, playful streak.

With sparse fur, Minskins often feel notably warm to the touch.",HYBRID,SHORTLEGS,SPARSEFUR,MUNCHKIN,UNIQUE,PLAYFUL,AFFECTIONATE,CURIOUS,SOCIABLE,FRIENDLY,ENERGETIC,RARE,MISCHIEVOUS,WARMSKIN
Minuet,"The Minuet was developed in the United States.

Short legs, inherited from the Munchkin, are a defining trait of the breed.

Persian ancestry contributed to the Minuet's round face and plush coat.

The Munchkin side of the Minuet's ancestry contributed its short legs.

A distinctively round face is characteristic of the breed.

Minuets are generally known for a gentle temperament.

The breed is known for being deeply affectionate with its family.

Minuets retain a playful personality throughout their lives.

The breed is generally sociable, enjoying company from people and pets.

Minuets are generally quite friendly, including with strangers.

The breed is famously curious about its surroundings.

A sturdy, compact body is typical of the Minuet.

Minuets adapt well to a variety of households.

The Minuet remains a relatively rare and newly developed breed.",AMERICA,SHORTLEGS,PERSIAN,MUNCHKIN,ROUNDFACE,GENTLE,AFFECTIONATE,PLAYFUL,SOCIABLE,FRIENDLY,CURIOUS,STURDY,ADAPTABLE,RARE
Munchkin,"The Munchkin was developed in the United States.

Notably short legs are the defining trait of the Munchkin.

The short-legged trait arose from a spontaneous natural genetic mutation.

Munchkins retain a playful personality throughout their lives.

The breed is known for being deeply affectionate with its family.

Munchkins are famously curious about their surroundings.

The breed is energetic despite its short legs.

Munchkins are generally sociable, enjoying company from people and pets.

The breed is generally quite friendly, including with strangers.

Munchkins form loyal bonds with their families.

The breed is considered quite intelligent.

Munchkins are known for a mischievous, playful streak.

The breed adapts well to a variety of households.

The Munchkin's short legs have made the breed a subject of ongoing controversy among breeders.",AMERICA,SHORTLEGS,MUTATION,PLAYFUL,AFFECTIONATE,CURIOUS,ENERGETIC,SOCIABLE,FRIENDLY,LOYAL,INTELLIGENT,MISCHIEVOUS,ADAPTABLE,CONTROVERSIAL
Nebelung,"The Nebelung was developed in the United States.

A dense blue-gray coat is the defining trait of the Nebelung.

A long, silky coat sets the Nebelung apart from its shorthaired relatives.

Striking green eyes are typical of the Nebelung.

The breed is generally known for a gentle temperament.

Nebelungs are generally quiet, rarely vocalizing without reason.

Nebelungs are known for being deeply affectionate with familiar people.

The breed can be somewhat shy around strangers at first.

Nebelungs form loyal bonds with their families.

The breed forms deeply devoted bonds with its owners once comfortable.

The Nebelung remains a relatively rare breed.

Nebelungs are famously curious once they feel secure in their surroundings.

The breed retains a playful personality with familiar people.

Nebelungs carry themselves with an elegant, graceful bearing.",AMERICA,BLUEGRAY,LONGHAIR,GREENEYES,GENTLE,QUIET,AFFECTIONATE,SHY,LOYAL,DEVOTED,RARE,CURIOUS,PLAYFUL,ELEGANT
Neva Masquerade,"The Neva Masquerade originated in Russia.

The breed is a colorpoint variety closely related to the Siberian cat.

Colorpoint markings, darker on the extremities, are the defining trait of the breed.

Striking blue eyes are typical of the Neva Masquerade.

A long, dense coat is characteristic of the breed.

Like the Siberian, the Neva Masquerade is known for being notably hardy.

Neva Masquerade cats are known for being deeply affectionate with their families.

The breed retains a playful personality throughout its life.

Neva Masquerade cats are generally sociable, enjoying close interaction with people.

The breed is considered quite intelligent.

Neva Masquerade cats form loyal bonds with their families.

The breed is generally quite friendly, including with strangers.

Neva Masquerade cats are famously curious about their surroundings.

The breed is generally known for a gentle temperament.",RUSSIA,SIBERIAN,COLORPOINT,BLUEEYES,LONGHAIR,HARDY,AFFECTIONATE,PLAYFUL,SOCIABLE,INTELLIGENT,LOYAL,FRIENDLY,CURIOUS,GENTLE
Norwegian Forest Cat,"The Norwegian Forest Cat originated in Norway.

A long, dense coat is the defining trait of the breed.

The breed is known for its exceptional climbing ability, aided by strong claws.

Norwegian Forest Cats are known for being notably hardy, well suited to cold climates.

A thick, water-resistant double coat helps the breed withstand harsh Norwegian winters.

A muscular, powerful build supports the breed's substantial size.

Norwegian Forest Cats are generally known for a gentle temperament.

The breed is known for being deeply affectionate with its family.

Norwegian Forest Cats can show a streak of independence.

The breed is generally quite friendly, including with strangers.

Norwegian Forest Cats form loyal bonds with their families.

Tufted ears, resembling those of a lynx, are a signature feature of the breed.

The breed is generally known for great patience, especially with children.

Norwegian Forest Cats appear in Norse mythology and folklore.",NORWAY,LONGHAIR,CLIMBING,HARDY,THICKCOAT,MUSCULAR,GENTLE,AFFECTIONATE,INDEPENDENT,FRIENDLY,LOYAL,TUFTEDEARS,PATIENT,FOLKLORE
Ocicat,"The Ocicat was developed in the United States.

Bold spotted markings are the defining trait of the Ocicat.

Despite having no wild ancestry, the Ocicat was bred to resemble a wild spotted cat.

An athletic, muscular build supports the Ocicat's wild-looking design.

A muscular, powerful frame is typical of the breed.

Ocicats are highly energetic and enjoy plenty of activity.

The breed is considered quite intelligent, often learning to walk on a leash.

Ocicats are known for being deeply affectionate with their families.

The breed is generally sociable, enjoying company from people and pets.

Ocicats retain a playful personality throughout their lives.

The breed is notably trainable, sometimes learning tricks like a dog.

Ocicats form loyal bonds with their families.

The breed is known for a confident, assertive temperament.

Ocicats can be fairly vocal, communicating readily with their owners.",AMERICA,SPOTTED,WILDLOOK,ATHLETIC,MUSCULAR,ENERGETIC,INTELLIGENT,AFFECTIONATE,SOCIABLE,PLAYFUL,TRAINABLE,LOYAL,CONFIDENT,VOCAL
Ojos Azules,"The Ojos Azules was developed in the United States.

The breed's name means ""blue eyes"" in Spanish, describing its defining trait.

The striking blue-eyed trait arose from a spontaneous natural genetic mutation.

The Ojos Azules remains an extremely rare breed today.

Ojos Azules cats are known for being deeply affectionate with their families.

The breed is generally sociable, enjoying close interaction with people.

Ojos Azules cats are famously curious about their surroundings.

The breed retains a playful personality throughout its life.

Ojos Azules cats are generally quite friendly, including with strangers.

The breed is generally known for a gentle temperament.

Ojos Azules cats form loyal bonds with their families.

The breed is energetic and enjoys interactive play.

Ojos Azules cats are considered quite intelligent.

The breed has a medium-sized, well-proportioned body.",AMERICA,BLUEEYES,MUTATION,RARE,AFFECTIONATE,SOCIABLE,CURIOUS,PLAYFUL,FRIENDLY,GENTLE,LOYAL,ENERGETIC,INTELLIGENT,MEDIUMSIZE
Oriental Bicolour,"The Oriental Bicolour was developed largely in the United States and United Kingdom.

The breed shares much of its body type with the Siamese.

A bicolor coat, combining white with another color, is the breed's defining trait.

A slender, elegant body shape is typical of the Oriental Bicolour.

The breed is famously vocal, much like its Siamese relatives.

Oriental Bicolours are known for being deeply affectionate with their families.

The breed is considered highly intelligent.

Oriental Bicolours are generally sociable, enjoying close interaction with people.

The breed retains a playful personality into adulthood.

Oriental Bicolours are energetic and enjoy interactive play.

The breed is famously curious about its surroundings.

Oriental Bicolours are known for being especially chatty with their owners.

The breed carries itself with an elegant, refined bearing.

Oriental Bicolours are generally quite friendly, including with strangers.",AMERICA,SIAMESE,BICOLOR,SLENDER,VOCAL,AFFECTIONATE,INTELLIGENT,SOCIABLE,PLAYFUL,ENERGETIC,CURIOUS,CHATTY,ELEGANT,FRIENDLY
Oriental Longhair,"The Oriental Longhair was developed largely in the United States and United Kingdom.

The breed shares much of its body type with the Siamese.

A slender, elegant body shape is typical of the Oriental Longhair.

A long, silky coat sets the Oriental Longhair apart from its shorthaired relatives.

The breed is famously vocal, much like its Siamese relatives.

Oriental Longhairs are known for being deeply affectionate with their families.

The breed is considered highly intelligent.

Oriental Longhairs are generally sociable, enjoying close interaction with people.

The breed retains a playful personality into adulthood.

Oriental Longhairs are energetic and enjoy interactive play.

The breed is famously curious about its surroundings.

Oriental Longhairs are known for being especially chatty with their owners.

The breed carries itself with an elegant, refined bearing.

Oriental Longhairs are generally quite friendly, including with strangers.",AMERICA,SIAMESE,SLENDER,LONGHAIR,VOCAL,AFFECTIONATE,INTELLIGENT,SOCIABLE,PLAYFUL,ENERGETIC,CURIOUS,CHATTY,ELEGANT,FRIENDLY
Oriental Shorthair,"The Oriental Shorthair was developed largely in the United States and United Kingdom.

The breed shares much of its body type with the Siamese.

A slender, elegant body shape is typical of the Oriental Shorthair.

A short, fine coat is a defining trait of the breed.

The breed is famously vocal, much like its Siamese relatives.

Oriental Shorthairs are known for being deeply affectionate with their families.

The breed is considered highly intelligent.

Oriental Shorthairs are generally sociable, enjoying close interaction with people.

The breed retains a playful personality into adulthood.

Oriental Shorthairs are energetic and enjoy interactive play.

The breed is famously curious about its surroundings.

Oriental Shorthairs are known for being especially chatty with their owners.

The breed carries itself with an elegant, refined bearing.

The Oriental Shorthair is recognized in an unusually large number of coat colors and patterns.",AMERICA,SIAMESE,SLENDER,SHORTCOAT,VOCAL,AFFECTIONATE,INTELLIGENT,SOCIABLE,PLAYFUL,ENERGETIC,CURIOUS,CHATTY,ELEGANT,MANYCOLORS
Persian (Modern),"The Persian traces its ancestry to the region of modern-day Iran.

A long, flowing coat is the defining trait of the Persian.

The modern Persian is bred for an extremely flat face.

Large, round eyes are typical of the breed.

Persians are generally quiet, rarely vocalizing without reason.

The breed is generally known for a gentle temperament.

Persians are known for being deeply affectionate with their families.

The breed is generally calm and even-tempered.

Persians form loyal bonds with their families.

The breed is known for a notably sweet disposition.

Persians are often described as devoted lap cats.

The breed's long coat requires extensive daily grooming.

A Persian's coat is often described as luxurious.

Persians are generally docile, adapting well to a calm household.",IRAN,LONGHAIR,FLATFACE,ROUNDEYES,QUIET,GENTLE,AFFECTIONATE,CALM,LOYAL,SWEET,LAPCAT,GROOMING,LUXURIOUS,DOCILE
Persian (Traditional),"The Persian traces its ancestry to the region of modern-day Iran.

A long, flowing coat is the defining trait of the Persian.

The traditional Persian retains a rounder, less extreme face than its modern counterpart.

A sturdy, well-built body is typical of the breed.

Persians are generally quiet, rarely vocalizing without reason.

The breed is generally known for a gentle temperament.

Persians are known for being deeply affectionate with their families.

The breed is generally calm and even-tempered.

Persians form loyal bonds with their families.

The breed is known for a notably sweet disposition.

Persians are often described as devoted lap cats.

The breed's long coat requires extensive daily grooming.

A Persian's coat is often described as luxurious.

The traditional Persian is often nicknamed the doll-face Persian.",IRAN,LONGHAIR,ROUNDFACE,STURDY,QUIET,GENTLE,AFFECTIONATE,CALM,LOYAL,SWEET,LAPCAT,GROOMING,LUXURIOUS,DOLLFACE
Peterbald,"The Peterbald was developed in Russia.

Many Peterbalds are hairless or have only a fine, sparse coat.

A slender, elegant body shape is typical of the Peterbald.

A distinctive wedge-shaped head is characteristic of the breed.

Peterbalds are known for being deeply affectionate with their families.

The breed is considered highly intelligent.

Peterbalds are generally sociable, enjoying close interaction with people.

The breed can be fairly vocal, communicating readily with its owners.

Peterbalds are famously curious about their surroundings.

The breed retains a playful personality into adulthood.

Peterbalds form loyal bonds with their families.

The breed is generally quite friendly, including with strangers.

With little or no fur, Peterbalds often feel notably warm to the touch.

The breed is energetic and enjoys interactive play.",RUSSIA,HAIRLESS,SLENDER,WEDGEHEAD,AFFECTIONATE,INTELLIGENT,SOCIABLE,VOCAL,CURIOUS,PLAYFUL,LOYAL,FRIENDLY,WARMSKIN,ENERGETIC
Pixie-bob,"The Pixie-bob was developed in the United States.

A naturally short, bobbed tail is a defining trait of the breed.

Many Pixie-bobs carry extra toes, a trait known as polydactyly.

The Pixie-bob was bred to resemble a wild bobcat despite having no wild ancestry.

A muscular, powerful build is typical of the Pixie-bob.

The breed is known for being deeply affectionate with its family.

Pixie-bobs form loyal bonds with their families.

The breed is sometimes described as dog-like in its loyalty and trainability.

Pixie-bobs are considered quite intelligent.

The breed is generally sociable, enjoying company from people and pets.

Pixie-bobs are generally known for a gentle temperament.

The breed is known for a confident, assertive temperament.

Pixie-bobs communicate with a distinctive quiet chirping sound rather than a typical meow.

The breed is generally quite friendly, including with strangers.",AMERICA,BOBTAIL,POLYDACTYL,WILDLOOK,MUSCULAR,AFFECTIONATE,LOYAL,DOGLIKE,INTELLIGENT,SOCIABLE,GENTLE,CONFIDENT,VOCAL,FRIENDLY
Raas,"The Raas hails from Raas Island in Indonesia.

A short, close-lying coat is typical of the breed.

A slender, athletic body shape is characteristic of the Raas.

The breed developed naturally on its home island rather than through deliberate crossbreeding.

Raas cats are known for being deeply affectionate with their families.

The breed is considered quite intelligent.

Raas cats are generally sociable, enjoying close interaction with people.

The breed retains a playful personality throughout its life.

Raas cats are famously curious about their surroundings.

The breed forms loyal bonds with its family.

Raas cats are generally quite friendly, including with strangers.

The breed is energetic and enjoys interactive play.

Raas cats adapt well to a variety of households.

The Raas remains a rare breed outside of Indonesia.",INDONESIA,SHORTHAIR,SLENDER,NATURALBREED,AFFECTIONATE,INTELLIGENT,SOCIABLE,PLAYFUL,CURIOUS,LOYAL,FRIENDLY,ENERGETIC,ADAPTABLE,RARE
Ragamuffin,"The Ragamuffin was developed in the United States.

A long, plush coat is a defining trait of the Ragamuffin.

The Ragamuffin is one of the larger domestic cat breeds.

The breed is generally known for a gentle temperament.

Ragamuffins are known for being deeply affectionate with their families.

The breed is generally calm and even-tempered.

Ragamuffins are known for being remarkably docile.

The breed is often described as a devoted lap cat.

Ragamuffins form loyal bonds with their families.

The breed is known for a notably sweet disposition.

Ragamuffins are generally known for great patience, especially with children.

The breed is generally sociable, enjoying company from people and pets.

Ragamuffins are generally quite friendly, including with strangers.

A Ragamuffin's coat is often described as soft and plush.",AMERICA,LONGHAIR,LARGEBREED,GENTLE,AFFECTIONATE,CALM,DOCILE,LAPCAT,LOYAL,SWEET,PATIENT,SOCIABLE,FRIENDLY,PLUSHCOAT
Ragdoll,"The Ragdoll was developed in the United States.

The Ragdoll is one of the larger domestic cat breeds.

Colorpoint markings, darker on the extremities, are standard for the breed.

Striking blue eyes are a hallmark of the Ragdoll.

The breed is generally known for a gentle temperament.

Ragdolls are known for being deeply affectionate with their families.

The breed is generally calm and even-tempered.

Ragdolls are known for being remarkably docile.

The breed is often described as a devoted lap cat.

Ragdolls form loyal bonds with their families.

The breed's name comes from its tendency to go limp and floppy when picked up.

Ragdolls are generally known for great patience, especially with children.

The breed is generally sociable, enjoying company from people and pets.

Ragdolls are generally quite friendly, including with strangers.",AMERICA,LARGEBREED,COLORPOINT,BLUEEYES,GENTLE,AFFECTIONATE,CALM,DOCILE,LAPCAT,LOYAL,FLOPPY,PATIENT,SOCIABLE,FRIENDLY
Russian Blue,"The Russian Blue traces its ancestry to the port of Arkhangelsk in Russia.

A dense, silvery-blue coat is the defining trait of the Russian Blue.

Striking green eyes are typical of the breed.

A slender, fine-boned body is characteristic of the Russian Blue.

Russian Blues are generally quiet, rarely vocalizing without reason.

The breed is generally known for a gentle temperament.

Russian Blues are known for being deeply affectionate with familiar people.

The breed can be somewhat shy around strangers at first.

Russian Blues form loyal bonds with their families.

The breed is considered quite intelligent.

Russian Blues are often described as reserved until they feel comfortable.

The breed retains a playful personality with familiar people.

A Russian Blue's coat is often described as soft and plush.

The breed forms deeply devoted bonds with its owners once comfortable.",RUSSIA,BLUECOAT,GREENEYES,SLENDER,QUIET,GENTLE,AFFECTIONATE,SHY,LOYAL,INTELLIGENT,RESERVED,PLAYFUL,PLUSHCOAT,DEVOTED
Russian White,"The Russian White shares its ancestry with the Russian Blue from Arkhangelsk, Russia.

A dense, pure white coat is the defining trait of the Russian White.

Striking green eyes are typical of the breed.

A slender, fine-boned body is characteristic of the Russian White.

Russian Whites are generally quiet, rarely vocalizing without reason.

The breed is generally known for a gentle temperament.

Russian Whites are known for being deeply affectionate with their families.

The breed forms loyal bonds with its family.

Russian Whites are considered quite intelligent.

The breed retains a playful personality throughout its life.

Russian Whites are generally sociable, enjoying company from people and pets.

The breed is generally quite friendly, including with strangers.

Russian Whites are famously curious about their surroundings.

The breed remains relatively rare outside of Russia.",RUSSIA,WHITECOAT,GREENEYES,SLENDER,QUIET,GENTLE,AFFECTIONATE,LOYAL,INTELLIGENT,PLAYFUL,SOCIABLE,FRIENDLY,CURIOUS,RARE
Sam Sawet,"The Sam Sawet originated in Thailand.

A solid black coat was the traditional hallmark of the Sam Sawet in old Thai folklore.

The breed remains extremely rare, even within its native Thailand.

A slender, athletic body shape is characteristic of the Sam Sawet.

Sam Sawet cats are known for being deeply affectionate with their families.

The breed is considered quite intelligent.

Sam Sawet cats are generally sociable, enjoying close interaction with people.

The breed is famously curious about its surroundings.

Sam Sawet cats retain a playful personality throughout their lives.

The breed forms loyal bonds with its family.

Sam Sawet cats are generally quite friendly, including with strangers.

The breed is energetic and enjoys interactive play.

Striking green eyes are typical of the Sam Sawet.

The breed is naturally alert, quick to notice movement nearby.",THAILAND,BLACKCOAT,RARE,SLENDER,AFFECTIONATE,INTELLIGENT,SOCIABLE,CURIOUS,PLAYFUL,LOYAL,FRIENDLY,ENERGETIC,GREENEYES,ALERT
Savannah,"The Savannah is a hybrid breed developed by crossing domestic cats with the serval.

The serval, a wild African feline, is the Savannah's wild ancestor.

The Savannah is notably tall, among the tallest domestic cat breeds.

An athletic, long-legged build reflects the breed's wild heritage.

Savannahs are highly energetic and require substantial daily activity.

The breed is considered quite intelligent, often learning to open doors or fetch.

Savannahs are known for a confident, assertive temperament.

The breed is known for being deeply affectionate with its family.

Savannahs form loyal bonds with their families, sometimes following them like a dog.

The breed is famously curious about its surroundings.

Savannahs can be fairly vocal, using a range of distinct sounds.

A muscular, powerful frame is typical of the Savannah.

The breed retains a playful personality throughout its life.

The Savannah's striking, wild-looking spotted coat sets it apart visually.",HYBRID,SERVAL,TALL,ATHLETIC,ENERGETIC,INTELLIGENT,CONFIDENT,AFFECTIONATE,LOYAL,CURIOUS,VOCAL,MUSCULAR,PLAYFUL,STRIKING
Scottish Fold,"The Scottish Fold originated in Scotland.

Distinctively folded ears are the defining trait of the Scottish Fold.

The folded ear trait arose from a spontaneous natural genetic mutation.

A distinctively round face is characteristic of the breed.

Scottish Folds are generally known for a gentle temperament.

The breed is known for being deeply affectionate with its family.

Scottish Folds are generally known for a calm disposition.

The breed adapts well to a variety of households.

Scottish Folds form loyal bonds with their families.

The breed is known for a notably sweet disposition.

Scottish Folds retain a playful personality throughout their lives.

The breed is generally sociable, enjoying company from people and pets.

Scottish Folds are generally quite friendly, including with strangers.

The folded ears combined with round eyes give the breed an owl-like expression.",SCOTLAND,FOLDEDEARS,MUTATION,ROUNDFACE,GENTLE,AFFECTIONATE,CALM,ADAPTABLE,LOYAL,SWEET,PLAYFUL,SOCIABLE,FRIENDLY,OWLLIKE
Selkirk Rex,"The Selkirk Rex originated in the United States.

A soft, curly coat is the defining trait of the Selkirk Rex.

The curly coat arose from a spontaneous natural genetic mutation.

A sturdy, well-built body is characteristic of the breed.

Selkirk Rex cats are generally known for a gentle temperament.

The breed is known for being deeply affectionate with its family.

Selkirk Rex cats are generally known for great patience, especially with children.

The breed is generally sociable, enjoying company from people and pets.

Selkirk Rex cats retain a playful personality throughout their lives.

The breed is generally known for a calm disposition.

Selkirk Rex cats form loyal bonds with their families.

The breed is generally quite friendly, including with strangers.

The Selkirk Rex's curly coat and round face give it a teddy-bear-like look.

The breed is known for being easygoing and low-maintenance in personality.",AMERICA,CURLYCOAT,MUTATION,STURDY,GENTLE,AFFECTIONATE,PATIENT,SOCIABLE,PLAYFUL,CALM,LOYAL,FRIENDLY,TEDDYBEAR,EASYGOING
Serengeti,"The Serengeti was developed in the United States.

Bold spotted markings are the defining trait of the Serengeti.

The breed is notably tall, with long legs reflecting a wild-looking design.

An athletic, lean build reflects the breed's design inspiration.

Serengetis are highly energetic and enjoy plenty of activity.

The breed is known for being deeply affectionate with its family.

Serengetis can be fairly vocal, using a range of distinct sounds.

The breed is known for a confident, assertive temperament.

Serengetis are famously curious about their surroundings.

The breed retains a playful personality throughout its life.

A muscular, athletic frame is typical of the Serengeti.

Serengetis are generally quite friendly, including with strangers.

The breed's striking, wild-looking coat pattern draws comparisons to an African serval.

Serengetis are considered quite intelligent.",AMERICA,SPOTTED,TALL,ATHLETIC,ENERGETIC,AFFECTIONATE,VOCAL,CONFIDENT,CURIOUS,PLAYFUL,MUSCULAR,FRIENDLY,STRIKING,INTELLIGENT
Siamese,"The Siamese traces its ancestry to Thailand, formerly known as Siam.

Colorpoint markings, darker on the face, ears, legs, and tail, define the breed.

Striking blue eyes are a hallmark of the Siamese.

A slender, elegant body shape is typical of the breed.

The Siamese is famously one of the most vocal cat breeds.

Siamese cats are known for being deeply affectionate with their families.

The breed is considered highly intelligent.

Siamese cats are generally sociable, often following their owners from room to room.

The breed is known for being especially chatty with its owners.

Siamese cats form loyal bonds with their families.

The breed is energetic and enjoys interactive play.

Siamese cats are famously curious about their surroundings.

The breed carries itself with an elegant, refined bearing.

The Siamese is considered one of the oldest recognized cat breeds.",THAILAND,COLORPOINT,BLUEEYES,SLENDER,VOCAL,AFFECTIONATE,INTELLIGENT,SOCIABLE,CHATTY,LOYAL,ENERGETIC,CURIOUS,ELEGANT,ANCIENT
Siberian,"The Siberian originated in Russia.

A long, dense triple coat is characteristic of the breed.

Siberians are known for being notably hardy, well suited to cold climates.

A muscular, powerful build supports the breed's substantial size.

The breed is an excellent climber, aided by strong hind legs.

Siberians are known for being deeply affectionate with their families.

The breed forms loyal bonds with its family.

Siberians retain a playful personality throughout their lives.

The breed is considered quite intelligent.

Siberians are generally sociable, enjoying company from people and pets.

The breed is known for a confident, assertive temperament.

Siberians are generally quite friendly, including with strangers.

A thick, water-resistant coat helps the breed withstand harsh winters.

The breed shows an unusual willingness to be around water.",RUSSIA,LONGHAIR,HARDY,MUSCULAR,CLIMBING,AFFECTIONATE,LOYAL,PLAYFUL,INTELLIGENT,SOCIABLE,CONFIDENT,FRIENDLY,THICKCOAT,SWIMMER
Singapura,"The Singapura originated in Singapore, from which it takes its name.

The Singapura is recognized as one of the smallest domestic cat breeds.

A distinctive ticked coat, with each hair banded in multiple colors, defines the breed.

Large, expressive eyes are a signature feature of the Singapura.

Singapuras are known for being deeply affectionate with their families.

The breed is famously curious about its surroundings.

Singapuras retain a playful personality throughout their lives.

The breed is energetic despite its small size.

Singapuras are generally sociable, enjoying company from people and pets.

The breed forms loyal bonds with its family.

Singapuras are generally quite friendly, including with strangers.

The breed is naturally alert, quick to notice activity nearby.

Singapuras are considered quite intelligent.

A compact, muscular body belies the breed's small overall size.",SINGAPORE,SMALLEST,TICKEDCOAT,BIGEYES,AFFECTIONATE,CURIOUS,PLAYFUL,ENERGETIC,SOCIABLE,LOYAL,FRIENDLY,ALERT,INTELLIGENT,COMPACT
Snowshoe,"The Snowshoe was developed in the United States.

The breed shares much of its ancestry with the Siamese.

White ""snowshoe"" markings on the paws give the breed its name.

Colorpoint markings, darker on the extremities, are standard for the breed.

Striking blue eyes are a hallmark of the Snowshoe.

Snowshoes are known for being deeply affectionate with their families.

The breed can be fairly vocal, communicating readily with its owners.

Snowshoes are generally sociable, enjoying close interaction with people.

The breed is considered quite intelligent.

Snowshoes retain a playful personality throughout their lives.

The breed forms loyal bonds with its family.

Snowshoes are generally quite friendly, including with strangers.

The breed is famously curious about its surroundings.

Snowshoes are energetic and enjoy interactive play.",AMERICA,SIAMESE,WHITEPAWS,COLORPOINT,BLUEEYES,AFFECTIONATE,VOCAL,SOCIABLE,INTELLIGENT,PLAYFUL,LOYAL,FRIENDLY,CURIOUS,ENERGETIC
Sokoke,"The Sokoke originated in the Sokoke Forest region of Kenya.

The breed developed naturally in the wild rather than through deliberate crossbreeding.

A distinctive tabby pattern resembling tree bark markings is typical of the Sokoke.

A slender, athletic body shape is characteristic of the breed.

An athletic build reflects the breed's wild forest origins.

Sokoke cats can show a notable streak of independence.

The breed is energetic and enjoys climbing and exploring.

Sokoke cats are known for being affectionate with familiar people.

The breed forms loyal bonds with its family once settled.

Sokoke cats are famously curious about their surroundings.

The Sokoke remains a rare breed outside of Kenya.

The breed is naturally alert, quick to notice movement nearby.

Sokoke cats are considered quite intelligent.

The breed can be fairly vocal, using a range of distinct sounds.",KENYA,NATURALBREED,TABBY,SLENDER,ATHLETIC,INDEPENDENT,ENERGETIC,AFFECTIONATE,LOYAL,CURIOUS,RARE,ALERT,INTELLIGENT,VOCAL
Somali,"The Somali's name references Somalia, reflecting its geographic link to the Abyssinian.

A long, plush coat sets the Somali apart from its shorthaired Abyssinian relative.

The Somali shares most of its ancestry with the Abyssinian.

A distinctive ticked coat, with each hair banded in multiple colors, defines the breed.

The breed is highly energetic, rarely content to sit still for long.

Somalis are known for being deeply affectionate with their families.

The breed is considered quite intelligent, often learning to open doors or cabinets.

Somalis retain a playful personality throughout their lives.

The breed is famously curious, often investigating every corner of its home.

Somalis are generally sociable, enjoying company from people and pets.

An athletic, muscular build suits the breed's active lifestyle.

The breed is generally quite friendly, including with strangers.

Somalis can be fairly vocal, communicating readily with their owners.

The breed's bushy tail and pointed features give it a fox-like appearance.",SOMALIA,LONGHAIR,ABYSSINIAN,TICKEDCOAT,ENERGETIC,AFFECTIONATE,INTELLIGENT,PLAYFUL,CURIOUS,SOCIABLE,ATHLETIC,FRIENDLY,VOCAL,FOXLIKE
Sphynx,"The Sphynx was developed in Canada.

The Sphynx is famously hairless, its most recognizable trait.

Loose, wrinkled skin is characteristic of the Sphynx.

The hairless trait arose from a spontaneous natural genetic mutation.

Sphynx cats are known for being deeply affectionate with their families.

The breed is highly energetic and enjoys vigorous play.

Sphynx cats are generally sociable, enjoying close interaction with people.

Without fur, Sphynx cats often feel notably warm to the touch.

The breed is famously curious about its surroundings.

Sphynx cats are known for a mischievous, playful streak.

The breed is generally quite friendly, including with strangers.

Sphynx cats are considered quite intelligent.

The breed can be fairly vocal, communicating readily with its owners.

Sphynx cats require regular skin care, including bathing, due to their lack of fur.",CANADA,HAIRLESS,WRINKLES,MUTATION,AFFECTIONATE,ENERGETIC,SOCIABLE,WARMSKIN,CURIOUS,MISCHIEVOUS,FRIENDLY,INTELLIGENT,VOCAL,GROOMING
Suphalak,"The Suphalak originated in Thailand.

A solid copper-brown coat is the defining trait of the Suphalak.

The breed remains extremely rare, even within its native Thailand.

A muscular, well-built body is characteristic of the Suphalak.

Suphalak cats are known for being deeply affectionate with their families.

The breed forms loyal bonds with its family.

Suphalak cats are considered quite intelligent.

The breed can be fairly vocal, communicating readily with its owners.

Suphalak cats are famously curious about their surroundings.

The breed retains a playful personality throughout its life.

Suphalak cats are generally sociable, enjoying close interaction with people.

The breed is generally quite friendly, including with strangers.

Suphalak cats are naturally alert, quick to notice movement nearby.

The breed is referenced in old Thai manuscripts describing native cat varieties.",THAILAND,COPPERCOAT,RARE,MUSCULAR,AFFECTIONATE,LOYAL,INTELLIGENT,VOCAL,CURIOUS,PLAYFUL,SOCIABLE,FRIENDLY,ALERT,ANCIENT
Thai,"The Thai originated in Thailand, tracing back to older native Siamese-type cats.

Colorpoint markings, darker on the extremities, define the breed.

Striking blue eyes are a hallmark of the Thai.

A slender but sturdier body shape distinguishes the Thai from the modern Siamese.

The breed is famously vocal, much like its Siamese relatives.

Thai cats are known for being deeply affectionate with their families.

The breed is considered highly intelligent.

Thai cats are generally sociable, often following their owners from room to room.

The breed forms loyal bonds with its family.

Thai cats retain a playful personality throughout their lives.

The breed is famously curious about its surroundings.

Thai cats are energetic and enjoy interactive play.

The breed is known for being especially chatty with its owners.

The Thai preserves a body type closer to older, traditional Siamese cats.",THAILAND,COLORPOINT,BLUEEYES,SLENDER,VOCAL,AFFECTIONATE,INTELLIGENT,SOCIABLE,LOYAL,PLAYFUL,CURIOUS,ENERGETIC,CHATTY,ANCIENT
Thai Lilac Point,"The Thai Lilac Point originated in Thailand.

A pale, frosty lilac point coloring distinguishes this variety from other Thai cats.

Colorpoint markings, darker on the extremities, are standard for the breed.

Striking blue eyes are a hallmark of the Thai Lilac Point.

A slender but sturdy body shape is typical of the breed.

The breed is famously vocal, much like its Siamese relatives.

Thai Lilac Point cats are known for being deeply affectionate with their families.

The breed is considered highly intelligent.

Thai Lilac Point cats are generally sociable, enjoying close interaction with people.

The breed retains a playful personality throughout its life.

Thai Lilac Point cats form loyal bonds with their families.

The breed is famously curious about its surroundings.

Thai Lilac Point cats are known for being especially chatty with their owners.

The breed remains relatively rare compared to more common point colors.",THAILAND,LILACCOAT,COLORPOINT,BLUEEYES,SLENDER,VOCAL,AFFECTIONATE,INTELLIGENT,SOCIABLE,PLAYFUL,LOYAL,CURIOUS,CHATTY,RARE
Tiffanie,"The Tiffanie was developed in the United Kingdom.

The breed shares much of its body type with the Burmese and Burmilla.

A semi-long, silky coat is characteristic of the Tiffanie.

The coat is notably soft and smooth to the touch.

Tiffanies are known for being deeply affectionate with their families.

The breed is generally sociable, enjoying company from people and pets.

Tiffanies retain a playful personality throughout their lives.

The breed is generally known for a gentle temperament.

Striking green eyes are common in the breed.

Tiffanies are generally quite friendly, including with strangers.

The breed is famously curious about its surroundings.

Tiffanies can be fairly vocal, though generally less so than a Siamese.

The breed carries itself with an elegant bearing.

The Tiffanie remains a relatively rare breed.",BRITAIN,BURMESE,SEMILONGHAIR,SILKY,AFFECTIONATE,SOCIABLE,PLAYFUL,GENTLE,GREENEYES,FRIENDLY,CURIOUS,VOCAL,ELEGANT,RARE
Tonkinese,"The Tonkinese was developed largely in Canada.

The Burmese contributed much of the Tonkinese's compact, muscular body type.

The Siamese contributed much of the Tonkinese's coloring and vocal nature.

Striking aqua or blue-green eyes are a hallmark of the Tonkinese.

Tonkinese cats are known for being deeply affectionate with their families.

The breed is generally sociable, often following its owner from room to room.

The breed can be fairly vocal, communicating readily with its owners.

Tonkinese cats retain a playful personality throughout their lives.

The breed is considered quite intelligent.

Tonkinese cats are energetic and enjoy interactive play.

The breed is famously curious about its surroundings.

Tonkinese cats form loyal bonds with their families.

The breed is generally quite friendly, including with strangers.

Tonkinese cats are known for a mischievous, playful streak.",CANADA,BURMESE,SIAMESE,AQUAEYES,AFFECTIONATE,SOCIABLE,VOCAL,PLAYFUL,INTELLIGENT,ENERGETIC,CURIOUS,LOYAL,FRIENDLY,MISCHIEVOUS
Toybob,"The Toybob originated in Russia.

The Toybob is recognized as one of the smallest domestic cat breeds.

A naturally short, bobbed tail is a defining trait of the breed.

A compact, small-boned body is characteristic of the Toybob.

Toybobs are known for being deeply affectionate with their families.

The breed is generally sociable, enjoying close interaction with people.

Toybobs retain a playful personality throughout their lives.

The breed is famously curious about its surroundings.

Toybobs are generally quite friendly, including with strangers.

The breed forms loyal bonds with its family.

Toybobs are energetic despite their small size.

The breed is considered quite intelligent.

The Toybob remains a rare breed outside of Russia.

Toybobs are naturally alert, quick to notice activity nearby.",RUSSIA,SMALLEST,SHORTTAIL,COMPACT,AFFECTIONATE,SOCIABLE,PLAYFUL,CURIOUS,FRIENDLY,LOYAL,ENERGETIC,INTELLIGENT,RARE,ALERT
Toyger,"The Toyger was developed in the United States.

Bold striped markings, rather than spots, define the breed's coat.

The Toyger was deliberately bred to resemble a miniature tiger.

A muscular, powerful build supports the breed's tiger-like design.

An athletic frame reflects the breed's active nature.

Toygers are known for being deeply affectionate with their families.

The breed is highly energetic and enjoys plenty of activity.

Toygers retain a playful personality throughout their lives.

The breed is generally sociable, enjoying company from people and pets.

The breed is known for a confident, assertive temperament.

Toygers are famously curious about their surroundings.

The breed is generally quite friendly, including with strangers.

Toygers are considered quite intelligent.

The breed can be fairly vocal, communicating readily with its owners.",AMERICA,STRIPED,TIGERLOOK,MUSCULAR,ATHLETIC,AFFECTIONATE,ENERGETIC,PLAYFUL,SOCIABLE,CONFIDENT,CURIOUS,FRIENDLY,INTELLIGENT,VOCAL
Turkish Angora,"The Turkish Angora originated in the Ankara region of Turkey.

A long, silky coat is the defining trait of the Turkish Angora.

The coat has a notably fine, flowing texture with minimal undercoat.

The Turkish Angora is considered one of the oldest natural cat breeds.

Turkish Angoras are known for being deeply affectionate with their families.

The breed is considered quite intelligent, often learning to open doors or cabinets.

Turkish Angoras are highly energetic and enjoy plenty of activity.

The breed retains a playful personality well into adulthood.

Turkish Angoras can be fairly vocal, communicating readily with their owners.

The breed forms loyal bonds with its family.

Turkish Angoras are famously curious about their surroundings.

The breed is generally sociable, enjoying company from people and pets.

Turkish Angoras are generally quite friendly, including with strangers.

The breed moves with a naturally graceful, elegant gait.",TURKEY,LONGHAIR,SILKY,ANCIENT,AFFECTIONATE,INTELLIGENT,ENERGETIC,PLAYFUL,VOCAL,LOYAL,CURIOUS,SOCIABLE,FRIENDLY,GRACEFUL
Turkish Van,"The Turkish Van originated in the Lake Van region of Turkey.

The breed is famously fond of water and known for its willingness to swim.

A predominantly white coat with color confined to the head and tail is standard for the breed.

The Turkish Van developed naturally over centuries in its native region.

Turkish Vans are known for being deeply affectionate with their families.

The breed is highly energetic and enjoys vigorous activity.

The breed is considered quite intelligent.

Turkish Vans form loyal bonds with their families.

The breed is famously curious about its surroundings.

Turkish Vans can be fairly vocal, communicating readily with their owners.

The breed retains a playful personality throughout its life.

An athletic, muscular build supports the breed's active lifestyle.

Turkish Vans are known for a confident, assertive temperament.

The breed is generally quite friendly, including with strangers.",TURKEY,SWIMMER,BICOLOR,NATURALBREED,AFFECTIONATE,ENERGETIC,INTELLIGENT,LOYAL,CURIOUS,VOCAL,PLAYFUL,ATHLETIC,CONFIDENT,FRIENDLY
Ukrainian Levkoy,"The Ukrainian Levkoy was developed in Ukraine.

The breed is largely hairless, similar in appearance to the Sphynx.

Folded ears are a distinctive trait of the Ukrainian Levkoy.

Loose, wrinkled skin is characteristic of the breed.

Ukrainian Levkoys are known for being deeply affectionate with their families.

The breed is generally sociable, enjoying close interaction with people.

Ukrainian Levkoys retain a playful personality throughout their lives.

The breed is famously curious about its surroundings.

Without fur, Ukrainian Levkoys often feel notably warm to the touch.

The breed is considered quite intelligent.

Ukrainian Levkoys are generally quite friendly, including with strangers.

The breed remains a rare breed outside of Ukraine.

Ukrainian Levkoys form loyal bonds with their families.

The breed requires regular skin care due to its lack of fur.",UKRAINE,HAIRLESS,FOLDEDEARS,WRINKLES,AFFECTIONATE,SOCIABLE,PLAYFUL,CURIOUS,WARMSKIN,INTELLIGENT,FRIENDLY,RARE,LOYAL,GROOMING
York Chocolate,"The York Chocolate originated in New York in the United States.

A rich, solid chocolate-brown coat is the defining trait of the breed.

A semi-long, silky coat is characteristic of the York Chocolate.

York Chocolates are known for being deeply affectionate with their families.

The breed is generally sociable, enjoying company from people and pets.

York Chocolates retain a playful personality throughout their lives.

The breed is famously curious about its surroundings.

York Chocolates form loyal bonds with their families.

The breed is generally quite friendly, including with strangers.

York Chocolates are generally known for a gentle temperament.

The breed is considered quite intelligent.

The York Chocolate remains a rare breed today.

York Chocolates can be fairly vocal, communicating readily with their owners.

The breed adapts well to a variety of households.",AMERICA,CHOCOLATECOAT,SEMILONGHAIR,AFFECTIONATE,SOCIABLE,PLAYFUL,CURIOUS,LOYAL,FRIENDLY,GENTLE,INTELLIGENT,RARE,VOCAL,ADAPTABLE
