Title,Trivia,Words
Afghan Hound,"The Afghan Hound is a sighthound with a long history as a hunting dog.

The breed originated in the mountainous terrain of Afghanistan.

The Afghan Hound's long, flowing coat is one of its most recognizable features.

The breed is considered one of the oldest sighthound breeds still in existence.

Afghan Hounds are known for a somewhat aloof, independent personality.

The breed's coat likely developed to help protect it from harsh mountainous climates.

Afghan Hounds are known for their independent, sometimes stubborn streak.

The breed carries itself with a naturally elegant, regal bearing.

The Afghan Hound's dramatic coat has made it a popular and glamorous show dog.

Despite its glamorous look, the breed was originally built for speed while hunting.

The Afghan Hound's long coat requires extensive, regular grooming.

The breed is known for a calm, dignified demeanor.

An athletic build lies beneath the Afghan Hound's flowing coat.

Afghan Hounds remain a striking and popular breed in conformation dog shows.",SIGHTHOUND,AFGHANISTAN,FLOWINGCOAT,ANCIENT,ALOOF,MOUNTAINOUS,INDEPENDENT,ELEGANT,GLAMOROUS,SPEED,GROOMING,DIGNIFIED,ATHLETIC,SHOWDOG
Airedale Terrier,"The Airedale Terrier originated in England, named after the Aire River valley.

The Airedale is considered the largest of the terrier breeds.

The breed is known for a confident, self-assured personality.

A dense, wiry coat is characteristic of the Airedale Terrier.

Airedales were historically used for a wide range of jobs, from hunting to guarding.

The breed is considered highly intelligent.

A bearded muzzle is a distinctive feature of the Airedale's face.

An athletic build supports the Airedale's history of varied working roles.

Airedale Terriers form loyal bonds with their families.

The breed is generally trainable, especially with an experienced handler.

Airedales were historically valued for their fearless nature in the field.

A sturdy, well-proportioned frame reflects the breed's versatile working history.

The breed is naturally alert, quick to notice activity nearby.

Airedales were also used for retrieving during hunts, adding to their versatility.",ENGLAND,LARGEST,CONFIDENT,WIRYCOAT,VERSATILE,INTELLIGENT,BEARDED,ATHLETIC,LOYAL,TRAINABLE,FEARLESS,STURDY,ALERT,RETRIEVING
Akita,"The Akita is a spitz-type breed that originated in Japan.

The breed is renowned for its profound loyalty to its owner.

Akitas carry themselves with a naturally dignified, composed bearing.

Like other spitz breeds, the Akita has a thick coat and curled tail.

A tightly curled tail is a signature feature of the Akita's appearance.

Akitas can be independent-minded, requiring a confident, consistent owner.

The breed has a strong protective instinct toward its family.

The famous dog Hachiko, known for his devotion, was an Akita.

Akitas are known for a bold, confident temperament.

A thick double coat helps the Akita withstand cold Japanese winters.

The breed is naturally alert and watchful of its surroundings.

Akitas tend to be reserved, even aloof, with unfamiliar people.

Akitas possess considerable physical strength for their size.

The breed's story with Hachiko highlights its legendary devotion.",JAPAN,LOYAL,DIGNIFIED,SPITZ,CURLEDTAIL,INDEPENDENT,PROTECTIVE,HACHIKO,BOLD,THICKCOAT,ALERT,RESERVED,STRONG,DEVOTED
Alaskan Malamute,"Alaskan Malamutes were bred as sled dogs to haul heavy freight over long distances.

The breed originated in Alaska, developed by the Inupiaq people.

A thick double coat helps Malamutes withstand extremely cold arctic conditions.

Malamutes are known for remarkable endurance during long hauling expeditions.

The breed was specifically developed to pull heavy freight rather than race for speed.

Historically, Malamutes worked together as a pack to haul heavy sleds.

Alaskan Malamutes possess considerable physical strength for their size.

An athletic, powerful build supports the breed's freight-hauling heritage.

Despite their working background, Malamutes are typically quite friendly.

The breed's impressive stamina made it valuable for demanding polar expeditions.

Like Huskies, Malamutes are known for howling rather than frequent barking.

Alaskan Malamutes can be independent-minded, reflecting their working heritage.

The breed remains a capable working dog for pulling and hauling tasks.

Malamutes carry themselves with a dignified, confident bearing.",SLEDDOG,ALASKA,THICKCOAT,ENDURANCE,FREIGHT,PACKDOG,STRONG,ATHLETIC,FRIENDLY,STAMINA,HOWLING,INDEPENDENT,WORKINGDOG,DIGNIFIED
American Eskimo Dog,"The American Eskimo Dog was developed in the United States from European spitz breeds.

The breed is classified as a spitz-type dog.

A pure white coat is standard for the breed.

American Eskimo Dogs were once popular performers in traveling circus acts.

The breed is considered quite intelligent, often excelling in trick training.

American Eskimo Dogs are naturally alert, quick to notice activity nearby.

The breed is energetic and benefits from regular exercise.

American Eskimo Dogs are generally quite trainable.

A thick, fluffy coat is one of the breed's most recognizable features.

The breed forms deeply loyal bonds with its family.

American Eskimo Dogs can be fairly vocal watchdogs.

The breed is generally friendly, especially once well socialized.

Like other spitz breeds, the American Eskimo Dog has a tightly curled tail.

American Eskimo Dogs are known for a lively, spirited personality.",AMERICA,SPITZ,WHITECOAT,CIRCUS,INTELLIGENT,ALERT,ENERGETIC,TRAINABLE,FLUFFY,LOYAL,VOCAL,FRIENDLY,CURLEDTAIL,LIVELY
American Staffordshire Terrier,"The American Staffordshire Terrier traces its roots to bull-and-terrier breeds from England.

A muscular, powerful build defines the breed's compact, athletic frame.

American Staffordshire Terriers are known for a confident, assured temperament.

The breed forms deeply loyal bonds with its family.

American Staffordshire Terriers possess considerable physical strength for their size.

With proper socialization, the breed can make an affectionate family dog.

American Staffordshire Terriers are generally trainable, especially with consistent methods.

The breed is energetic and benefits from regular exercise.

American Staffordshire Terriers are often deeply affectionate with their families.

The breed has historically been described as courageous and tenacious.

A sturdy, well-muscled frame reflects the breed's terrier heritage.

Despite their strength, American Staffordshire Terriers often retain a playful side.

The breed is known for being determined once focused on a task.

A short, smooth coat requires minimal grooming.",ENGLAND,MUSCULAR,CONFIDENT,LOYAL,STRONG,FAMILYDOG,TRAINABLE,ENERGETIC,AFFECTIONATE,COURAGEOUS,STURDY,PLAYFUL,DETERMINED,SHORTCOAT
Anatolian Shepherd,"The Anatolian Shepherd Dog originated in Turkey, historically guarding livestock.

The breed was developed specifically as a livestock guardian rather than a herder.

Anatolian Shepherds are known for their independent working style, guarding flocks unsupervised.

The breed is classified as a large dog, with a powerful, imposing build.

The Anatolian Shepherd is considered one of the older livestock guardian breeds.

The breed is naturally protective of the flock or family in its care.

Anatolian Shepherds are highly alert, quick to notice potential threats.

The breed forms loyal bonds with the flock or family it guards.

Anatolian Shepherds were historically valued for their fearless confrontations with predators.

A sturdy, muscular frame supports the breed's demanding guardian role.

Despite their protective instincts, Anatolian Shepherds can be calm when not threatened.

The breed tends to be reserved, even aloof, with unfamiliar people.

A powerful, muscular build helps the Anatolian Shepherd confront large predators.

The breed has notable endurance, historically working long hours guarding livestock.",TURKEY,GUARDIAN,INDEPENDENT,LARGEBREED,ANCIENT,PROTECTIVE,ALERT,LOYAL,FEARLESS,STURDY,CALM,RESERVED,MUSCULAR,ENDURANCE
Australian Cattle Dog,"The Australian Cattle Dog was developed in Australia specifically to herd cattle.

The breed is also commonly known as a heeler for its nipping herding style.

A distinctive mottled or speckled coat pattern is standard for the breed.

Australian Cattle Dogs are highly energetic and need substantial daily exercise.

The breed is considered highly intelligent, well suited to demanding herding work.

Australian Cattle Dogs form deeply loyal bonds with their handlers.

An athletic, muscular build supports the breed's rugged herding work.

The breed is generally quite trainable, especially for experienced handlers.

Australian Cattle Dogs are known for being remarkably tough and resilient.

The breed has notable stamina, able to work long hours across rough terrain.

Australian Cattle Dogs are naturally alert, always watching the herd.

The breed can be independent-minded, suited to working with minimal direction.

Australian Cattle Dogs remain widely used as working ranch dogs today.

The breed's intelligence and toughness make it a valued all-around cattle dog.",AUSTRALIA,HERDING,HEELER,MOTTLED,ENERGETIC,INTELLIGENT,LOYAL,ATHLETIC,TRAINABLE,TOUGH,STAMINA,ALERT,INDEPENDENT,WORKINGDOG
Australian Shepherd,"Despite its name, the Australian Shepherd was largely developed in the western United States.

A distinctive merle coat pattern is common in the breed.

Australian Shepherds are highly energetic and need substantial daily exercise.

The breed is considered highly intelligent, excelling in complex herding tasks.

Australian Shepherds are known for their versatility across many working roles.

The breed forms deeply loyal bonds with its family.

An athletic build supports the breed's demanding herding work.

Australian Shepherds are generally quite trainable.

Some Australian Shepherds have striking blue eyes, sometimes one of each color.

The breed remains an active working dog on many ranches today.

Australian Shepherds are naturally alert, quick to notice movement in a herd.

The breed has notable stamina, able to work long hours in the field.

Australian Shepherds are known for being deeply devoted to their families.

The breed is remarkably agile, able to change direction quickly while herding.",HERDING,MERLE,ENERGETIC,INTELLIGENT,VERSATILE,LOYAL,ATHLETIC,TRAINABLE,BLUEEYES,WORKINGDOG,ALERT,STAMINA,DEVOTED,AGILE
Basenji,"The Basenji is famously known as a ""barkless"" dog, though it can make other vocal sounds.

The breed originated in Central Africa, used by local hunters to track game.

Instead of barking, Basenjis are known for a distinctive yodel-like sound.

Like many primitive breeds, the Basenji has a tightly curled tail.

Basenjis are known for a strong independent streak, similar to some ancient breeds.

The breed is often compared to cats for its fastidious, self-grooming habits.

Wrinkles on the forehead give the Basenji an alert, quizzical expression.

The Basenji's short coat requires minimal grooming.

The Basenji is considered one of the oldest dog breeds still in existence today.

Basenjis are naturally alert and curious about their surroundings.

The breed is highly energetic and benefits from regular exercise.

Basenjis are known for being unusually clean dogs, grooming themselves like cats.

The breed is intelligent but can be independent-minded during training.

Basenjis are agile dogs capable of quick, sudden movements while hunting.",BARKLESS,AFRICA,YODEL,CURLEDTAIL,INDEPENDENT,CATLIKE,WRINKLES,SHORTCOAT,ANCIENT,ALERT,ENERGETIC,CLEAN,INTELLIGENT,AGILE
Basset Hound,"Basset Hounds are scent hounds, ranked among the best trackers by smell in the dog world.

Short legs keep a Basset Hound's nose close to the ground while trailing scent.

Long, low-hanging ears help stir up and trap scent particles near the Basset's nose.

The breed was developed in France, where ""bas"" means low, referring to its short stature.

Loose, droopy skin is a distinctive feature of the Basset Hound's appearance.

A Basset Hound's exceptionally keen nose ranks among the best of any dog breed.

The Basset Hound's low-slung body helps it move through dense underbrush while tracking.

Basset Hounds are generally known for a calm, mellow temperament.

Despite their easygoing nature, Bassets can be notably stubborn during training.

Basset Hounds have surprisingly heavy, dense bones relative to their short stature.

The breed was originally developed for tracking small game like rabbits.

Basset Hounds are known for their distinctive, deep, resonant bark.

The breed is generally gentle, making it a popular choice for families.

Basset Hounds are known for their patient, unhurried approach to life.",SCENTHOUND,SHORTLEGS,LONGEARS,FRANCE,DROOPYSKIN,KEENNOSE,LOWSLUNG,MELLOW,STUBBORN,HEAVYBONE,TRACKING,DEEPBARK,GENTLE,PATIENT
Beagle,"Beagles were bred primarily as scent hounds to track rabbits and other small game.

A classic tricolor coat of black, white, and tan is common in the breed.

Beagles are known for their famously merry, upbeat temperament.

The Beagle has a compact, sturdy build suited to trailing game.

Beagles were historically used to hunt rabbits across the English countryside.

A Beagle's exceptional sense of smell makes it one of the top scent-tracking breeds.

Beagles were traditionally kept and hunted in packs.

The breed has a long history in England, where it was developed for hunting.

Long, floppy ears help trap scent near a Beagle's nose while tracking.

Beagles are famously curious, often following their nose wherever it leads.

The breed is known for being quite vocal, with a distinctive bay or howl.

Beagles are considered a small-to-medium breed, easy to manage in many households.

Beagles are energetic dogs that enjoy regular walks and outdoor activity.

The Beagle remains one of the most popular hound breeds in the country.",SCENTHOUND,TRICOLOR,MERRY,COMPACT,RABBIT,KEENNOSE,PACKDOG,ENGLAND,FLOPPYEARS,CURIOUS,VOCAL,SMALLBREED,ENERGETIC,POPULAR
Bearded Collie,"The Bearded Collie originated in Scotland, developed for herding sheep and cattle.

The breed was historically valued for its herding skill across rugged Scottish terrain.

A shaggy, weatherproof double coat is characteristic of the Bearded Collie.

The breed is known for a bouncy, energetic gait, especially when excited.

Bearded Collies are generally known for a notably friendly temperament.

The breed is highly energetic and benefits from regular exercise.

Bearded Collies are considered intelligent, capable working dogs.

The breed is generally outgoing, enjoying company from people and other dogs.

Bearded Collies retain a playful personality well into adulthood.

The breed can be fairly vocal, often barking while herding or playing.

A Bearded Collie's thick coat requires extensive, regular grooming.

The breed adapts reasonably well to a variety of active households.

Bearded Collies are generally quite sociable with people and other animals.

Despite their shaggy appearance, Bearded Collies have a sturdy, athletic build.",SCOTLAND,HERDING,SHAGGY,BOUNCY,FRIENDLY,ENERGETIC,INTELLIGENT,OUTGOING,PLAYFUL,VOCAL,GROOMING,ADAPTABLE,SOCIABLE,STURDY
Bedlington Terrier,"The Bedlington Terrier originated in England, named after a mining town.

The breed's curly, wooly coat gives it a distinctive lamb-like appearance.

A soft, curly coat sets the Bedlington Terrier apart from most other terriers.

The breed was historically kept by mining families to catch vermin.

Despite their gentle look, Bedlington Terriers can be surprisingly swift runners.

The breed is generally known for a gentle temperament at home.

Bedlington Terriers form loyal bonds with their families.

The breed is energetic and enjoys regular exercise and play.

The Bedlington Terrier's distinctive silhouette sets it apart from other terrier breeds.

The breed is often considered relatively hypoallergenic due to its unique coat.

Bedlington Terriers are notably agile, especially when chasing small game.

The breed remains tenacious when focused on hunting vermin.

Bedlington Terriers are known for being deeply affectionate companions.

The breed's curly coat requires regular grooming to maintain its shape.",ENGLAND,LAMBLIKE,CURLYCOAT,MINING,SWIFT,GENTLE,LOYAL,ENERGETIC,DISTINCTIVE,HYPOALLERGENIC,AGILE,TENACIOUS,AFFECTIONATE,GROOMING
Belgian Malinois,"The Belgian Malinois originated in Belgium, developed for herding sheep.

The breed has become a favored working dog for police and military roles.

Belgian Malinois are used extensively in military and law enforcement working roles worldwide.

The breed is considered highly intelligent, excelling in complex training tasks.

Belgian Malinois are highly energetic and need substantial daily physical work.

An athletic, muscular build supports the breed's demanding working roles.

The breed is famously trainable, thriving on structured tasks and challenges.

Belgian Malinois form deeply loyal bonds with their handlers.

The breed's protective instincts make it a valued personal and property guardian.

Belgian Malinois are naturally alert, always scanning for changes nearby.

The breed is known for a confident, self-assured temperament.

Belgian Malinois are known for an intense drive to work and complete tasks.

The breed's versatility spans herding, protection, detection, and military work.

Belgian Malinois have historically been valued for their courageous temperament.",BELGIUM,HERDING,WORKINGDOG,INTELLIGENT,ENERGETIC,ATHLETIC,TRAINABLE,LOYAL,PROTECTIVE,ALERT,CONFIDENT,DRIVEN,VERSATILE,COURAGEOUS
Belgian Tervuren,"The Belgian Tervuren originated in Belgium, developed for herding sheep.

A long, elegant coat distinguishes the Tervuren from its shorter-coated Malinois relative.

The breed is considered highly intelligent, excelling in demanding herding and obedience work.

Belgian Tervurens are highly energetic and require substantial regular exercise.

The breed forms deeply loyal bonds with its family or handler.

Belgian Tervurens are naturally alert, quick to notice changes in their surroundings.

The breed is generally quite trainable, thriving on structured tasks.

An athletic build supports the breed's demanding working history.

Belgian Tervurens are naturally protective of their families.

The breed is known for being deeply devoted to its handler.

Belgian Tervurens share the same versatility as other Belgian herding breeds.

The breed is known for a confident, self-assured temperament.

Belgian Tervurens carry themselves with an elegant, graceful bearing.

The breed remains capable in herding, obedience, and protection work alike.",BELGIUM,HERDING,LONGCOAT,INTELLIGENT,ENERGETIC,LOYAL,ALERT,TRAINABLE,ATHLETIC,PROTECTIVE,DEVOTED,VERSATILE,CONFIDENT,ELEGANT
Bernese Mountain Dog,"The Bernese Mountain Dog originated in the mountainous regions of Switzerland.

A distinctive black, white, and rust tricolor coat is standard for the breed.

Bernese Mountain Dogs were historically used as draft dogs to pull small carts.

The breed also worked as a general farm dog in the Swiss Alps.

A thick, long coat helped the breed withstand cold mountain winters.

Bernese Mountain Dogs are known for a notably gentle temperament.

The breed forms deeply loyal bonds with its family.

Bernese Mountain Dogs are generally known for great patience, especially with children.

The breed is classified as a large dog, with a substantial, sturdy frame.

Bernese Mountain Dogs are typically very affectionate companions.

Despite their size, Bernese Mountain Dogs are often calm and easygoing indoors.

The breed developed to suit the demanding, mountainous terrain of the Swiss Alps.

A sturdy, well-muscled build reflects the breed's history of farm work.

The Bernese Mountain Dog is a popular choice as a gentle family dog.",SWITZERLAND,TRICOLOR,DRAFTDOG,FARMDOG,THICKCOAT,GENTLE,LOYAL,PATIENT,LARGEBREED,AFFECTIONATE,CALM,MOUNTAINOUS,STURDY,FAMILYDOG
Bichon Frise,"The Bichon Frise has a long history in France, once favored by French nobility.

A soft, curly coat is one of the Bichon Frise's most recognizable features.

A pure white coat is standard for the breed.

Bichon Frises are known for a cheerful, upbeat disposition.

The breed was developed primarily as a companion dog.

Bichon Frises are often considered relatively hypoallergenic due to minimal shedding.

The breed retains a playful personality throughout its life.

Bichon Frises are known for being deeply affectionate with their families.

The breed is generally very friendly, including toward strangers.

The Bichon Frise's coat requires regular, dedicated grooming.

Bichon Frises are known for a lively, spirited personality.

The breed is generally sociable with people and other pets.

A fluffy, rounded coat gives the Bichon Frise its distinctive powder-puff look.

The breed adapts well to a variety of living situations.",FRANCE,CURLYCOAT,WHITECOAT,CHEERFUL,COMPANION,HYPOALLERGENIC,PLAYFUL,AFFECTIONATE,FRIENDLY,GROOMING,LIVELY,SOCIABLE,FLUFFY,ADAPTABLE
Bloodhound,"Bloodhounds are considered the gold standard among scent hound breeds.

A Bloodhound's tracking ability is so precise that its findings have been used as court evidence.

Loose, hanging skin helps trap scent particles close to a Bloodhound's nose and face.

A Bloodhound's especially long ears help sweep scent up toward its nose while trailing.

The breed's early development is closely associated with medieval Belgium and France.

The Bloodhound's nose is considered one of the most sensitive in the entire dog world.

Bloodhounds are known for their tendency to drool, especially around the loose jowls.

Despite their serious work, Bloodhounds are generally known for a gentle temperament.

The Bloodhound is considered a large breed, with a powerful, sturdy frame.

Bloodhounds are famously determined, capable of following a trail for miles.

Bloodhounds have long been used by law enforcement to help track missing persons in a manhunt.

Deep facial wrinkles are a distinctive feature of the Bloodhound's appearance.

Despite their intense focus while tracking, Bloodhounds are known for great patience at home.

Bloodhounds are typically loyal, affectionate companions outside of their working role.",SCENTHOUND,TRACKING,LOOSESKIN,LONGEARS,BELGIUM,KEENNOSE,DROOL,GENTLE,LARGEBREED,DETERMINED,MANHUNT,WRINKLES,PATIENT,LOYAL
Border Collie,"The Border Collie originated along the border region between England and Scotland.

The breed was developed specifically to herd sheep with great precision.

Border Collies are widely considered the most intelligent dog breed.

The breed is highly energetic and requires substantial daily physical and mental exercise.

Border Collies use an intense, fixed stare, sometimes called ""the eye,"" to control sheep.

An athletic build supports the breed's demanding herding work.

The breed is famously trainable, often excelling in obedience and agility competitions.

Border Collies remain widely used as working dogs on sheep farms today.

The breed is remarkably agile, able to change direction instantly while herding.

Border Collies have notable stamina, able to work long hours in the field.

The breed is known for intense focus while working a herd of sheep.

Border Collies form deeply loyal bonds with their handlers.

The breed's versatility extends well beyond herding into many dog sports.

Border Collies are naturally alert, constantly scanning their environment.",SCOTLAND,HERDING,INTELLIGENT,ENERGETIC,INTENSE,ATHLETIC,TRAINABLE,WORKINGDOG,AGILE,STAMINA,FOCUSED,LOYAL,VERSATILE,ALERT
Border Terrier,"The Border Terrier originated along the England-Scotland border region.

The breed's distinctive head shape has been compared to that of an otter.

A wiry, weatherproof coat helped protect the Border Terrier from harsh outdoor conditions.

Border Terriers were historically bred to bolt foxes from their dens during hunts.

The breed is energetic and enjoys plenty of outdoor activity.

Border Terriers are known for being unusually affectionate for a working terrier.

A compact build allowed the breed to follow fox hunts on foot and underground.

The breed is generally considered easy to train.

Border Terriers are known for being a hardy, resilient breed.

The breed is generally friendly with people and other dogs.

A sturdy frame supports the Border Terrier's demanding working history.

The breed's adaptable nature suits a range of homes and lifestyles.

Border Terriers are famously tenacious once focused on a task.

The breed was historically valued for its fearless approach to den hunting.",ENGLAND,OTTERHEAD,WIRYCOAT,FOX,ENERGETIC,AFFECTIONATE,COMPACT,TRAINABLE,HARDY,FRIENDLY,STURDY,ADAPTABLE,TENACIOUS,FEARLESS
Borzoi,"The Borzoi is a sighthound developed in Russia.

Borzois were historically bred by Russian nobility for coursing game.

The breed's long, silky coat helped protect it in cold Russian winters.

Borzois were traditionally used to hunt wolves alongside mounted hunters.

The breed's strong association with Russian nobility earned it an aristocratic reputation.

A slender, narrow build is typical of the Borzoi's sighthound frame.

Borzois are a notably tall breed, with a commanding physical presence.

Despite their hunting background, Borzois are generally known for a gentle temperament.

Borzois can be somewhat independent, a common trait among sighthound breeds.

The breed is typically quiet, rarely barking without reason.

Borzois move with a naturally graceful, flowing stride.

The breed combines impressive speed with the endurance needed for a sustained chase.

Borzois carry themselves with an elegant, refined bearing.

Despite their athletic history, Borzois are often calm and relaxed in the home.",SIGHTHOUND,RUSSIA,SILKYCOAT,WOLF,ARISTOCRATIC,SLENDER,TALL,GENTLE,INDEPENDENT,QUIET,GRACEFUL,SPEED,ELEGANT,CALM
Boston Terrier,"The Boston Terrier was developed in the United States, in the city of Boston.

A black-and-white ""tuxedo"" coat pattern is standard for the breed.

The Boston Terrier has a short, flat face typical of many companion breeds.

The breed is generally known for a friendly, sociable temperament.

Boston Terriers were developed primarily as companion dogs.

The breed is known for a notably gentle disposition.

A compact, well-balanced build is typical of the Boston Terrier.

The breed's short muzzle classifies it as a brachycephalic breed.

Boston Terriers are known for being deeply affectionate with their owners.

The breed retains a lively, energetic personality throughout its life.

Boston Terriers adapt well to a variety of living situations, including apartments.

The breed is generally sociable with people and other pets.

Due to their flat faces, Boston Terriers are prone to snoring.

The Boston Terrier is nicknamed the ""American Gentleman"" for its tuxedo-like coat.",BOSTON,TUXEDO,FLATFACE,FRIENDLY,COMPANION,GENTLE,COMPACT,BRACHYCEPHALIC,AFFECTIONATE,LIVELY,ADAPTABLE,SOCIABLE,SNORING,GENTLEMAN
Boxer,"The Boxer breed was developed in Germany in the late 19th century.

A distinctive square jaw is one of the Boxer's most recognizable facial features.

Boxers are famously playful, often retaining a puppylike energy well into adulthood.

The breed is highly energetic and needs regular exercise to stay content.

Boxers have historically been used as effective guard dogs.

A muscular, athletic build reflects the Boxer's working dog heritage.

The Boxer's short, broad muzzle classifies it as a brachycephalic breed.

A short, smooth coat requires minimal grooming.

Boxers are known for forming deeply loyal bonds with their families.

Despite their energy, Boxers are generally known for being patient with children.

The breed's athletic build allows for quick, agile movement.

Boxers are known for their expressive faces and animated body language.

The breed remains a popular choice as a family dog.

Boxers are naturally alert, making them attentive watchdogs.",GERMANY,SQUAREJAW,PLAYFUL,ENERGETIC,GUARDDOG,MUSCULAR,BRACHYCEPHALIC,SHORTCOAT,LOYAL,PATIENT,ATHLETIC,EXPRESSIVE,FAMILYDOG,ALERT
Brittany,"The Brittany was originally developed as a spaniel-type hunting dog in France.

The breed originated in the Brittany region of northwestern France, which gave it its name.

Unlike traditional spaniels, the Brittany is classified as a pointing dog rather than a flusher.

The Brittany has a compact, medium-sized build suited to long days of fieldwork.

Orange and white is one of the most recognizable coat color combinations in the breed.

Brittanys are highly energetic dogs that need plenty of exercise and mental stimulation.

The Brittany was bred specifically as a versatile bird dog for hunters.

Brittanys are agile, quick dogs able to navigate dense brush while hunting.

Some early Brittanys were naturally born without tails, a trait still seen in the breed today.

The Brittany remains a popular competitor in hunting field trials.

Brittanys are eager to please, which makes them relatively easy to train.

The breed's versatility allows it to point, flush, and retrieve game.

The Brittany's medium size makes it practical for both fieldwork and family life.

Brittanys are naturally alert dogs, quick to notice movement in the field.",SPANIEL,FRANCE,POINTINGDOG,COMPACT,ORANGE,ENERGETIC,BIRDDOG,AGILE,TAILLESS,FIELDTRIAL,EAGER,VERSATILE,MEDIUMSIZE,ALERT
Brussels Griffon,"The Brussels Griffon originated in Belgium, historically kept to control rodents.

The breed's almost human-like, expressive face is one of its defining traits.

A bearded muzzle is a signature feature of the Brussels Griffon's face.

The breed transitioned from a working ratter to a beloved companion dog.

Brussels Griffons are known for being deeply affectionate with their owners.

The breed is considered quite sensitive, responding best to gentle handling.

Brussels Griffons are often described as having a comical, animated personality.

The breed carries itself with surprising confidence for its size.

Brussels Griffons are naturally alert and attentive to their surroundings.

The breed can show a stubborn streak during training.

Brussels Griffons form deeply loyal bonds with their families.

The breed is classified within the toy group.

Brussels Griffons are often described as having a charming, expressive presence.

The breed is known for being deeply devoted to its owner.",BELGIUM,EXPRESSIVE,BEARDED,COMPANION,AFFECTIONATE,SENSITIVE,COMICAL,CONFIDENT,ALERT,STUBBORN,LOYAL,TOYBREED,CHARMING,DEVOTED
Bull Terrier,"The Bull Terrier was developed in England from crosses involving bulldogs and terriers.

The breed's distinctive egg-shaped, oval head is one of its most recognizable traits.

A muscular, compact build gives the Bull Terrier surprising strength for its size.

Bull Terriers are famously playful, often retaining puppylike energy for years.

The breed is known for a confident, assertive temperament.

Bull Terriers possess notable physical strength relative to their size.

The breed forms strong, loyal bonds with its family.

Bull Terriers are energetic dogs that need regular exercise.

The breed can be quite stubborn, making consistent training important.

A short, dense coat requires minimal grooming.

Bull Terriers are known for a mischievous, playful streak.

The breed was historically bred for its fearless temperament.

Despite their tough reputation, Bull Terriers are typically very affectionate with family.

A sturdy, muscular frame reflects the breed's terrier-and-bulldog ancestry.",ENGLAND,OVALHEAD,MUSCULAR,PLAYFUL,CONFIDENT,STRONG,LOYAL,ENERGETIC,STUBBORN,SHORTCOAT,MISCHIEVOUS,FEARLESS,AFFECTIONATE,STURDY
Bulldog,"The Bulldog originated in England, historically associated with bull-baiting.

Deep facial wrinkles are one of the Bulldog's most recognizable features.

The Bulldog's short, flat face gives it a distinctive, pushed-in look.

A low, stocky build is characteristic of the breed.

Despite its tough appearance, the Bulldog has a notably muscular but compact frame.

Modern Bulldogs are generally known for a gentle temperament.

The breed forms loyal bonds with its family.

The Bulldog's short muzzle classifies it as a brachycephalic breed.

Bulldogs can show a stubborn streak, especially during training.

The breed is generally calm and easygoing indoors.

Bulldogs are known for being deeply affectionate with their families.

Due to their flat faces, Bulldogs are prone to snoring and noisy breathing.

Despite its former fighting role, the Bulldog's original purpose valued its courageous temperament.

Bulldogs are known for their tendency to drool.",ENGLAND,WRINKLES,FLATFACE,STOCKY,MUSCULAR,GENTLE,LOYAL,BRACHYCEPHALIC,STUBBORN,CALM,AFFECTIONATE,SNORING,COURAGEOUS,DROOL
Bullmastiff,"The Bullmastiff was developed in England to help gamekeepers catch poachers.

Gamekeepers relied on the breed's size and courage to apprehend trespassers.

The Bullmastiff was specifically bred to track and hold poachers without seriously harming them.

A muscular, powerful build defines the Bullmastiff's imposing presence.

The breed excels as a formidable guard dog.

Bullmastiffs form deeply loyal bonds with their families.

Despite their guarding role, Bullmastiffs are generally known for a calm temperament.

The breed's protective instincts make it an effective natural guardian.

Bullmastiffs possess considerable physical power for their size.

Despite their imposing size, Bullmastiffs are typically gentle with their families.

The breed is known for a confident, steady temperament.

A sturdy, well-muscled frame supports the Bullmastiff's guarding heritage.

Bullmastiffs are known for being deeply devoted companions.

The breed was historically valued for its fearless approach to confronting intruders.",ENGLAND,GAMEKEEPER,POACHER,MUSCULAR,GUARDDOG,LOYAL,CALM,PROTECTIVE,POWERFUL,GENTLE,CONFIDENT,STURDY,DEVOTED,FEARLESS
Cairn Terrier,"The Cairn Terrier originated in Scotland, named for the rock piles it hunted around.

The breed's coarse, wiry coat helped protect it from harsh Scottish weather.

The Cairn Terrier is classified as a small breed.

Cairn Terriers were historically used for ratting and hunting small game among rocky cairns.

The breed is known for a bold, feisty temperament.

Cairn Terriers carry themselves with notable confidence for their size.

The breed is energetic and enjoys regular play and exploration.

Despite their small size, Cairn Terriers have a sturdy, solid build.

The breed is famously curious, always investigating new sights and smells.

Cairn Terriers can be independent-minded, a common terrier trait.

Toto, the famous dog from The Wizard of Oz, was portrayed by a Cairn Terrier.

The breed is naturally alert, quick to notice activity nearby.

Cairn Terriers are generally friendly, especially once well socialized.

A compact frame makes the breed well suited to a range of living situations.",SCOTLAND,WIRYCOAT,SMALLBREED,RATTING,BOLD,CONFIDENT,ENERGETIC,STURDY,CURIOUS,INDEPENDENT,TOTO,ALERT,FRIENDLY,COMPACT
Cane Corso,"The Cane Corso originated in Italy, descended from ancient Roman war and guard dogs.

The breed has long been valued as an imposing and capable guard dog.

A powerfully muscular build defines the Cane Corso's physical presence.

The breed's ancestors are believed to trace back to war dogs used by ancient Rome.

Cane Corsos are known for a confident, self-assured temperament.

The breed possesses considerable physical power relative to its size.

Cane Corsos are frequently chosen specifically for their protective instincts.

The breed is naturally alert, quick to notice unfamiliar activity.

With proper training, Cane Corsos form deeply loyal bonds with their families.

An athletic build allows the Cane Corso to move with surprising agility for its size.

The Cane Corso is considered a highly intelligent working breed.

A short, dense coat requires minimal grooming.

Historically, Cane Corsos were used to guard estates and livestock in rural Italy.

The breed is generally trainable, though it benefits from an experienced handler.",ITALY,GUARDDOG,MUSCULAR,ROMAN,CONFIDENT,POWERFUL,PROTECTIVE,ALERT,LOYAL,ATHLETIC,INTELLIGENT,SHORTCOAT,ESTATE,TRAINABLE
Cavalier King Charles Spaniel,"The Cavalier King Charles Spaniel originated in England, favored by royalty for centuries.

The breed is named after King Charles II, who was famously devoted to small spaniels.

A long, silky coat is characteristic of the Cavalier's appearance.

The breed is known for an especially gentle temperament.

Cavaliers are deeply affectionate, often described as eager to please.

The breed is generally very friendly, including toward strangers.

The Cavalier King Charles Spaniel is classified within the toy group.

Feathering on the ears, legs, and tail adds to the breed's elegant look.

Cavaliers are known for being adaptable to a wide range of living situations.

The breed excels as a devoted companion dog.

Cavaliers are typically quite sociable with people and other pets.

The breed moves with a naturally graceful gait.

Cavaliers are known for deep devotion to their owners.

The breed is generally patient, making it popular with families.",ENGLAND,ROYALTY,SILKYCOAT,GENTLE,AFFECTIONATE,FRIENDLY,TOYBREED,FEATHERING,ADAPTABLE,COMPANION,SOCIABLE,GRACEFUL,DEVOTED,PATIENT
Chesapeake Bay Retriever,"The Chesapeake Bay Retriever was developed to retrieve waterfowl in the icy Chesapeake Bay.

The breed takes its name from the Chesapeake Bay region of Maryland.

A Chesapeake's slightly wavy, oily coat helps repel water and insulate against cold.

Chesapeakes were specifically bred to work in the cold waters of the Chesapeake Bay.

The breed's waterproof coat allows it to retrieve game from icy water for hours.

Chesapeake Bay Retrievers were developed specifically for demanding waterfowl hunting conditions.

Chesapeakes are known for a more independent streak than many other retriever breeds.

The breed has a strong, muscular build suited to swimming against currents.

Brown, sedge, or deadgrass coat colors help the Chesapeake blend into marsh environments.

Chesapeakes remain a favorite among duck hunters for their toughness in the field.

Chesapeake Bay Retrievers are known for strong loyalty to their families.

The breed's sturdy frame supports long days of demanding retrieving work.

Chesapeakes are intelligent dogs capable of solving problems independently in the field.

The breed can also be notably protective of its home and family.",RETRIEVER,MARYLAND,WAVYCOAT,COLDWATER,WATERPROOF,HUNTING,INDEPENDENT,STRONG,BROWNCOAT,DUCKHUNTING,LOYAL,STURDY,INTELLIGENT,PROTECTIVE
Chihuahua,"The Chihuahua originated in Mexico, named after the Mexican state of Chihuahua.

The Chihuahua is recognized as the smallest dog breed.

Despite their tiny size, Chihuahuas are known for a bold, confident personality.

The breed carries itself with notable self-assurance.

Chihuahuas often form an especially close bond with one particular person.

The breed is naturally alert, quick to notice unfamiliar sounds or people.

An apple-shaped head is one of the standard traits recognized in the breed.

Chihuahuas are energetic dogs despite their small size.

The breed is known for being deeply devoted to its favorite person.

Chihuahuas are famously vocal, often barking at unfamiliar visitors.

The breed is known for a spirited, feisty temperament.

Chihuahuas were developed primarily as companion dogs.

The breed is known for relatively long life spans compared to larger dogs.

Chihuahuas are often described as having a sassy, spirited attitude.",MEXICO,SMALLEST,BOLD,CONFIDENT,LOYAL,ALERT,APPLEHEAD,ENERGETIC,DEVOTED,VOCAL,SPIRITED,COMPANION,LONGEVITY,SASSY
Chinese Crested,"The Chinese Crested is associated with China, though its exact origins are debated.

The breed's hairless variety has smooth skin except for tufts on the head, feet, and tail.

A coated variety of the breed, called the Powderpuff, has a full coat of soft hair.

The Chinese Crested has a notably delicate, slender build.

The breed was developed primarily as a companion dog.

Chinese Cresteds are known for being deeply affectionate with their owners.

Despite their delicate look, the breed is fairly energetic.

The breed's skin can be sensitive and may need protection from sun and cold.

Chinese Cresteds retain a playful personality throughout their lives.

The hairless variety gives the breed a truly unique appearance among dog breeds.

The breed is generally sociable with people and other pets.

Chinese Cresteds are naturally alert to their surroundings.

The breed is known for being deeply devoted to its family.

Chinese Cresteds are surprisingly agile despite their small, delicate frame.",CHINA,HAIRLESS,POWDERPUFF,DELICATE,COMPANION,AFFECTIONATE,ENERGETIC,SENSITIVE,PLAYFUL,UNIQUE,SOCIABLE,ALERT,DEVOTED,AGILE
Chinese Shar-Pei,"The Chinese Shar-Pei originated in China, historically used as a farm and guard dog.

Deep, distinctive wrinkles cover much of the Shar-Pei's body, especially as a puppy.

Along with the Chow Chow, the Shar-Pei is one of the few breeds with a naturally blue-black tongue.

The breed can be independent-minded, requiring a confident owner.

Shar-Peis form deeply loyal bonds with their families.

The breed is generally calm, especially once past puppyhood.

Shar-Peis are naturally protective of their homes and families.

The breed carries itself with a dignified, composed bearing.

A short, bristly coat is characteristic of the Shar-Pei.

Shar-Peis are known for a confident, self-assured temperament.

The breed is naturally alert, making it an effective watchdog.

Shar-Peis are known for being deeply devoted to their families.

Despite its wrinkled skin, the breed has a sturdy, compact build.

Shar-Peis tend to be reserved, even aloof, with unfamiliar people.",CHINA,WRINKLES,BLUETONGUE,INDEPENDENT,LOYAL,CALM,PROTECTIVE,DIGNIFIED,SHORTCOAT,CONFIDENT,ALERT,DEVOTED,STURDY,RESERVED
Chow Chow,"The Chow Chow is one of the oldest known dog breeds, originating in China.

A thick mane around the neck contributes to the Chow Chow's distinctive, lion-like look.

Along with the Shar-Pei, the Chow Chow is known for its naturally blue-black tongue.

A dense double coat helps the breed withstand cold climates.

Chow Chows can be quite independent-minded, requiring a confident owner.

The breed is often described as aloof, even with familiar people.

Despite their independence, Chow Chows form loyal bonds with their families.

Chow Chows carry themselves with a notably dignified, composed bearing.

A sturdy, compact build is typical of the breed.

The breed tends to be reserved, even wary, with strangers.

Chow Chows are generally calm, with a low-key temperament at home.

The breed is naturally protective of its home and family.

The Chow Chow is considered one of the most ancient dog breeds still in existence.

Chow Chows are sometimes described as having cat-like, independent habits.",CHINA,MANE,BLUETONGUE,THICKCOAT,INDEPENDENT,ALOOF,LOYAL,DIGNIFIED,STURDY,RESERVED,CALM,PROTECTIVE,ANCIENT,CATLIKE
Cocker Spaniel,"The Cocker Spaniel was bred to hunt woodcock, which inspired part of its name.

Cocker Spaniels were developed as flushing dogs that startle birds into flight.

Long, silky ears are one of the Cocker Spaniel's most recognizable features.

The Cocker Spaniel has a compact, sturdy build for its size.

Cocker Spaniels are known for a gentle, affectionate temperament.

The breed's long coat requires regular grooming to prevent matting.

Cocker Spaniels were originally developed as bird dogs for hunters.

The breed is generally known for a cheerful, upbeat personality.

Cocker Spaniels are classified within the gun dog group.

The Cocker Spaniel is the smallest breed in the sporting group.

Cocker Spaniels are highly affectionate and form close bonds with their families.

Feathering on the legs and ears adds to the Cocker Spaniel's elegant look.

The Cocker Spaniel has long been one of the most popular companion breeds.

Cocker Spaniels are generally easy to train given their eagerness to please.",SPANIEL,FLUSHINGDOG,SILKYEARS,COMPACT,GENTLE,GROOMING,BIRDDOG,CHEERFUL,GUNDOG,SMALLEST,AFFECTIONATE,FEATHERING,POPULAR,TRAINABLE
Collie,"The Collie originated in Scotland, developed for herding sheep.

The breed was historically prized for its herding skill on Scottish farms.

The famous fictional dog Lassie helped make the Collie widely recognized worldwide.

A long, flowing coat is characteristic of the Rough Collie variety.

Collies are generally known for a notably gentle temperament.

The breed is considered highly intelligent.

Collies form deeply loyal bonds with their families.

The breed remains a popular choice as a gentle family dog.

Collies are generally quite trainable.

The breed is known for being deeply devoted to its family.

An athletic build supports the Collie's herding heritage.

Collies are naturally protective of their family, including children.

The breed can be fairly vocal, especially when alerting to something unusual.

Collies carry themselves with an elegant, graceful bearing.",SCOTLAND,HERDING,LASSIE,LONGCOAT,GENTLE,INTELLIGENT,LOYAL,FAMILYDOG,TRAINABLE,DEVOTED,ATHLETIC,PROTECTIVE,VOCAL,ELEGANT
Dachshund,"The name Dachshund translates from German as ""badger dog,"" reflecting its original job.

The Dachshund's elongated body helped it maneuver through narrow underground tunnels.

Short legs let the Dachshund dig into and navigate burrows while hunting.

The breed was developed in Germany specifically to hunt badgers and other burrowing animals.

Dachshunds are known for being tenacious, a trait bred for confronting burrowing prey.

Burrowing animals like badgers and rabbits were the Dachshund's traditional quarry.

Despite its small size, the Dachshund is classified as a scent hound.

Wirehaired Dachshunds have a coarse, dense coat distinct from the breed's other coat types.

Smooth-coated Dachshunds have short, sleek fur requiring minimal grooming.

Long-haired Dachshunds have a silky, flowing coat that needs more regular brushing.

Dachshunds are known for a stubborn streak that can make training a challenge.

Despite their independent streak, Dachshunds are typically very loyal to their families.

The Dachshund's compact size makes it a practical choice for smaller living spaces.

A miniature variety of the Dachshund exists alongside the standard size.",BADGERDOG,ELONGATED,SHORTLEGS,GERMANY,TENACIOUS,BURROWING,SCENTHOUND,WIREHAIRED,SMOOTHCOAT,LONGHAIRED,STUBBORN,LOYAL,COMPACT,MINIATURE
Dalmatian,"A distinctive spotted coat is the Dalmatian's most recognizable feature.

Dalmatians are highly energetic dogs that require substantial daily exercise.

The breed historically ran alongside horse-drawn carriages, escorting them on the road.

An athletic build supports the Dalmatian's history of running long distances.

Dalmatians became closely associated with firehouses, historically guarding fire equipment and horses.

The breed forms deeply loyal bonds with its family.

Dalmatians are generally known for an outgoing, friendly temperament.

A short, dense coat requires minimal grooming.

The breed retains a playful personality throughout its life.

Dalmatians are considered an intelligent breed.

The breed is naturally alert, making it an effective watchdog.

The Dalmatian's spotted coat is genuinely distinctive among dog breeds.

Dalmatians have notable endurance, historically able to run for miles.

The breed is generally friendly with people and other animals.",SPOTTED,ENERGETIC,CARRIAGE,ATHLETIC,FIREHOUSE,LOYAL,OUTGOING,SHORTCOAT,PLAYFUL,INTELLIGENT,ALERT,DISTINCTIVE,ENDURANCE,FRIENDLY
Doberman Pinscher,"The Doberman Pinscher was developed in Germany, reportedly by a tax collector seeking protection.

A sleek, short coat is characteristic of the breed's streamlined appearance.

Dobermans have long been valued as capable guard dogs.

The breed is naturally alert, quick to notice changes in its surroundings.

Dobermans are known for forming deeply loyal bonds with their families.

An athletic, muscular build supports the breed's speed and agility.

The Doberman Pinscher is considered one of the more intelligent dog breeds.

Dobermans were historically bred to be fearless protectors.

The breed's protective instincts have made it a popular choice for personal protection.

A muscular, well-proportioned frame is typical of the Doberman.

Dobermans are highly energetic and benefit from regular exercise.

The breed is generally quite trainable, especially with consistent, positive methods.

Dobermans are known for being deeply devoted to their owners.

A powerful build allows the Doberman to move with speed and confidence.",GERMANY,SLEEKCOAT,GUARDDOG,ALERT,LOYAL,ATHLETIC,INTELLIGENT,FEARLESS,PROTECTIVE,MUSCULAR,ENERGETIC,TRAINABLE,DEVOTED,POWERFUL
English Setter,"The English Setter is a bird dog that sets, or freezes, when it locates game.

The breed was developed in England, one of the oldest setter breeds.

Belton, a speckled coat pattern, is a hallmark of the English Setter's appearance.

English Setters were bred specifically to locate game birds for hunters.

The breed is known for a notably gentle, easygoing temperament.

The English Setter's silky coat requires regular brushing to prevent tangles.

English Setters are classified within the gun dog group.

The breed's elegant, flowing coat makes it a striking presence in the show ring.

Feathering along the ears, legs, and tail adds to the breed's elegant look.

English Setters remain active competitors in hunting field trials.

Compared to some other sporting breeds, English Setters are considered relatively mellow.

The breed's athletic build supports long days of work in the field.

English Setters are generally friendly and sociable with people and other dogs.

English Setters are a popular breed in conformation dog shows.",SETTER,ENGLAND,BELTONCOAT,BIRDDOG,GENTLE,SILKYCOAT,GUNDOG,ELEGANT,FEATHERING,FIELDTRIAL,MELLOW,ATHLETIC,FRIENDLY,SHOWDOG
English Springer Spaniel,"The English Springer Spaniel was bred to flush game birds into the open for hunters.

The breed takes its name from its home country, England, where it was developed.

English Springer Spaniels are classified as gun dogs within their hunting group.

Liver-and-white or black-and-white coats are common in the breed.

English Springer Spaniels have a sturdy, medium-sized build suited for long hunts.

The breed is highly energetic and requires regular daily exercise.

Feathering on the ears, legs, and chest is a distinctive feature of the breed's coat.

English Springer Spaniels were developed specifically as versatile bird dogs.

The breed remains a popular competitor in hunting and field trial events.

English Springer Spaniels are known for being affectionate and devoted to their families.

The breed is generally easy to train thanks to its eagerness to work with people.

Despite their energy, English Springer Spaniels have a compact, manageable size for many households.

English Springer Spaniels approach both work and play with noticeable enthusiasm.

The breed's versatility lets it both flush and retrieve game in the field.",FLUSHINGDOG,ENGLAND,GUNDOG,LIVERANDWHITE,MEDIUMSIZE,ENERGETIC,FEATHERING,BIRDDOG,FIELDTRIAL,AFFECTIONATE,TRAINABLE,COMPACT,ENTHUSIASTIC,VERSATILE
Finnish Spitz,"The Finnish Spitz originated in Finland, developed for hunting birds and small game.

The breed is classified as a spitz-type dog.

The Finnish Spitz has a fox-like face and expression.

The breed is famous for its distinctive, rapid barking used to alert hunters to game.

Finnish Spitz dogs were historically used to hunt birds by barking to pinpoint their location.

The breed is naturally alert, quick to notice movement in the field or at home.

Finnish Spitz are energetic dogs that enjoy regular outdoor activity.

The breed forms loyal bonds with its family.

Like other spitz breeds, the Finnish Spitz has a tightly curled tail.

The breed is generally friendly, especially with familiar people.

A reddish coat is characteristic of the Finnish Spitz.

The breed can be independent-minded, reflecting its hunting heritage.

Finnish Spitz are famously vocal, prized for their unique barking ability.

The breed is known for a lively, spirited personality.",FINLAND,SPITZ,FOXLIKE,BARKING,HUNTING,ALERT,ENERGETIC,LOYAL,CURLEDTAIL,FRIENDLY,REDCOAT,INDEPENDENT,VOCAL,LIVELY
Flat-Coated Retriever,"The Flat-Coated Retriever was bred to retrieve waterfowl and upland game for hunters.

The breed's smooth, glossy black or liver coat gives it its name.

Flat-Coated Retrievers are classified within the gun dog group.

The breed was developed in England during the 19th century.

Flat-Coated Retrievers are known for an unusually optimistic, upbeat temperament.

Feathering on the legs and tail is a distinctive feature of the breed's coat.

The breed's athletic build supports both retrieving and general fieldwork.

Flat-Coated Retrievers are famously playful, often retaining puppylike energy into adulthood.

The Flat-Coated Retriever was developed as a versatile bird dog.

The breed has a medium-to-large build suited to a range of retrieving tasks.

Flat-Coated Retrievers are energetic dogs that need regular exercise.

The breed is known for strong loyalty and affection toward its family.

Flat-Coated Retrievers are versatile, capable of both land and water retrieving.

The breed is considered late-maturing, often acting puppyish well into adulthood.",RETRIEVER,GLOSSYCOAT,GUNDOG,ENGLAND,OPTIMISTIC,FEATHERING,ATHLETIC,PLAYFUL,BIRDDOG,MEDIUMSIZE,ENERGETIC,LOYAL,VERSATILE,LATEMATURING
French Bulldog,"The French Bulldog was developed in France from smaller English bulldog stock.

Large, upright ""bat ears"" are one of the French Bulldog's most recognizable features.

The breed has a short, flat face similar to other companion bulldog breeds.

French Bulldogs were developed primarily as companion dogs.

The breed is known for being deeply affectionate with its family.

French Bulldogs retain a playful personality throughout their lives.

A compact, muscular build is typical of the breed.

The French Bulldog's short muzzle classifies it as a brachycephalic breed.

The breed is generally sociable with people and other pets.

French Bulldogs have a notably stocky, solid build for their size.

The breed adapts well to a variety of living situations, including small apartments.

French Bulldogs form loyal bonds with their owners.

Due to their flat faces, French Bulldogs are prone to snoring and noisy breathing.

The French Bulldog has become one of the most popular breeds in recent years.",FRANCE,BATEARS,FLATFACE,COMPANION,AFFECTIONATE,PLAYFUL,COMPACT,BRACHYCEPHALIC,SOCIABLE,STOCKY,ADAPTABLE,LOYAL,SNORING,POPULAR
German Shepherd Dog,"The German Shepherd Dog was developed in Germany specifically for herding sheep.

The breed's herding origins gave it exceptional agility and stamina.

German Shepherds are known for their remarkable versatility across many working roles.

The breed is considered one of the most intelligent dog breeds.

German Shepherds form deeply loyal bonds with their families.

The breed is known for a confident, self-assured temperament.

German Shepherds are widely used as police dogs around the world.

The breed also serves extensively in military and search-and-rescue roles.

German Shepherds are generally highly trainable.

The breed's protective instincts make it a popular guardian and service dog.

An athletic, well-proportioned build supports the breed's demanding working roles.

A dense double coat helps protect German Shepherds in varied climates.

The breed is naturally alert, quick to notice changes in its environment.

German Shepherds have historically been valued for their courageous temperament.",GERMANY,HERDING,VERSATILE,INTELLIGENT,LOYAL,CONFIDENT,POLICEDOG,WORKINGDOG,TRAINABLE,PROTECTIVE,ATHLETIC,DOUBLECOAT,ALERT,COURAGEOUS
German Shorthaired Pointer,"The German Shorthaired Pointer is prized as a versatile hunting dog that points and retrieves.

Breeders in Germany developed the breed to handle multiple hunting tasks in one dog.

The breed was developed in Germany during the 19th century.

A German Shorthaired Pointer's short, dense coat requires minimal grooming.

German Shorthaired Pointers are highly athletic dogs built for long days in the field.

The breed is classified as a gun dog, historically used alongside hunters.

Liver-colored coats, sometimes with white patches, are common in the breed.

German Shorthaired Pointers have impressive stamina, able to hunt for hours at a time.

The breed was specifically developed as an all-purpose hunting companion for varied terrain.

German Shorthaired Pointers are frequently seen competing in field trials.

The breed's high energy level means it needs substantial daily exercise.

Webbed feet help German Shorthaired Pointers swim efficiently when retrieving from water.

A keen nose makes the breed highly effective at tracking game scent.

German Shorthaired Pointers are typically affectionate and loyal toward their families.",POINTER,VERSATILE,GERMANY,SHORTCOAT,ATHLETIC,GUNDOG,LIVERCOLOR,STAMINA,ALLPURPOSE,FIELDTRIAL,ENERGETIC,WEBBEDFEET,KEENNOSE,AFFECTIONATE
Giant Schnauzer,"The Giant Schnauzer was developed in Germany as a larger working version of the breed.

The breed was historically used to drive cattle to market.

Giant Schnauzers are classified as a large breed, the biggest of the three schnauzer sizes.

A distinctive wiry coat is shared across all schnauzer breeds.

A bearded muzzle is a hallmark of the Giant Schnauzer's appearance.

The breed is also valued as an effective guard dog.

Giant Schnauzers are considered highly intelligent working dogs.

A powerful, muscular build supports the breed's history of demanding farm work.

The breed is generally trainable, given its intelligence and work drive.

Giant Schnauzers form strong, loyal bonds with their families.

The breed is energetic and requires regular physical and mental exercise.

Giant Schnauzers are naturally protective of their families.

The breed is known for a confident, assertive temperament.

A sturdy, robust frame reflects the Giant Schnauzer's working heritage.",GERMANY,CATTLE,LARGEBREED,WIRYCOAT,BEARDED,GUARDDOG,INTELLIGENT,POWERFUL,TRAINABLE,LOYAL,ENERGETIC,PROTECTIVE,CONFIDENT,STURDY
Golden Retriever,"Golden Retrievers were bred to retrieve shot waterfowl for hunters without damaging the game.

A Golden Retriever's dense, golden coat gave the breed its name.

Golden Retrievers were developed as versatile gun dogs in 19th-century Scotland.

The breed traces its origins to the Scottish Highlands in the mid-1800s.

Feathering, the longer fur on a Golden's legs, tail, and chest, is a signature breed trait.

Golden Retrievers are known for their gentle, patient temperament, especially around children.

Golden Retrievers are highly intelligent dogs, ranking among the smartest breeds for trainability.

Golden Retrievers are one of the most popular family dog breeds worldwide.

Golden Retrievers are frequently seen in conformation and dog shows thanks to their striking appearance.

Golden Retrievers are commonly trained as service and therapy dogs.

Golden Retrievers are enthusiastic swimmers, thanks to their water-resistant coat.

Golden Retrievers are generally easy to train due to their eagerness to please.

Golden Retrievers are known for their consistently friendly, outgoing personalities.

Golden Retrievers shed fairly heavily and benefit from regular brushing.",RETRIEVER,GOLDENCOAT,GUNDOG,SCOTLAND,FEATHERING,GENTLE,INTELLIGENT,FAMILYDOG,SHOWDOG,SERVICE,SWIMMER,OBEDIENT,FRIENDLY,SHEDDING
Great Dane,"Great Danes are classified as a giant breed, among the tallest dogs in the world.

Despite the name, the Great Dane was developed in Germany, not Denmark.

Great Danes are famously gentle despite their imposing size.

Some Great Danes rank among the tallest individual dogs ever recorded.

The Great Dane's short, smooth coat requires minimal grooming.

Great Danes are generally known for a patient, easygoing temperament.

A powerful, muscular build reflects the breed's history as a hunting and guard dog.

Great Danes are typically friendly, especially once properly socialized.

The breed was historically used to hunt wild boar, giving it the nickname boarhound.

Great Danes are known for forming deeply loyal bonds with their families.

The breed carries itself with a calm, dignified presence.

Despite their size, Great Danes are often surprisingly calm indoors.

Great Danes are typically affectionate, often unaware of their own large size.

The Great Dane is considered one of the largest dog breeds overall.",GIANTBREED,GERMANY,GENTLE,TALLEST,SHORTCOAT,PATIENT,MUSCULAR,FRIENDLY,BOARHOUND,LOYAL,DIGNIFIED,CALM,AFFECTIONATE,LARGEBREED
Great Pyrenees,"The Great Pyrenees originated in the Pyrenees mountains between France and Spain.

The breed was developed as a livestock guardian, protecting flocks from predators.

A thick, weatherproof coat helps the breed withstand harsh mountain conditions.

A predominantly white coat is standard for the breed.

Great Pyrenees historically worked at night, when predators were most active.

Despite their guarding role, the breed is generally known for a calm temperament.

The breed can be independent-minded, a trait suited to working alone with a flock.

Great Pyrenees are naturally protective of the flock or family in their care.

The breed is classified as a large dog, with a substantial, powerful frame.

Despite their imposing size, Great Pyrenees are typically gentle.

The breed is known for great patience while watching over livestock.

Great Pyrenees developed to work independently in the rugged, mountainous terrain.

The breed forms loyal bonds with the flock or family it protects.

Great Pyrenees are known for barking to warn off potential predators at night.",FRANCE,GUARDIAN,THICKCOAT,WHITECOAT,NOCTURNAL,CALM,INDEPENDENT,PROTECTIVE,LARGEBREED,GENTLE,PATIENT,MOUNTAINOUS,LOYAL,VOCAL
Greyhound,"Greyhounds are sighthounds, bred to spot and chase prey primarily by vision.

Greyhounds are considered the fastest dog breed, capable of reaching very high speeds.

Depictions of Greyhound-like dogs appear in ancient Egyptian art thousands of years old.

Greyhounds were widely used in competitive racing throughout the 20th century.

The Greyhound's aerodynamic build helps it achieve remarkable bursts of speed.

A short, sleek coat is typical of the breed and requires minimal grooming.

Despite their racing background, retired Greyhounds are known for a notably gentle temperament.

A lean, narrow build supports the Greyhound's speed and agility.

Many retired racing Greyhounds are famously calm, low-energy companions at home.

Greyhound adoption programs have helped place many retired racers into loving homes.

A deep chest gives the Greyhound extra lung capacity for sprinting.

Greyhounds are true sprinters, built for short bursts rather than long endurance.

The breed is generally quiet, rarely barking without cause.

Greyhounds carry themselves with a naturally elegant, streamlined appearance.",SIGHTHOUND,FASTEST,ANCIENT,RACING,AERODYNAMIC,SLEEKCOAT,GENTLE,LEANBUILD,CALM,ADOPTION,DEEPCHEST,SPRINTER,QUIET,ELEGANT
Havanese,"The Havanese originated in Cuba, where it is the national dog breed.

A long, silky coat is one of the Havanese's most distinctive features.

The breed was developed specifically as a lapdog and companion.

Havanese are known for a notably friendly, sociable temperament.

The breed is deeply affectionate, thriving on companionship.

Havanese are often considered relatively hypoallergenic due to minimal shedding.

The breed retains a playful personality throughout its life.

Havanese are known for adapting well to a variety of living situations.

The breed excels as a devoted companion dog.

Havanese are generally sociable, enjoying company from people and other pets.

The breed is considered fairly easy to train.

Havanese are known for an outgoing, cheerful personality.

The breed's bouncy, springy gait is a notable trait.

Despite its small size, the Havanese has a surprisingly sturdy build.",CUBA,SILKYCOAT,LAPDOG,FRIENDLY,AFFECTIONATE,HYPOALLERGENIC,PLAYFUL,ADAPTABLE,COMPANION,SOCIABLE,TRAINABLE,OUTGOING,BOUNCY,STURDY
Irish Setter,"The Irish Setter was developed as a bird dog that sets, or freezes, upon finding game.

The breed originated in Ireland, where it takes its name.

The Irish Setter's rich mahogany-red coat is one of its most striking features.

The breed's silky coat requires regular brushing to prevent matting.

Irish Setters were bred specifically to locate and point toward game birds.

The breed is highly energetic and needs plenty of daily exercise.

Irish Setters are classified within the gun dog group.

The Irish Setter's elegant, athletic build makes it a popular sight in the show ring.

The breed is known for being especially friendly, even with strangers.

Feathering along the ears, legs, and tail is a hallmark of the Irish Setter's coat.

The Irish Setter's athletic frame supports long days of fieldwork.

The breed remains popular in conformation dog shows for its striking appearance.

Irish Setters are known for their exuberant, high-spirited personality.

The breed still competes in hunting field trials today.",SETTER,IRELAND,MAHOGANY,SILKYCOAT,BIRDDOG,ENERGETIC,GUNDOG,ELEGANT,FRIENDLY,FEATHERING,ATHLETIC,SHOWDOG,EXUBERANT,FIELDTRIAL
Italian Greyhound,"The Italian Greyhound is a sighthound, related to but smaller than the standard Greyhound.

The Italian Greyhound is the smallest of the sighthound breeds.

The breed has a long history in Italy, where it was favored by nobility.

A slender, delicate frame is characteristic of the Italian Greyhound.

The breed carries itself with the same elegant bearing as its larger sighthound relatives.

Italian Greyhounds are considered sensitive dogs that thrive on gentle handling.

The breed is deeply affectionate and often forms close bonds with its owners.

Depictions resembling Italian Greyhounds appear in art dating back to antiquity.

A short, sleek coat is typical of the breed, offering little protection from cold.

The Italian Greyhound's delicate legs mean it can be prone to injury if handled roughly.

The breed is primarily kept today as a companion rather than a working dog.

Despite its small size, the Italian Greyhound retains a notably energetic streak.

The Italian Greyhound moves with a light, graceful gait.

The breed is classified within the toy group due to its small size.",SIGHTHOUND,MINIATURE,ITALY,SLENDER,ELEGANT,SENSITIVE,AFFECTIONATE,ANCIENT,SLEEKCOAT,DELICATE,COMPANION,ENERGETIC,GRACEFUL,TOYBREED
Japanese Chin,"The Japanese Chin was historically favored by Japanese royalty and nobility.

The breed's association with royal courts earned it a privileged, pampered history.

A long, silky coat is characteristic of the Japanese Chin's appearance.

The breed is often noted for cat-like habits, including grooming and climbing.

The Japanese Chin was developed specifically as a companion breed.

The breed is generally known for a gentle temperament.

Japanese Chins are known for being deeply affectionate with their owners.

The breed can show a touch of independence typical of some ancient companion breeds.

Japanese Chins are known for adapting well to a variety of living situations.

The breed is generally quiet, rarely barking without good reason.

Japanese Chins move with a naturally graceful, dainty gait.

The breed is often described as having a charming, expressive face.

Japanese Chins have a delicate, dainty build.

The breed is known for being deeply devoted to its family.",JAPAN,ROYALTY,SILKYCOAT,CATLIKE,COMPANION,GENTLE,AFFECTIONATE,INDEPENDENT,ADAPTABLE,QUIET,GRACEFUL,CHARMING,DAINTY,DEVOTED
Keeshond,"The Keeshond originated in the Netherlands, historically kept on barges and farms.

The breed is a spitz-type dog, related to other northern European spitz breeds.

A thick double coat helps the Keeshond withstand cold, damp conditions.

Distinctive markings around the eyes give the Keeshond a ""spectacled"" look.

The breed is generally known for a friendly, sociable temperament.

Keeshonden are typically outgoing, enjoying company from people and other dogs.

The breed is naturally alert, historically valued as a barge watchdog.

Keeshonden form deeply loyal bonds with their families.

A fluffy, plush coat is one of the Keeshond's most recognizable traits.

The breed is generally quite sociable with people and other pets.

Keeshonden adapt well to a variety of living situations.

The breed can be fairly vocal, especially when alerting to something new.

Like other spitz breeds, the Keeshond has a tightly curled tail.

The Keeshond is considered a fairly intelligent breed.",NETHERLANDS,SPITZ,THICKCOAT,SPECTACLES,FRIENDLY,OUTGOING,ALERT,LOYAL,FLUFFY,SOCIABLE,ADAPTABLE,VOCAL,CURLEDTAIL,INTELLIGENT
Labrador Retriever,"Labrador Retrievers were originally bred to retrieve waterfowl and fishing nets for fishermen.

A Labrador's dense, waterproof coat helps it stay warm while swimming in cold water.

The Labrador's thick, tapered ""otter tail"" helps power it through the water like a rudder.

Labradors were developed as versatile gun dogs for hunters.

Labradors are known for their gentle temperament, making them popular family companions.

Labradors consistently rank as one of the most popular family dog breeds in the United States.

The breed's ancestors originated in Newfoundland, Canada, working alongside fishermen.

A Labrador's short, dense coat sheds water easily and needs only minimal grooming.

Labradors are highly energetic dogs that need regular exercise to stay happy and healthy.

Labradors are highly trainable, which is part of why they excel as service and guide dogs.

Labradors are natural swimmers, with webbed toes that help propel them through water.

The Labrador Retriever has been one of America's most popular dog breeds for decades.

Labradors are known for their loyalty and eagerness to please their owners.

A Labrador's sturdy, athletic build supports its history as a working retriever.",RETRIEVER,WATERPROOF,OTTERTAIL,GUNDOG,GENTLE,FAMILYDOG,NEWFOUNDLAND,SHORTCOAT,ENERGETIC,TRAINABLE,SWIMMER,POPULAR,LOYAL,STURDY
Leonberger,"The Leonberger was developed in Germany, reportedly to resemble a lion.

The breed is classified as a giant breed, known for its substantial size.

A thick mane around the neck contributes to the Leonberger's lion-like appearance.

A dense, water-resistant coat helps the breed handle cold and wet conditions.

Leonbergers are famously gentle despite their large, powerful build.

The breed is a popular choice as a gentle giant family dog.

Leonbergers are capable, enthusiastic swimmers.

The breed is known for great patience, especially around children.

Leonbergers form deeply loyal bonds with their families.

Despite their size, Leonbergers are generally calm and easygoing indoors.

The breed possesses considerable physical strength.

Leonbergers are typically very affectionate with their families.

The breed is known for being deeply devoted to its owners.

Leonbergers are generally friendly, both with people and other animals.",GERMANY,GIANTBREED,MANE,THICKCOAT,GENTLE,FAMILYDOG,SWIMMER,PATIENT,LOYAL,CALM,STRONG,AFFECTIONATE,DEVOTED,FRIENDLY
Lhasa Apso,"The Lhasa Apso originated in Tibet, historically kept in monasteries.

A long, flowing coat is characteristic of the Lhasa Apso's appearance.

The breed historically served as an indoor watchdog, alerting monks to visitors.

Lhasa Apsos can be independent-minded, a trait suited to their historic guarding role.

The breed is known for a confident, self-assured temperament.

Lhasa Apsos are naturally alert, quick to notice unfamiliar sounds.

The breed forms deeply loyal bonds with its family.

Lhasa Apsos carry themselves with a dignified, composed bearing.

Tibetan monasteries relied on the breed to help guard against intruders.

Despite its small size, the Lhasa Apso has a surprisingly sturdy build.

The breed tends to be reserved, even wary, with unfamiliar people.

Lhasa Apsos are known for being deeply devoted to their families.

The breed's long coat requires regular, dedicated grooming.

The Lhasa Apso is classified as a small breed.",TIBET,LONGCOAT,GUARDDOG,INDEPENDENT,CONFIDENT,ALERT,LOYAL,DIGNIFIED,MONASTERY,STURDY,RESERVED,DEVOTED,GROOMING,SMALLBREED
Maltese,"The Maltese takes its name from the island of Malta, its likely place of origin.

A long, silky white coat is one of the Maltese's most recognizable features.

The breed was developed specifically as a lapdog and companion.

A pure white coat is standard for the breed.

Maltese are known for being deeply affectionate with their owners.

The breed is generally known for a gentle temperament.

Maltese have long been kept primarily as companion animals.

The Maltese is considered one of the oldest toy breeds.

Maltese are often considered relatively hypoallergenic due to minimal shedding.

The breed retains a playful personality throughout its life.

The Maltese is classified within the toy group.

The breed's long coat requires regular, dedicated grooming.

Maltese are known for being deeply devoted to their owners.

The breed is known for a lively, spirited personality.",MALTA,SILKYCOAT,LAPDOG,WHITECOAT,AFFECTIONATE,GENTLE,COMPANION,ANCIENT,HYPOALLERGENIC,PLAYFUL,TOYBREED,GROOMING,DEVOTED,LIVELY
Manchester Terrier,"The Manchester Terrier originated in England, in the city of Manchester.

The breed was historically prized for its skill at ratting.

A sleek, glossy coat is characteristic of the Manchester Terrier.

A black-and-tan coat pattern is standard for the breed.

The breed's agility made it especially effective at catching fast-moving rats.

Manchester Terriers are naturally alert and make attentive watchdogs.

The breed is energetic and enjoys regular exercise.

Manchester Terriers form loyal bonds with their families.

A compact, streamlined build defines the Manchester Terrier's appearance.

The breed is known for a spirited, lively personality.

Manchester Terriers are considered an intelligent breed.

The breed is generally trainable, especially with consistent methods.

A short, smooth coat requires minimal grooming.

Manchester Terriers can be fairly vocal watchdogs.",ENGLAND,RATTING,SLEEKCOAT,BLACKANDTAN,AGILE,ALERT,ENERGETIC,LOYAL,COMPACT,SPIRITED,INTELLIGENT,TRAINABLE,SHORTCOAT,VOCAL
Mastiff,"The Mastiff is classified as a giant breed, among the most massive dogs by weight.

The Mastiff has a long history in England, dating back centuries.

Adult Mastiffs can weigh well over 150 pounds, among the heaviest of dog breeds.

Mastiffs have historically been valued as formidable guard dogs.

The breed is considered one of the oldest large dog breeds still in existence.

Despite their imposing size, Mastiffs are typically known for a gentle temperament.

Loose facial wrinkles are a characteristic feature of the Mastiff's appearance.

Mastiffs are known for their tendency to drool, especially around the jowls.

The breed's protective instincts made it a longtime favorite as an estate guardian.

Mastiffs are generally calm, especially once past their boisterous puppy years.

The breed forms strong, loyal bonds with its family.

A powerful, muscular frame reflects the Mastiff's history as a guard and war dog.

Mastiffs carry themselves with a calm, dignified presence.

Heavy bones and a substantial frame are hallmarks of the Mastiff's giant-breed build.",GIANTBREED,ENGLAND,MASSIVE,GUARDDOG,ANCIENT,GENTLE,WRINKLES,DROOL,PROTECTIVE,CALM,LOYAL,POWERFUL,DIGNIFIED,HEAVYBONE
Miniature Schnauzer,"The Miniature Schnauzer was developed in Germany as a smaller version of the Standard Schnauzer.

A distinctive wiry coat is shared across all three schnauzer sizes.

A bearded muzzle is a signature feature of the Miniature Schnauzer's look.

Like its larger relatives, the breed was historically valued for ratting on farms.

The Miniature Schnauzer is classified as a small breed.

The breed is naturally alert, making it a reliable watchdog despite its size.

Miniature Schnauzers are generally known for a friendly disposition.

The breed is considered quite trainable, thanks to its intelligence.

Miniature Schnauzers are energetic and enjoy regular play and exercise.

The breed can be fairly vocal, quick to bark at new sounds.

Miniature Schnauzers are often considered relatively hypoallergenic due to minimal shedding.

Despite its small size, the breed has a sturdy, solid build.

The Miniature Schnauzer is known for a spirited, lively personality.

The breed's compact size makes it well suited to smaller living spaces.",GERMANY,WIRYCOAT,BEARDED,RATTING,SMALLBREED,ALERT,FRIENDLY,TRAINABLE,ENERGETIC,VOCAL,HYPOALLERGENIC,STURDY,SPIRITED,COMPACT
Newfoundland,"The Newfoundland breed originated in Canada, working alongside fishermen.

Newfoundlands have a long history as water rescue dogs, saving people from drowning.

The breed has earned a reputation as a natural lifesaver in and around water.

Webbed feet help the Newfoundland swim powerfully and efficiently.

A thick, water-resistant double coat protects the breed in cold water.

Newfoundlands are famously gentle despite their large, powerful build.

The breed is an exceptionally strong and capable swimmer.

Newfoundlands are classified as a large breed, with substantial size and strength.

Like many giant breeds, Newfoundlands are prone to drooling.

The breed is known for remarkable patience, especially around children.

Newfoundlands possess impressive physical strength, useful for hauling nets and rescues.

The breed forms deeply loyal bonds with its family.

Newfoundlands are naturally protective, especially of children in their care.

Despite their size, Newfoundlands are generally calm and gentle indoors.",CANADA,LIFESAVER,WEBBEDFEET,THICKCOAT,GENTLE,SWIMMER,LARGEBREED,DROOL,PATIENT,STRONG,LOYAL,PROTECTIVE,CALM,DEVOTED
Norfolk Terrier,"The Norfolk Terrier originated in England, closely related to the Norwich Terrier.

Drop ears, folded forward, distinguish the Norfolk Terrier from its prick-eared relative.

The Norfolk Terrier is classified as one of the smallest terrier breeds.

A wiry, weatherproof coat is characteristic of the breed.

Norfolk Terriers were historically bred to be fearless when confronting den animals.

The breed is generally known for a friendly, sociable temperament.

Despite its small size, the Norfolk Terrier has a compact, sturdy build.

Norfolk Terriers are energetic dogs that enjoy regular activity.

The breed tends to be quite sociable with people and other dogs.

A sturdy frame belies the Norfolk Terrier's small stature.

The breed is famously curious, always investigating its surroundings.

Norfolk Terriers were historically valued for ratting and hunting small game.

The breed's adaptable nature suits a range of living situations.

Norfolk Terriers are known for a spirited, plucky personality.",ENGLAND,DROPEARS,SMALLBREED,WIRYCOAT,FEARLESS,FRIENDLY,COMPACT,ENERGETIC,SOCIABLE,STURDY,CURIOUS,RATTING,ADAPTABLE,SPIRITED
Norwegian Elkhound,"The Norwegian Elkhound is a spitz-type breed developed for hunting large game.

The breed originated in Norway, where it takes its name.

A dense, gray coat is one of the Norwegian Elkhound's most recognizable features.

Like many spitz breeds, the Norwegian Elkhound has a tightly curled tail.

Despite its name, the breed was primarily used to hunt moose and other large game.

Norwegian Elkhounds are known for their bold approach when confronting large game.

The breed is considered one of the oldest of the Scandinavian spitz breeds.

Norwegian Elkhounds are naturally alert, making them effective watchdogs.

The breed is known for forming loyal bonds with its family.

A thick, weatherproof double coat helps the breed withstand harsh Scandinavian winters.

The Norwegian Elkhound has a sturdy, compact build suited to cold-climate work.

The breed can show an independent streak typical of many hunting spitz breeds.

Norwegian Elkhounds are known for being fairly vocal watchdogs.

The breed was historically valued for its fearless attitude toward large, dangerous game.",SPITZ,NORWAY,GRAYCOAT,CURLEDTAIL,MOOSE,BOLD,ANCIENT,ALERT,LOYAL,WEATHERPROOF,STURDY,INDEPENDENT,VOCAL,FEARLESS
Norwich Terrier,"The Norwich Terrier originated in England during the late 19th century.

Upright, prick ears distinguish the Norwich Terrier from its drop-eared cousin, the Norfolk Terrier.

The breed gained early popularity among students at Cambridge University, who kept them as ratters and mascots.

Norwich Terriers are known for a bold temperament well beyond their small size.

The breed has a compact, low-set frame built for working close to the ground.

Norwich Terriers are famously tenacious, a trait suited to their den-hunting origins.

The breed is naturally alert, quick to notice activity nearby.

Despite their feisty streak, Norwich Terriers are deeply affectionate with their families.

The breed's agility allows it to move quickly through tight, uneven terrain.

Norwich Terriers are known for forming devoted bonds with their owners.

The breed is considered a hardy, sturdy small terrier.

Norwich Terriers are known for a spirited, plucky personality.

The breed was historically valued for ratting on farms and in stables.

The Norwich Terrier's adaptable nature suits a range of living situations.",ENGLAND,PRICKEARS,CAMBRIDGE,BOLD,COMPACT,TENACIOUS,ALERT,AFFECTIONATE,AGILE,DEVOTED,HARDY,SPIRITED,RATTING,ADAPTABLE
Nova Scotia Duck Tolling Retriever,"The Toller lures curious ducks within range by playing along the shoreline.

The breed was developed in Nova Scotia, Canada, which gave it part of its name.

The Toller's reddish coat helps it resemble a fox while luring waterfowl.

Tolling refers to the breed's unique method of luring game closer before a hunt.

Despite its unusual technique, the Toller is still classified as a retriever.

The Nova Scotia Duck Tolling Retriever is the smallest of the AKC retriever breeds.

The Toller is classified within the gun dog group.

Tollers are energetic dogs that need regular exercise and mental stimulation.

White markings on the chest, feet, or tail tip are common in the breed.

The Toller's versatility includes both luring game and retrieving it once shot.

Tollers are highly intelligent dogs, which supports their unique working method.

The breed's athletic build allows quick bursts of movement while tolling.

The Toller's reddish, fox-like appearance is part of what helps lure in curious ducks.

The breed remains a favorite among waterfowl hunters in eastern Canada.",TOLLER,CANADA,REDCOAT,LURING,RETRIEVER,SMALLEST,GUNDOG,ENERGETIC,WHITETIP,VERSATILE,INTELLIGENT,ATHLETIC,FOXLIKE,DUCKHUNTING
Old English Sheepdog,"The Old English Sheepdog originated in England, developed for herding sheep and cattle.

The breed was historically valued for its herding versatility on English farms.

A shaggy, thick double coat is one of the Old English Sheepdog's most recognizable traits.

The breed is generally known for a notably gentle temperament.

Old English Sheepdogs are typically very friendly, including with strangers.

The breed is considered intelligent, though it can also show independent thinking.

Old English Sheepdogs form deeply loyal bonds with their families.

The breed remains a popular, good-natured choice as a family dog.

Old English Sheepdogs are known for a bouncy, energetic gait.

The breed retains a playful personality well into adulthood.

Despite their shaggy look, Old English Sheepdogs have a sturdy, muscular build.

The breed can be fairly vocal, with a distinctive bark.

The Old English Sheepdog's thick coat requires extensive, regular grooming.

The breed is known for adapting reasonably well to different living situations.",ENGLAND,HERDING,SHAGGY,GENTLE,FRIENDLY,INTELLIGENT,LOYAL,FAMILYDOG,BOUNCY,PLAYFUL,STURDY,VOCAL,GROOMING,ADAPTABLE
Papillon,"The Papillon takes its name from the French word for ""butterfly,"" describing its ears.

Large, fringed ears held upright give the Papillon a butterfly-like appearance.

Fringed hair along the ears completes the breed's signature look.

The breed is generally known for a friendly, outgoing temperament.

Despite their small size, Papillons are notably energetic.

The Papillon is considered one of the more intelligent toy breeds.

The breed is generally quite trainable, often excelling in dog sports.

The Papillon is classified within the toy group.

Papillons are surprisingly agile for their small size, excelling in agility competitions.

The breed is naturally alert, quick to notice activity nearby.

Papillons are generally sociable with people and other pets.

The breed makes an attentive, devoted companion.

Papillons have a dainty, delicate appearance despite their athleticism.

The breed is known for a lively, spirited personality.",FRANCE,BUTTERFLY,FRINGED,FRIENDLY,ENERGETIC,INTELLIGENT,TRAINABLE,TOYBREED,AGILE,ALERT,SOCIABLE,COMPANION,DAINTY,LIVELY
Parson Russell Terrier,"The Parson Russell Terrier was developed in England to hunt foxes on horseback hunts.

The breed was bred specifically to chase foxes from their dens.

Parson Russell Terriers are known for being quite vocal when excited or alert.

The breed is highly energetic and needs substantial daily exercise.

A compact, athletic build let the breed keep pace with mounted fox hunters.

Parson Russell Terriers are known for a bold, fearless temperament.

The breed is remarkably agile, able to squeeze through tight spaces underground.

Parson Russell Terriers are considered highly intelligent working terriers.

Parson Russell Terriers are famously tenacious once focused on a task.

Despite their small size, the breed has a surprisingly sturdy build.

The breed is known for a spirited, high-energy personality.

Parson Russell Terriers are endlessly curious, always investigating their surroundings.

The breed's natural digging instinct reflects its history hunting den animals.

The breed is informally and popularly known today under an earlier name, the Jack Russell Terrier.",ENGLAND,FOX,VOCAL,ENERGETIC,COMPACT,BOLD,AGILE,INTELLIGENT,TENACIOUS,STURDY,SPIRITED,CURIOUS,DIGGING,SMALLBREED
Pekingese,"The Pekingese has a long history tied to the Chinese imperial court.

The breed was historically restricted almost exclusively to Chinese royalty.

The Pekingese has a short, flat face similar to other companion breeds developed in China.

A thick mane around the neck contributes to the breed's distinctive, lion-like look.

Pekingese carry themselves with a notably dignified bearing.

The breed can be independent-minded, even somewhat stubborn.

Pekingese form loyal bonds with their favorite people.

The breed's stubborn streak can make training a slower process.

Despite its small size, the Pekingese has a solid, compact build.

Pekingese are known for a confident, self-assured attitude.

The breed's short muzzle classifies it as a brachycephalic breed.

The Pekingese's long coat requires regular, dedicated grooming.

The breed can be somewhat aloof with unfamiliar people.

Pekingese were developed specifically as palace companions.",CHINA,ROYALTY,FLATFACE,MANE,DIGNIFIED,INDEPENDENT,LOYAL,STUBBORN,COMPACT,CONFIDENT,BRACHYCEPHALIC,GROOMING,ALOOF,COMPANION
Pembroke Welsh Corgi,"The Pembroke Welsh Corgi originated in Wales.

Short legs are one of the Pembroke Welsh Corgi's most recognizable traits.

The breed was developed specifically to herd cattle by nipping at their heels.

The Corgi's long body helped it duck beneath a cow's kicking hooves while herding.

The breed has a fox-like face, a distinctive feature among herding breeds.

Pembroke Welsh Corgis are energetic dogs that need regular exercise.

The breed is considered highly intelligent.

Corgis form deeply loyal bonds with their families.

The Pembroke Welsh Corgi gained significant popularity through its association with British royalty.

Despite their short legs, Corgis have a surprisingly sturdy build.

The breed can be fairly vocal, especially when herding or alerting.

Pembroke Welsh Corgis are generally quite trainable.

Many Pembroke Welsh Corgis are born with naturally short or docked tails.

The breed is naturally alert, making it an effective watchdog despite its size.",WALES,SHORTLEGS,HERDING,ELONGATED,FOXLIKE,ENERGETIC,INTELLIGENT,LOYAL,ROYALTY,STURDY,VOCAL,TRAINABLE,SHORTTAIL,ALERT
Pomeranian,"The Pomeranian descends from larger sled-dog-type spitz breeds from Germany and Poland.

A thick, fluffy double coat is one of the Pomeranian's defining features.

The breed's fox-like face is a distinctive and popular trait.

Pomeranians were bred down significantly in size from their larger spitz ancestors.

The breed is known for being quite vocal for its small size.

Pomeranians are famously confident, often unaware of their small stature.

The Pomeranian is classified as a spitz-type breed.

Despite its size, the breed is energetic and enjoys regular play.

Pomeranians excel as companion dogs, thriving on close attention.

The breed is famously curious, always investigating its surroundings.

Pomeranians are considered quite intelligent.

The breed forms loyal bonds with its family.

Pomeranians are known for a bold personality that belies their tiny size.

The breed is generally sociable, enjoying company from people and other pets.",GERMANY,FLUFFY,FOXLIKE,SMALLEST,VOCAL,CONFIDENT,SPITZ,ENERGETIC,COMPANION,CURIOUS,INTELLIGENT,LOYAL,BOLD,SOCIABLE
Poodle,"Despite its strong association with France, the Poodle is believed to have originated in Germany.

A distinctively curly, dense coat is the Poodle's signature feature.

The Poodle is considered one of the most intelligent dog breeds.

Poodles are often considered relatively hypoallergenic due to their unique coat.

The Poodle was originally developed as a skilled water retriever.

The breed's curly coat likely helped it swim more efficiently while working in water.

Poodles carry themselves with a naturally elegant, refined bearing.

The breed is famously trainable, excelling in obedience and performance events.

Poodles are known for their versatility across hunting, performing, and companionship roles.

The breed remains a longtime favorite in conformation dog shows.

The Standard Poodle is the largest of the breed's three recognized sizes.

The Miniature Poodle is a smaller version bred down from the Standard size.

The smallest variety, the Toy Poodle, is classified within the toy group.

Poodles are generally active dogs that enjoy regular mental and physical exercise.",GERMANY,CURLYCOAT,INTELLIGENT,HYPOALLERGENIC,RETRIEVER,WATERPROOF,ELEGANT,TRAINABLE,VERSATILE,SHOWDOG,STANDARD,MINIATURE,TOYBREED,ACTIVE
Portuguese Water Dog,"The Portuguese Water Dog originated along the coast of Portugal.

The breed historically worked alongside fishermen, herding fish and retrieving gear.

A dense, waterproof coat helps the breed work comfortably in cold ocean water.

Portuguese Water Dogs are strong, capable swimmers.

A curly or wavy coat is characteristic of the breed.

Webbed feet help the Portuguese Water Dog swim efficiently.

The breed is considered highly intelligent, supporting its versatile working history.

Portuguese Water Dogs are often considered relatively hypoallergenic due to minimal shedding.

The breed is energetic and benefits from regular exercise and mental stimulation.

Historically, the breed helped retrieve items and even relay messages between boats.

Portuguese Water Dogs are known for strong loyalty to their families.

An athletic build supports the breed's history of demanding maritime work.

The breed is generally quite trainable, thanks to its intelligence and eagerness to work.

Portuguese Water Dogs also assisted by herding fish into fishermen's nets.",PORTUGAL,FISHERMAN,WATERPROOF,SWIMMER,CURLYCOAT,WEBBEDFEET,INTELLIGENT,HYPOALLERGENIC,ENERGETIC,RETRIEVING,LOYAL,ATHLETIC,TRAINABLE,HERDING
Pug,"The Pug originated in China, historically kept by Chinese emperors.

Deep facial wrinkles are one of the Pug's most recognizable features.

A tightly curled tail is a signature trait of the breed.

The Pug's short, flat face gives it a distinctive, expressive look.

The breed was developed primarily as a companion for royalty and nobility.

Pugs are known for being deeply affectionate with their families.

The breed retains a playful personality throughout its life.

Pugs are often described as having a naturally charming, comical presence.

A compact, stocky build is characteristic of the Pug.

The Pug's short muzzle classifies it as a brachycephalic breed.

Pugs form loyal bonds with their owners.

The breed is generally sociable with people and other pets.

Pugs are known for a mischievous, playful streak.

Due to their flat faces, Pugs are prone to noisy breathing and snoring.",CHINA,WRINKLES,CURLEDTAIL,FLATFACE,COMPANION,AFFECTIONATE,PLAYFUL,CHARMING,STOCKY,BRACHYCEPHALIC,LOYAL,SOCIABLE,MISCHIEVOUS,SNORING
Rhodesian Ridgeback,"A distinctive ridge of backward-growing hair along the spine gives the breed its name.

The Rhodesian Ridgeback was developed in southern Africa.

The breed was historically used to track large game for hunters.

The Ridgeback's short, dense coat requires minimal grooming.

A muscular, athletic build reflects the breed's history as an endurance hunting dog.

Rhodesian Ridgebacks are known for an independent streak that can make training a challenge.

Despite their independence, Ridgebacks are typically very loyal to their families.

The breed's athletic frame allowed it to keep pace with hunters over long distances.

Rhodesian Ridgebacks are also valued as capable guard dogs.

A tawny, wheaten coat color is standard for the breed.

Ridgebacks are known for remarkable endurance, able to work for hours in hot climates.

The breed carries itself with a calm, dignified bearing.

Rhodesian Ridgebacks are naturally alert, making them effective watchdogs.

The breed was historically valued for its fearless approach to tracking large game.",RIDGE,AFRICA,TRACKER,SHORTCOAT,MUSCULAR,INDEPENDENT,LOYAL,ATHLETIC,GUARDDOG,TAWNY,ENDURANCE,DIGNIFIED,ALERT,FEARLESS
Rottweiler,"Rottweilers were originally used as drovers, herding cattle to market for German butchers.

The breed takes its name from the German town of Rottweil.

A muscular, powerful build supports the Rottweiler's history as a working and herding dog.

A black coat with distinctive tan markings is standard for the breed.

Rottweilers are known for a confident, self-assured temperament.

The breed is widely used today as a guard dog.

Rottweilers possess considerable physical strength relative to their size.

With proper training, Rottweilers are known for strong loyalty to their families.

The breed is highly intelligent, which supports its versatility in working roles.

Rottweilers have historically been used in a range of demanding working dog roles.

Rottweilers are naturally alert, making them effective at noticing changes in their environment.

The breed is generally trainable, though it benefits from an experienced handler.

Rottweilers are often chosen specifically for their protective instincts.

A sturdy, well-muscled frame reflects the Rottweiler's working heritage.",DROVER,GERMANY,MUSCULAR,BLACKANDTAN,CONFIDENT,GUARDDOG,POWERFUL,LOYAL,INTELLIGENT,WORKINGDOG,ALERT,TRAINABLE,PROTECTIVE,STURDY
Saluki,"The Saluki is one of the oldest known sighthound breeds.

The Saluki originated in the Middle East thousands of years ago.

Ancient artwork from the region depicts dogs closely resembling the modern Saluki.

The Saluki was historically prized by royalty and considered a gift fit for nobility.

A slender, streamlined body defines the breed's elegant appearance.

Salukis are known for remarkable endurance, able to hunt over long distances.

Salukis were traditionally used to hunt fast game like gazelles.

Light feathering on the ears, legs, and tail is common in the breed.

The Saluki moves with a naturally graceful, flowing gait.

Like many sighthounds, Salukis can be somewhat aloof with strangers.

The breed combines impressive speed with the stamina to sustain a long chase.

Salukis are well adapted to hot, arid desert environments.

Despite their independent streak, Salukis form loyal bonds with their families.

The Saluki's overall bearing is often described as quietly elegant.",SIGHTHOUND,MIDDLEEAST,ANCIENT,ROYALDOG,SLENDER,ENDURANCE,GAZELLE,FEATHERING,GRACEFUL,ALOOF,SPEED,DESERT,LOYAL,ELEGANT
Samoyed,"The Samoyed breed originated in Siberia, developed by the nomadic Samoyede people.

Samoyeds were historically used as sled dogs for transportation across snow.

The breed also helped herd reindeer for the Samoyede people.

A thick, dense double coat helps Samoyeds endure extremely cold climates.

The Samoyed's upturned mouth gives it a permanent, cheerful-looking ""smile.""

The breed is known for being especially friendly, even with strangers.

A predominantly white coat is characteristic of the Samoyed.

Samoyeds are energetic dogs that benefit from regular exercise.

The breed is generally sociable, enjoying the company of people and other dogs.

Samoyeds are known for being fairly vocal, including frequent barking.

A fluffy, plush coat is one of the Samoyed's most recognizable traits.

Despite their working background, Samoyeds are typically gentle companions.

The breed's adaptability helped it thrive in the harsh Siberian environment.

Samoyeds have notable endurance, historically used for pulling and herding work.",SIBERIA,SLEDDOG,REINDEER,THICKCOAT,SMILE,FRIENDLY,WHITECOAT,ENERGETIC,SOCIABLE,VOCAL,FLUFFY,GENTLE,ADAPTABLE,ENDURANCE
Scottish Terrier,"The Scottish Terrier, or Scottie, originated in Scotland.

The breed's dense, wiry coat helped protect it while working outdoors.

Scottish Terriers are known for a strong independent streak.

The breed carries itself with a confident, self-assured attitude.

A compact, sturdy build defines the Scottish Terrier's silhouette.

Scottish Terriers are naturally alert and make attentive watchdogs.

The breed can be quite stubborn, requiring patient, consistent training.

Scottish Terriers carry themselves with a notably dignified bearing.

Despite their independence, Scotties form loyal bonds with their families.

The Scottish Terrier is classified as a small breed.

A bearded muzzle adds to the Scottish Terrier's distinctive appearance.

The breed is known for being determined, especially once focused on a task.

Scottish Terriers have a surprisingly sturdy frame for their size.

The breed tends to be reserved, even aloof, with unfamiliar people.",SCOTLAND,WIRYCOAT,INDEPENDENT,CONFIDENT,COMPACT,ALERT,STUBBORN,DIGNIFIED,LOYAL,SMALLBREED,BEARDED,DETERMINED,STURDY,RESERVED
Shetland Sheepdog,"The Shetland Sheepdog, or Sheltie, originated in Scotland's Shetland Islands.

The breed was developed to herd sheep and other small livestock.

Shelties are sometimes described as a miniature version of the Rough Collie.

A thick double coat helps the breed withstand the harsh Shetland Islands climate.

The breed is considered highly intelligent, excelling in obedience and agility.

Shelties form deeply loyal bonds with their families.

The breed is known for being quite vocal, often barking to alert or herd.

Shetland Sheepdogs are generally very trainable.

Shelties are generally known for a gentle temperament.

The breed is energetic and benefits from regular mental and physical exercise.

Shelties are naturally alert, quick to notice changes in their environment.

The breed is known for being deeply devoted to its family.

Shetland Sheepdogs are remarkably agile for their size.

The Shetland Sheepdog is classified as a small-to-medium breed.",SCOTLAND,HERDING,MINIATURE,THICKCOAT,INTELLIGENT,LOYAL,VOCAL,TRAINABLE,GENTLE,ENERGETIC,ALERT,DEVOTED,AGILE,SMALLBREED
Shiba Inu,"The Shiba Inu is a spitz-type breed native to Japan.

The Shiba Inu's fox-like face is one of its most distinctive features.

Like other spitz breeds, the Shiba Inu has a tightly curled tail.

The breed is known for a strong independent streak.

Shiba Inus are known for a confident, self-assured temperament.

The breed is naturally alert, quick to notice its surroundings.

Shiba Inus are known for a bold personality despite their moderate size.

The breed is often noted for its cat-like, fastidious grooming habits.

Shiba Inus form loyal bonds with their families, though they can be independent.

The breed is known for a spirited, energetic personality.

A compact, well-balanced build defines the Shiba Inu's appearance.

Shiba Inus are notably agile, capable of quick, nimble movement.

The breed can be surprisingly vocal, including an unusual high-pitched scream.

The Shiba Inu remains one of Japan's most popular native dog breeds.",JAPAN,SPITZ,FOXLIKE,CURLEDTAIL,INDEPENDENT,CONFIDENT,ALERT,BOLD,CLEAN,LOYAL,SPIRITED,COMPACT,AGILE,VOCAL
Shih Tzu,"The Shih Tzu originated in China, closely associated with imperial palace life.

The breed was developed specifically as a lapdog and companion.

A long, flowing coat is one of the Shih Tzu's most recognizable traits.

Shih Tzus are known for being especially friendly and sociable.

The breed is deeply affectionate, thriving on close human companionship.

Shih Tzus were bred primarily to be companions rather than working dogs.

The Shih Tzu is classified within the toy group.

Shih Tzus are generally known for an outgoing, sociable personality.

The breed's long coat requires regular, dedicated grooming.

Shih Tzus have a long history of association with Chinese royalty.

Despite its small size, the breed has a surprisingly sturdy build.

Shih Tzus retain a playful personality throughout their lives.

The breed adapts well to a variety of living situations, including apartments.

Shih Tzus are known for a confident, self-assured attitude.",CHINA,LAPDOG,LONGCOAT,FRIENDLY,AFFECTIONATE,COMPANION,TOYBREED,OUTGOING,GROOMING,ROYALTY,STURDY,PLAYFUL,ADAPTABLE,CONFIDENT
Siberian Husky,"Siberian Huskies were bred as sled dogs to pull loads across long, frozen distances.

The breed originated in Siberia, developed by the Chukchi people.

A thick double coat helps Siberian Huskies withstand extremely cold temperatures.

Striking blue eyes, though not required, are common and popular in the breed.

Huskies have remarkable endurance, historically pulling sleds over vast distances.

The breed was traditionally worked in packs pulling loaded sleds.

Siberian Huskies are highly energetic and need substantial daily exercise.

Huskies are known for howling rather than barking as their primary vocalization.

Despite their working background, Siberian Huskies are typically quite friendly.

An athletic, efficient build supports the breed's long-distance sledding heritage.

Huskies are notorious for being escape artists, skilled at digging and jumping.

The breed's impressive stamina made it well suited for long polar expeditions.

Siberian Huskies are known for being notably vocal, including howls and ""talking.""

The breed remains a capable working dog in sledding and other pulling sports.",SLEDDOG,SIBERIA,THICKCOAT,BLUEEYES,ENDURANCE,PACKDOG,ENERGETIC,HOWLING,FRIENDLY,ATHLETIC,ESCAPE,STAMINA,VOCAL,WORKINGDOG
Silky Terrier,"The Silky Terrier was developed in Australia.

The breed's fine, silky coat gave it its common name.

Despite its terrier heritage, the Silky Terrier is classified within the toy group.

Silky Terriers are naturally alert, making them attentive small watchdogs.

The breed is energetic and enjoys regular play and activity.

Silky Terriers carry themselves with notable confidence for their size.

The breed has a compact frame typical of small terrier-type dogs.

Silky Terriers are famously curious about their surroundings.

Like many terrier breeds, Silky Terriers were historically valued for ratting.

The breed is known for a spirited, lively personality.

Silky Terriers are known for being affectionate with their families.

The breed is considered quite intelligent.

Silky Terriers can be surprisingly vocal watchdogs for their size.

The breed retains a lively, energetic temperament throughout its life.",AUSTRALIA,SILKYCOAT,TOYBREED,ALERT,ENERGETIC,CONFIDENT,COMPACT,CURIOUS,RATTING,SPIRITED,AFFECTIONATE,INTELLIGENT,VOCAL,LIVELY
Soft Coated Wheaten Terrier,"The Soft Coated Wheaten Terrier originated in Ireland.

The breed's soft, silky coat sets it apart from many other wiry-coated terriers.

A warm, wheat-like coat color gives the breed part of its name.

Wheaten Terriers historically worked as general farm dogs in Ireland.

The breed is generally known for a friendly, sociable temperament.

Wheaten Terriers are energetic dogs that enjoy regular exercise.

The breed is often considered relatively hypoallergenic due to its unique coat.

Wheaten Terriers are known for being deeply affectionate with their families.

Despite its soft coat, the breed has a sturdy, solid build.

The breed retains a notably playful personality throughout its life.

Wheaten Terriers were historically valued as versatile farm and guard dogs.

The breed forms loyal bonds with its family.

Wheaten Terriers are known for a bouncy, springy gait, especially when excited.

The breed's coat requires regular grooming to prevent matting.",IRELAND,SILKYCOAT,WHEATCOLOR,FARMDOG,FRIENDLY,ENERGETIC,HYPOALLERGENIC,AFFECTIONATE,STURDY,PLAYFUL,VERSATILE,LOYAL,BOUNCY,GROOMING
St. Bernard,"The St. Bernard breed originated in the Swiss Alps.

The breed takes its name from a mountain pass in the Alps where it worked.

St. Bernards have a long history of performing alpine rescues of stranded travelers.

The St. Bernard is classified as a giant breed, known for its impressive size.

A thick coat historically helped the breed withstand harsh mountain winters.

Despite their large size, St. Bernards are famously gentle.

Like many giant breeds, St. Bernards tend to drool.

Monks at a Swiss monastery historically bred and used St. Bernards for rescue work.

St. Bernards were famously used to locate travelers buried in avalanches.

The breed is known for great patience, especially with children.

St. Bernards possess considerable physical strength.

The breed forms strong, loyal bonds with its family.

Despite their working history, St. Bernards are generally calm indoors.

Heavy bones and a substantial frame reflect the breed's giant-breed build.",SWITZERLAND,ALPS,RESCUE,GIANTBREED,THICKCOAT,GENTLE,DROOL,MONASTERY,AVALANCHE,PATIENT,STRONG,LOYAL,CALM,HEAVYBONE
Staffordshire Bull Terrier,"The Staffordshire Bull Terrier was developed in England from bull-and-terrier stock.

A muscular build gives the breed notable strength for its compact size.

The Staffordshire Bull Terrier has a distinctly compact, low-to-the-ground frame.

The breed is known for being deeply affectionate, especially with its family.

Staffordshire Bull Terriers form strong, loyal bonds with their owners.

The breed carries itself with a confident, self-assured attitude.

Despite their tough reputation, Staffordshire Bull Terriers are often gentle with familiar children.

A short, smooth coat requires minimal grooming.

Staffordshire Bull Terriers possess considerable physical strength relative to their size.

The breed has historically been described as courageous and tenacious.

Staffordshire Bull Terriers often retain a playful, energetic side throughout life.

A sturdy, well-muscled frame is typical of the breed.

The breed is known for being determined once focused on a task or toy.

The Staffordshire Bull Terrier is classified as a small-to-medium breed.",ENGLAND,MUSCULAR,COMPACT,AFFECTIONATE,LOYAL,CONFIDENT,GENTLE,SHORTCOAT,STRONG,COURAGEOUS,PLAYFUL,STURDY,DETERMINED,SMALLBREED
Standard Schnauzer,"The Standard Schnauzer originated in Germany, likely the oldest of the schnauzer breeds.

A distinctive wiry coat is characteristic of all schnauzer breeds.

Standard Schnauzers were historically valued for ratting, controlling vermin on farms.

The breed is considered highly intelligent.

A bearded muzzle is a signature feature of the Standard Schnauzer's appearance.

The breed is naturally alert, making it an effective watchdog.

Standard Schnauzers are energetic dogs that benefit from regular exercise.

The breed historically worked as an all-purpose farm dog in Germany.

Standard Schnauzers are considered a medium-sized breed.

The breed is generally trainable, thanks to its intelligence and eagerness to work.

Standard Schnauzers form loyal bonds with their families.

The breed's versatility included guarding, ratting, and general farm work.

A sturdy, compact build suits the Standard Schnauzer's varied working history.

The breed is known for a spirited, lively personality.",GERMANY,WIRYCOAT,RATTING,INTELLIGENT,BEARDED,ALERT,ENERGETIC,FARMDOG,MEDIUMSIZE,TRAINABLE,LOYAL,VERSATILE,STURDY,SPIRITED
Vizsla,"The Vizsla is a pointing breed originally developed in Hungary.

Vizslas trace their history back centuries as hunting companions to Hungarian nobility.

The Vizsla's short, rust-gold coat is one of its most distinctive features.

A Vizsla's short coat requires minimal grooming compared to longer-haired breeds.

Vizslas are famously affectionate, often wanting to stay physically close to their owners.

The breed's clingy nature has earned it the nickname ""velcro dog.""

Vizslas are highly energetic and require substantial daily exercise to stay content.

The Vizsla has a lean, athletic build built for speed and endurance in the field.

The breed is classified as a versatile gun dog, both pointing and retrieving game.

Vizslas are skilled retrievers as well as pointers, adding to their hunting versatility.

The Vizsla's athletic build allows it to cover ground quickly while hunting.

Vizslas are considered sensitive dogs that respond best to gentle, positive training.

Beyond hunting, Vizslas are prized as loyal, devoted companions.

Vizslas have impressive stamina, capable of hunting for extended periods.",POINTER,HUNGARY,RUSTGOLD,SHORTCOAT,AFFECTIONATE,VELCRODOG,ENERGETIC,LEAN,GUNDOG,RETRIEVER,ATHLETIC,SENSITIVE,COMPANION,STAMINA
Weimaraner,"The Weimaraner is a pointing breed originally developed in Germany.

The breed was developed in the early 19th century by German nobility for hunting.

The Weimaraner's distinctive silver-gray coat is one of its most recognizable traits.

Its striking coat color has earned the breed the nickname ""Gray Ghost.""

Weimaraners often have striking amber or blue-gray eyes.

The Weimaraner was bred as a versatile hunting dog capable of multiple field tasks.

Weimaraners are highly energetic dogs that need substantial daily exercise.

The breed's short, sleek coat requires minimal grooming.

Weimaraners are classified as gun dogs within their hunting group.

The breed has an athletic, muscular build suited for both speed and endurance.

Weimaraners are known for forming strong, loyal bonds with their families.

The breed is highly intelligent, which can make training both rewarding and challenging.

Weimaraners are considered a large breed, with a commanding, elegant presence.

The Weimaraner's naturally alert temperament makes it an effective watchdog.",POINTER,GERMANY,SILVERCOAT,GRAYGHOST,AMBEREYES,VERSATILE,ENERGETIC,SHORTCOAT,GUNDOG,ATHLETIC,LOYAL,INTELLIGENT,LARGEBREED,ALERT
West Highland White Terrier,"The West Highland White Terrier originated in Scotland.

A distinctive all-white coat gives the breed its common nickname, the Westie.

The breed's coarse, wiry coat helped protect it while working outdoors.

Westies were historically used for ratting and hunting small burrowing animals.

The breed is known for a confident, self-assured personality.

The West Highland White Terrier is classified as a small breed.

Westies are naturally alert, quick to notice activity around them.

The breed can be independent-minded, a common trait among terriers.

Westies are known for a spirited, energetic personality.

Despite its small size, the breed has a solid, compact build.

Westies are generally friendly, especially once well socialized.

The breed has a notably sturdy frame for its size.

Westies can be fairly vocal watchdogs.

The breed is famously curious, always investigating its surroundings.",SCOTLAND,WHITECOAT,WIRYCOAT,RATTING,CONFIDENT,SMALLBREED,ALERT,INDEPENDENT,SPIRITED,COMPACT,FRIENDLY,STURDY,VOCAL,CURIOUS
Whippet,"The Whippet is a sighthound, relying on keen eyesight to spot and chase prey.

The breed was developed in England, largely among working-class dog fanciers.

A Whippet's sleek, short coat highlights its lean, athletic build.

Whippets are exceptionally fast sprinters over short distances.

Despite their speed, Whippets are known for a notably gentle temperament.

Whippets historically competed in informal racing events among their working-class owners.

The Whippet's streamlined, aerodynamic body shape helps it reach high speeds quickly.

A lean, narrow build is characteristic of the sighthound group the Whippet belongs to.

Whippets are generally quiet dogs, rarely barking without reason.

The breed is known for being deeply affectionate with its family.

Whippets are sometimes described as a compact, more modestly sized sighthound.

Despite their racing speed, Whippets are famously calm and relaxed at home.

Whippets can reach impressively swift speeds in short bursts.

The breed moves with a naturally graceful, fluid gait.",SIGHTHOUND,ENGLAND,SLEEKCOAT,SPRINTER,GENTLE,RACING,AERODYNAMIC,LEANBUILD,QUIET,AFFECTIONATE,COMPACT,CALM,SWIFT,GRACEFUL
Wire Fox Terrier,"The Wire Fox Terrier was developed in England to bolt foxes from their dens during hunts.

The breed's distinctive wiry coat helped protect it from harsh weather and rough terrain.

Wire Fox Terriers were bred specifically to enter burrows and flush out foxes.

The breed is highly energetic and needs regular exercise and stimulation.

Wire Fox Terriers are naturally alert, quick to notice movement nearby.

The breed is known for a confident, bold temperament.

A compact, sturdy build helped the Wire Fox Terrier fit into narrow den entrances.

Wire Fox Terriers are famously playful, retaining energy well into adulthood.

The breed is generally trainable, especially with consistent, engaging methods.

Wire Fox Terriers are known for being endlessly curious about their surroundings.

The breed remains popular in conformation dog shows for its sharp, tidy appearance.

Wire Fox Terriers are known for a spirited, lively personality.

Despite their small size, the breed has a notably sturdy frame.

The breed can be fairly vocal, especially when excited.",ENGLAND,WIRYCOAT,BURROWING,ENERGETIC,ALERT,CONFIDENT,COMPACT,PLAYFUL,TRAINABLE,CURIOUS,SHOWDOG,SPIRITED,STURDY,VOCAL
Yorkshire Terrier,"The Yorkshire Terrier originated in England during the Industrial Revolution.

The breed's long, silky coat is one of its most defining features.

Despite its terrier name, the Yorkshire Terrier is classified in the toy group.

Yorkies were historically used to catch rats in textile mills and mines.

The breed is known for a confident personality that belies its tiny size.

Yorkshire Terriers have a compact frame suited to their small stature.

The breed is energetic and enjoys regular play, despite its size.

Yorkies are known for being deeply affectionate with their owners.

Despite their small size, Yorkshire Terriers are famously bold.

The breed's long coat requires regular, dedicated grooming.

Yorkshire Terriers are known for a spirited, feisty personality.

The Yorkshire Terrier is considered one of the smallest terrier-descended breeds.

The breed forms strong, loyal bonds with its owner.

Yorkies can be surprisingly vocal watchdogs for their size.",ENGLAND,SILKYCOAT,TOYBREED,RATTING,CONFIDENT,COMPACT,ENERGETIC,AFFECTIONATE,BOLD,GROOMING,SPIRITED,SMALLBREED,LOYAL,VOCAL
