Title,Trivia,Words
Garden Tools,"A trowel's narrow, curved blade is designed for digging small holes and transplanting seedlings.

Shovels have a curved, scoop-shaped blade, while spades have a flat blade built for cutting straight into soil.

A rake's tines can be rigid for leveling soil or flexible for gathering leaves and debris.

The hoe is one of the oldest gardening tools, used for thousands of years to break up soil and clear weeds.

Hand pruners use a scissor-like action to make clean cuts on stems up to about half an inch thick.

Garden shears are built with longer blades for trimming hedges and shaping shrubs.

A wheelbarrow's single wheel lets one person move heavy loads with far less effort than carrying them.

A spade's flat, sharp edge makes it ideal for edging beds and slicing through turf.

A cultivator's curved prongs are used to loosen and aerate soil before planting.

A dibber is a simple pointed tool used to poke planting holes for seeds and bulbs.

The sickle's curved blade was originally developed for harvesting grain crops by hand.

A mattock combines an axe-like blade with a pick, useful for breaking up hard or rocky ground.

Loppers use long handles to give gardeners the extra leverage needed to cut thick branches.

Secateurs is the British term for what Americans usually call hand pruners.",TROWEL,SHOVEL,RAKE,HOE,PRUNER,SHEARS,WHEELBARROW,SPADE,CULTIVATOR,DIBBER,SICKLE,MATTOCK,LOPPERS,SECATEURS
Popular Flowers,"Roses have been cultivated by humans for thousands of years and remain among the most popular cut flowers worldwide.

Tulip bulbs need a period of cold dormancy before they can bloom in spring.

Peonies can live and bloom in the same garden spot for decades without needing to be moved.

Dahlias come in more shapes and sizes than almost any other garden flower, from tiny pompons to dinner-plate blooms.

Zinnias are known for blooming continuously from summer through the first frost.

Carnations get their ruffled petal edges from a trait that also helps give them a long vase life.

Hydrangea flower color can shift between pink and blue depending on the soil's acidity.

Geraniums are prized by gardeners for being both easy to grow and fairly drought tolerant.

Begonias thrive in shady spots where many other flowering plants struggle to bloom.

Pansies can tolerate light frost, making them a favorite for early spring and late fall color.

Chrysanthemums are considered a symbol of autumn and have been cultivated in East Asia for centuries.

Hibiscus flowers usually last only a single day before wilting, despite their large, showy blooms.

Azaleas are technically a type of rhododendron, generally distinguished by smaller leaves and flowers.

Camellias can bloom in the middle of winter, when few other shrubs are flowering.",ROSE,TULIP,PEONY,DAHLIA,ZINNIA,CARNATION,HYDRANGEA,GERANIUM,BEGONIA,PANSY,CHRYSANTHEMUM,HIBISCUS,AZALEA,CAMELLIA
Vegetable Garden,"Tomatoes are botanically a fruit, though they're almost always grown and used as a vegetable.

Peppers range from sweet bell varieties to some of the hottest foods on Earth, all from the same plant genus.

Lettuce grows best in cool weather and can quickly turn bitter once summer heat arrives.

Radishes are one of the fastest vegetables to grow, often ready to harvest in under a month.

Onions are biennial plants, though gardeners almost always harvest them after their first growing season.

Garlic is typically planted in fall and harvested the following summer after nearly a year in the ground.

Potatoes grow underground as swollen stems called tubers, not roots.

Squash plants produce separate male and female flowers on the same vine.

Beets can be grown for both their sweet root and their edible, nutrient-rich leafy greens.

Kale becomes noticeably sweeter after exposure to a light frost.

Celery requires a long, steady growing season and consistent watering to develop its crisp stalks.

Eggplants are members of the nightshade family, related to tomatoes and potatoes.

Okra pods can turn tough and fibrous if left on the plant just a day or two too long.

Chard is prized by gardeners for producing edible leaves all season without needing to be replanted.",TOMATO,PEPPER,LETTUCE,RADISH,ONION,GARLIC,POTATO,SQUASH,BEET,KALE,CELERY,EGGPLANT,OKRA,CHARD
Culinary Herbs,"Basil is closely related to mint and shares that family's characteristic square-shaped stems.

Thyme is one of the few herbs that keeps much of its flavor even after long cooking or drying.

Rosemary's name comes from a Latin phrase often translated as ""dew of the sea,"" referencing its Mediterranean origins.

Oregano's flavor is generally considered strongest when the plant is dried rather than used fresh.

Cilantro and coriander come from the same plant -- the leaves are called cilantro, the seeds coriander.

Parsley comes in two main forms, curly and flat-leaf, with the flat variety generally having a stronger flavor.

Sage was historically valued not just for cooking but also as a preservative for meats before refrigeration.

Dill is a member of the carrot family, and both its feathery leaves and seeds are used in cooking.

Mint spreads so aggressively by underground runners that gardeners often grow it in containers to contain it.

Chives are among the smallest species in the onion family and regrow quickly after being cut.

Tarragon is a key ingredient in classic French cooking, especially in bearnaise sauce.

Fennel produces both a crunchy, anise-flavored bulb and feathery, edible fronds.

Marjoram is a close relative of oregano but has a milder, sweeter flavor.

Bay leaves are almost always removed from a dish before serving since they stay tough even after cooking.",BASIL,THYME,ROSEMARY,OREGANO,CILANTRO,PARSLEY,SAGE,DILL,MINT,CHIVES,TARRAGON,FENNEL,MARJORAM,BAY
Fruit Trees,"Apple trees grown from seed rarely produce fruit identical to their parent, which is why orchards rely on grafting.

Peach trees need a certain number of cold hours each winter before they'll bloom properly in spring.

Pear trees are sometimes trained flat against a wall or fence using a technique called espalier.

Cherry trees are generally divided into sweet varieties for eating fresh and tart varieties for cooking.

Plum trees come in several types, including European, Japanese, and American, each with different fruit traits.

Apricot trees tend to bloom very early in spring, which can put their flowers at risk from late frosts.

Fig trees can produce fruit without needing pollination at all, depending on the variety.

Lemon trees can flower and fruit at the same time, often nearly year-round in warm climates.

Orange trees are among the most widely planted fruit trees in the world.

Lime trees are generally more cold-sensitive than most other citrus varieties.

Nectarines and peaches are genetically very similar, differing mainly in a gene controlling the fruit's fuzzy skin.

Persimmon trees often keep their bright orange fruit hanging on bare branches well after the leaves have fallen.

Pomegranates are technically classified as a berry, despite their tough outer rind.

Quince fruit is usually too hard and tart to eat raw and is typically cooked into jams or pastes.",APPLE,PEACH,PEAR,CHERRY,PLUM,APRICOT,FIG,LEMON,ORANGE,LIME,NECTARINE,PERSIMMON,POMEGRANATE,QUINCE
Garden Pests,"Aphids reproduce so quickly that a single female can give rise to many generations in one growing season.

Slugs are most active at night and after rain, which is when they do the most damage to leafy plants.

Snails carry their protective shell everywhere and can seal themselves inside it during dry spells.

Many beetle species that damage garden plants spend part of their life cycle underground as larvae.

Caterpillars are simply the larval stage of moths and butterflies before they transform.

Weevils are recognizable by their long, curved snout, which they use to bore into plants and seeds.

Mealybugs protect themselves with a white, waxy coating that can make them hard to wash off.

Whiteflies aren't true flies at all -- they're more closely related to aphids.

Cutworms earn their name by chewing through young seedling stems right at the soil line.

Grubs are the larval stage of beetles and often live underground, feeding on plant roots.

Spider mites are so small that gardeners often notice their fine webbing before they spot the mites themselves.

Thrips are tiny, slender insects that can spread plant diseases as they feed.

Tomato hornworms can strip a plant of its leaves remarkably fast for their size.

Leafhoppers can jump many times their own body length to escape predators.",APHID,SLUG,SNAIL,BEETLE,CATERPILLAR,WEEVIL,MEALYBUG,WHITEFLY,CUTWORM,GRUB,MITE,THRIP,HORNWORM,LEAFHOPPER
Pollinators and Beneficial Insects,"Bees are responsible for pollinating a huge share of the world's flowering food crops.

Butterflies taste with sensors on their feet, helping them identify the right plants to lay eggs on.

Ladybugs can eat dozens of aphids in a single day, making them a gardener's natural ally.

Hoverflies mimic the black-and-yellow coloring of bees and wasps despite being harmless flies.

Bumblebees can fly in cooler temperatures than most other bees, making them important early-season pollinators.

Some wasp species are highly beneficial in gardens because they prey on caterpillars and other pest insects.

Moths pollinate many night-blooming flowers that bees rarely if ever visit.

Dragonflies are effective predators of mosquitoes and other small flying insects.

The praying mantis is a patient ambush predator that will eat almost any insect it can catch.

Lacewing larvae are sometimes called ""aphid lions"" for how many aphids they consume.

Honeybees communicate the location of food sources to each other through a distinctive waggle dance.

Hummingbirds have such high energy needs that they visit hundreds of flowers a day for nectar.

Many garden spiders are beneficial predators that help keep insect pest populations in check.

Earthworms improve soil structure and fertility as they tunnel through the ground and break down organic matter.",BEE,BUTTERFLY,LADYBUG,HOVERFLY,BUMBLEBEE,WASP,MOTH,DRAGONFLY,MANTIS,LACEWING,HONEYBEE,HUMMINGBIRD,SPIDER,EARTHWORM
Soil and Composting,"Compost forms as microorganisms break down organic material like food scraps and yard waste into rich, dark soil.

A layer of mulch helps soil retain moisture and suppresses weed growth at the same time.

Humus is the dark, stable organic matter left after decomposition is mostly complete, and it improves soil quality.

Loam is considered ideal garden soil because it balances sand, silt, and clay in roughly equal parts.

Clay soil holds water and nutrients well but can become compacted and drain poorly.

Silt particles are smaller than sand but larger than clay, giving silty soil a smooth, floury texture.

Nitrogen is one of the three main nutrients plants need most, supporting healthy leaf and stem growth.

Phosphorus supports strong root development and helps plants flower and produce fruit.

Potassium helps plants regulate water use and supports overall disease resistance.

Microbes in healthy soil break down organic matter and make nutrients available to plant roots.

Fallen leaves and food scraps decompose faster when they're chopped smaller before being added to a compost pile.

Aerating soil relieves compaction, letting air, water, and roots move through it more easily.

Soil acidity is measured on a pH scale, and most garden plants prefer a slightly acidic to neutral range.

Plants absorb nutrients from the soil through their root systems, dissolved in water.",COMPOST,MULCH,HUMUS,LOAM,CLAY,SILT,NITROGEN,PHOSPHORUS,POTASSIUM,MICROBE,DECOMPOSE,AERATE,ACIDITY,NUTRIENT
Pruning and Trimming,"Pruning at the right time of year helps a plant heal quickly and encourages healthy new growth.

Trimming hedges regularly keeps them dense by encouraging branching along their outer edges.

Deadheading spent flowers often encourages a plant to keep producing new blooms instead of setting seed.

Thinning out crowded branches improves airflow and lets more sunlight reach the remaining growth.

Careful shaping over several seasons can train a young shrub into almost any desired form.

A clean cut heals faster and is less likely to invite disease than a ragged or torn one.

A well-maintained hedge can serve as a living fence, privacy screen, or garden border.

Topiary is the art of pruning trees and shrubs into precise, often geometric or animal-shaped forms.

A bud is the undeveloped growth point on a plant that can become a new leaf, stem, or flower.

A plant's stem provides structural support and transports water and nutrients between roots and leaves.

Removing a damaged or diseased branch promptly can protect the rest of the plant from further harm.

Suckers are vigorous shoots that grow from a plant's base or roots and often need to be removed.

Trees seal off pruning wounds by forming a callus of new tissue around the cut edge.

Scaffold branches form a tree's main structural framework and are chosen carefully when young trees are pruned.",PRUNE,TRIM,DEADHEAD,THIN,SHAPE,CUT,HEDGE,TOPIARY,BUD,STEM,BRANCH,SUCKER,CALLUS,SCAFFOLD
Types of Gardens,"Cottage gardens are known for their informal, densely packed mix of flowers, herbs, and vegetables.

Formal gardens rely on symmetry and carefully clipped hedges to create a structured, geometric look.

Rock gardens use stones and gravel to create a well-drained home for alpine and drought-tolerant plants.

Container gardening lets people grow plants in pots, making it possible even without any ground soil.

Raised bed gardens improve drainage and let gardeners control soil quality more precisely than in-ground beds.

Vertical gardens grow plants upward on walls, trellises, or stacked structures to save ground space.

A kitchen garden is grown specifically to supply fresh vegetables and herbs for everyday cooking.

A butterfly garden is planted specifically with nectar and host plants to attract and support butterflies.

Rain gardens are planted in low spots to capture and filter stormwater runoff naturally.

Zen gardens use raked gravel or sand alongside carefully placed rocks to encourage calm reflection.

Tropical gardens rely on bold foliage and lush, layered plantings to create a rainforest-like feel.

Desert gardens favor cacti and succulents specifically chosen to thrive with very little water.

Community gardens give neighbors shared plots of land to grow food and flowers together.

Woodland gardens are planted beneath trees, favoring shade-loving plants like ferns and hostas.",COTTAGE,FORMAL,ROCK,CONTAINER,RAISED,VERTICAL,KITCHEN,BUTTERFLY,RAIN,ZEN,TROPICAL,DESERT,COMMUNITY,WOODLAND
Watering and Irrigation,"Sprinkler systems can be programmed to water gardens automatically at efficient times of day.

A quality garden hose is rated by both its diameter and its resistance to kinking.

Drip irrigation delivers water slowly and directly to plant roots, wasting far less than overhead sprinklers.

A nozzle's spray pattern can often be adjusted from a fine mist to a strong, focused jet.

A rain barrel or reservoir lets gardeners store and reuse water collected from rooftops.

Soaker hoses release water gradually along their entire length through thousands of tiny pores.

A timer can automate a watering system so gardens are watered consistently even when no one's home.

Rainwater is naturally free of the chlorine and minerals often found in tap water.

Overwatering is one of the most common mistakes new gardeners make, often causing root problems.

Drought-tolerant plants have adapted to survive extended periods with very little available water.

Checking soil moisture before watering helps prevent both overwatering and underwatering.

A spigot, or outdoor faucet, is usually the starting point for a garden's entire watering setup.

A shutoff valve lets gardeners control water flow to different parts of an irrigation system independently.

A cistern collects and stores large volumes of rainwater, historically a critical water source before modern plumbing.",SPRINKLER,HOSE,DRIP,NOZZLE,RESERVOIR,SOAKER,TIMER,RAINWATER,OVERWATER,DROUGHT,MOISTURE,SPIGOT,VALVE,CISTERN
Garden Structures,"A trellis gives climbing plants like vines and beans a structure to grow up instead of sprawling.

An arbor typically frames an entryway or path, often draped with climbing roses or vines.

A pergola provides partial shade with an open, slatted roof structure supported by posts or columns.

Greenhouses trap heat and sunlight, letting gardeners grow plants outside their normal outdoor season.

A gazebo offers a fully roofed, open-sided shelter, often used as a garden's central gathering spot.

Garden fences can serve as decoration, wind protection, or a barrier to keep animals out.

A garden shed provides dedicated storage for tools, pots, and supplies close to where they're used.

A cold frame acts like a mini unheated greenhouse, protecting young plants from frost using sunlight alone.

Planters let gardeners grow plants above ground level, useful on patios or where soil quality is poor.

Stakes support tall or heavy plants like tomatoes so their stems don't bend or break.

An obelisk-shaped support gives climbing plants a tall, narrow structure to twine around.

An archway can mark a transition between different garden rooms or frame a scenic view.

A birdhouse gives cavity-nesting birds a safe place to raise their young in the garden.

A well-planned walkway guides visitors through a garden while protecting planting beds from foot traffic.",TRELLIS,ARBOR,PERGOLA,GREENHOUSE,GAZEBO,FENCE,SHED,COLDFRAME,PLANTER,STAKE,OBELISK,ARCHWAY,BIRDHOUSE,WALKWAY
Seeds and Propagation,"A seed contains a tiny embryonic plant along with a store of food to fuel its first growth.

Germination begins when a seed absorbs water and its embryo starts to grow.

A seedling is a young plant in its earliest stage of growth after germination.

Taking a cutting from an existing plant lets gardeners grow a genetically identical new plant.

Grafting joins tissue from two different plants so they grow together as one.

Dividing an overgrown perennial creates several new plants and helps rejuvenate its growth.

Rootstock is the root system a fruit tree variety is often grafted onto for hardiness or size control.

Dormant seeds can remain viable for years, waiting for the right conditions to germinate.

A sprout is the very first visible growth to emerge once a seed germinates.

Pollination transfers pollen between flowers, allowing plants to produce seeds and fruit.

Hybrid seeds are produced by intentionally cross-pollinating two different plant varieties.

Heirloom seeds come from open-pollinated plant varieties passed down for generations, breeding true from year to year.

Seed viability naturally declines over time, so older seeds germinate less reliably.

Stratifying seeds in cold, moist conditions mimics winter and can trigger some species to germinate.",SEED,GERMINATE,SEEDLING,CUTTING,GRAFT,DIVISION,ROOTSTOCK,DORMANT,SPROUT,POLLINATE,HYBRID,HEIRLOOM,VIABILITY,STRATIFY
Lawn Care,"A mower with sharp blades cuts grass cleanly instead of tearing it, keeping the lawn healthier.

Turf refers to the layer of grass and the soil held together by its roots.

Thatch is a layer of dead grass and roots that can build up between the soil and living grass.

Aerating a lawn relieves soil compaction, helping water, air, and nutrients reach grass roots.

Overseeding fills in thin or bare patches by spreading new grass seed over an existing lawn.

Fertilizing at the right time of year gives lawns the nutrients they need for dense, green growth.

Sod is pre-grown turf that can be installed for an instant lawn instead of waiting for seed to grow.

Leaving grass clippings on the lawn after mowing can return nutrients back into the soil.

A mower blade should be sharpened regularly to avoid shredding grass tips and stressing the lawn.

Dethatching removes built-up dead plant material so grassroots can access water and nutrients more easily.

Crabgrass is a fast-spreading warm-season weed that thrives in thin, stressed lawns.

Irrigating deeply but less frequently encourages grass roots to grow stronger and deeper.

Dandelions have deep taproots that make them notoriously difficult to fully remove from a lawn.

A healthy lawn helps prevent soil erosion and can cool the surrounding air on hot days.",MOWER,TURF,THATCH,AERATE,OVERSEED,FERTILIZE,SOD,CLIPPING,BLADE,DETHATCH,CRABGRASS,IRRIGATE,DANDELION,LAWN
Houseplants,"Pothos is prized as a beginner-friendly houseplant that tolerates low light and irregular watering.

Philodendrons are popular houseplants partly because they can thrive across a range of indoor light levels.

Succulents store water in their thick leaves, letting them tolerate infrequent watering.

Ferns generally prefer high humidity, which is why they're often grown successfully in bathrooms.

Ivy is a fast-growing vining plant often trained to climb or trail from hanging baskets.

Monstera plants develop their signature leaf holes, called fenestrations, as the plant matures.

Orchids are often grown in bark or moss instead of regular potting soil, mimicking their natural growing conditions.

Begonias grown indoors are prized for their colorful, often asymmetrical leaves as much as their flowers.

Peperomia plants are compact and come in a wide range of leaf textures and patterns.

Dracaena plants are popular for their architectural, strappy leaves and tolerance of indoor conditions.

Aloe vera gel from its leaves has long been used to soothe minor burns and skin irritation.

Ficus trees are a common indoor choice but can drop leaves if moved or exposed to drafts.

Cactus plants generally need much less frequent watering indoors than most other houseplants.

Bromeliads often form a central ""cup"" that collects water in their natural rainforest habitat.",POTHOS,PHILODENDRON,SUCCULENT,FERN,IVY,MONSTERA,ORCHID,BEGONIA,PEPEROMIA,DRACAENA,ALOE,FICUS,CACTUS,BROMELIAD
Succulents and Cacti,"Saguaro cacti grow extremely slowly and can take decades before growing their first side arm.

Echeveria succulents form neat, symmetrical rosettes that make them popular in succulent arrangements.

Agave plants often live for many years before flowering just once and then dying.

Aloe plants store water in thick, gel-filled leaves adapted for arid conditions.

Jade plants can live for decades and are sometimes passed down as houseplants between generations.

Sedum varieties range from low groundcovers to taller upright types, all valued for drought tolerance.

Barrel cacti tend to lean slightly toward the sun as they grow.

Haworthia plants often have translucent ""windows"" on their leaf tips to help capture light underground in the wild.

Kalanchoe is popular for its clusters of small, long-lasting flowers atop fleshy leaves.

Yucca plants have stiff, sword-shaped leaves and can survive in poor, dry soil.

Opuntia, or prickly pear, produces edible pads and fruit alongside its sharp spines.

Lithops are nicknamed ""living stones"" because they closely resemble the pebbles among which they grow.

A cactus's spines are modified leaves that also help reduce water loss.

Many succulents form a tight rosette shape that helps shade their own center and reduce water evaporation.",SAGUARO,ECHEVERIA,AGAVE,ALOE,JADE,SEDUM,BARREL,HAWORTHIA,KALANCHOE,YUCCA,OPUNTIA,LITHOPS,SPINE,ROSETTE
Roses,"Hybrid tea roses are known for producing large, classic single blooms on long stems, popular for cut flowers.

Climbing roses can be trained along fences, trellises, and arbors to grow many feet upward.

Shrub roses tend to be hardier and lower-maintenance than many other rose types.

Floribunda roses produce blooms in clusters rather than one flower per stem.

A rose's thorns are technically called prickles, since they grow from the outer layer of the stem.

Rose petals are edible and are sometimes used in teas, syrups, and desserts.

A rose bloom typically opens gradually over several days from a tightly wrapped bud.

A rosebud is the tightly furled early stage of a flower before its petals open.

Rose hips, the fruit left after petals fall, are rich in vitamin C and used in teas and jams.

Fragrance varies enormously between rose varieties, with some modern types bred more for color than scent.

A rose cane is one of its main woody stems, which is pruned back to encourage new growth.

Roses are commonly propagated by grafting a chosen variety onto hardier rootstock.

Deadheading spent rose blooms often encourages the bush to keep producing new flowers.

There are thousands of named rose varieties, ranging from tiny miniatures to towering climbers.",HYBRID,CLIMBING,SHRUB,FLORIBUNDA,THORN,PETAL,BLOOM,BUD,HIP,FRAGRANCE,CANE,GRAFT,DEADHEAD,VARIETY
Trees and Shrubs,"Oak trees can live for several hundred years and support an enormous number of wildlife species.

Maple trees are the source of the sap used to make maple syrup.

Birch trees are known for their distinctive white, papery bark that peels in thin layers.

Willow trees are fast-growing and often planted near water, where their roots help control erosion.

Magnolias are among the most ancient flowering plant lineages still alive today.

Juniper shrubs are valued in landscaping for staying green through winter and tolerating poor soil.

Boxwood is a classic choice for clipped, formal hedges because it responds well to frequent trimming.

Holly shrubs are known for their glossy, spiny leaves and bright red winter berries.

Lilac shrubs are prized for their fragrant purple or white blooms in spring.

Forsythia is often one of the very first shrubs to bloom, signaling the start of spring with bright yellow flowers.

Spirea shrubs produce dense clusters of small flowers and are valued for their low-maintenance nature.

Dogwood trees produce distinctive four-petaled flowers in spring, followed by berries favored by birds.

Elm trees were once widely planted as street trees before Dutch elm disease devastated many populations.

Spruce trees have stiff, sharp needles attached individually to the branch, unlike the softer needles of firs.",OAK,MAPLE,BIRCH,WILLOW,MAGNOLIA,JUNIPER,BOXWOOD,HOLLY,LILAC,FORSYTHIA,SPIREA,DOGWOOD,ELM,SPRUCE
Garden Design,"Symmetry in garden design creates a formal, orderly feeling by mirroring elements on either side of a central line.

A focal point draws the eye and gives a garden a clear visual anchor, like a specimen tree or sculpture.

Garden borders frame planting beds and help define the edges of a space.

A well-planned pathway guides visitors through a garden while protecting the surrounding plants.

A garden's overall layout determines how different areas and features relate to one another.

Mixing leaf textures, from fine and feathery to broad and glossy, adds visual interest even without flowers.

Color theory helps gardeners choose plant combinations that either harmonize or create striking contrast.

Scale considers how the size of plants and structures relates to the overall space and each other.

Balance in garden design doesn't require symmetry -- it can also come from thoughtfully placed asymmetry.

Repeating certain plants or colors throughout a garden helps tie separate areas together visually.

A hedge or wall can serve as a backdrop that makes brighter plants in front stand out.

A framed vista draws the eye toward a distant view, whether natural scenery or a garden feature.

A limited color palette often reads as more sophisticated than planting every color at once.

Choosing a unifying theme, like a Mediterranean or cottage style, helps guide every design decision.",SYMMETRY,FOCUS,BORDER,PATHWAY,LAYOUT,TEXTURE,COLOR,SCALE,BALANCE,REPETITION,BACKDROP,VISTA,PALETTE,THEME
Fertilizing and Feeding,"Well-aged animal manure adds organic matter and nutrients to garden soil, but fresh manure can burn plant roots.

Granular fertilizers release their nutrients gradually as they break down in the soil.

Liquid fertilizers are absorbed quickly, making them useful for giving plants a fast nutrient boost.

Organic fertilizers come from plant or animal sources and typically feed soil life as well as plants.

Synthetic fertilizers are manufactured to deliver specific, precisely measured nutrient ratios.

Slow-release fertilizers are coated so their nutrients become available gradually over weeks or months.

Top-dressing spreads a thin layer of compost or fertilizer directly onto the soil surface around existing plants.

Foliar feeding applies liquid nutrients directly to a plant's leaves for rapid absorption.

Bone meal is a slow-release organic fertilizer especially valued for its phosphorus content.

Fish emulsion is a liquid organic fertilizer made from processed fish byproducts.

Garden lime raises soil pH, making acidic soil less sour for plants that prefer neutral conditions.

Gypsum can improve heavy clay soil structure without significantly changing its pH.

A balanced fertilizer supplies roughly equal amounts of the three primary plant nutrients.

Vermicompost is nutrient-rich compost produced with the help of earthworms digesting organic matter.",MANURE,GRANULAR,LIQUID,ORGANIC,SYNTHETIC,RELEASE,TOPDRESS,FOLIAR,BONEMEAL,EMULSION,LIME,GYPSUM,BALANCED,VERMICOMPOST
Gardening Through the Seasons,"As soil begins to thaw in early spring, it becomes workable again after being frozen solid all winter.

Many spring bulbs are among the first plants to bloom once the weather starts warming.

Fruit generally ripens fastest during the warm, sunny days of mid-to-late summer.

Harvest time varies enormously by crop, from quick spring radishes to fall's winter squash.

Dormancy lets many plants survive winter's cold by essentially pausing their growth until spring.

Transplanting seedlings outdoors is best timed to avoid the last expected frost of spring.

Acclimating seedlings gradually to outdoor conditions before transplanting helps them avoid stress and shock.

Tender plants that can't survive freezing temperatures must be brought indoors to overwinter.

Succession planting means sowing new crops every few weeks for a continuous harvest all season.

Rotating where crops are planted each year helps prevent soil-borne diseases from building up.

Perennial plants live for multiple years, regrowing from the same roots each season.

Annual plants complete their entire life cycle, from seed to death, within a single year.

Biennial plants take two years to complete their life cycle, usually flowering only in the second year.

A plant's hardiness rating indicates the coldest winter temperatures it can typically survive.",THAW,BLOOM,RIPEN,HARVEST,DORMANCY,TRANSPLANT,ACCLIMATE,OVERWINTER,SUCCESSION,ROTATION,PERENNIAL,ANNUAL,BIENNIAL,HARDINESS
Butterfly and Wildlife Gardens,"Milkweed is the only plant monarch butterfly caterpillars are able to eat.

Flowers produce nectar specifically to attract and reward the pollinators that visit them.

A host plant is one a particular insect species needs in order to lay eggs and complete its life cycle.

Inside a chrysalis, a caterpillar undergoes a dramatic transformation into a butterfly.

A larva is an insect's early life stage, dramatically different in form from the adult it will become.

Monarch butterflies undertake one of the longest known insect migrations, traveling thousands of miles each year.

Swallowtail butterflies are named for the pointed, tail-like extensions on their hind wings.

A birdbath gives birds a reliable water source for both drinking and bathing.

A well-stocked bird feeder can attract a wide variety of species to a garden year-round.

Creating habitat with native plants gives local wildlife the food and shelter they've adapted to rely on.

A wildlife sanctuary garden is planted specifically to support and protect local birds, insects, and small animals.

Moths, like butterflies, typically spend time inside a protective cocoon during their transformation.

Bird migration patterns are closely tied to the seasonal availability of food sources like insects and berries.

Pollinator populations worldwide benefit from gardens that avoid pesticides and offer a variety of blooming plants.",MILKWEED,NECTAR,HOST,CHRYSALIS,LARVA,MONARCH,SWALLOWTAIL,BIRDBATH,FEEDER,HABITAT,SANCTUARY,COCOON,MIGRATION,POLLINATOR
Companion Planting,"Marigolds are commonly planted alongside vegetables because their scent is thought to help repel certain pests.

Nasturtiums are often used as a ""trap crop,"" luring pests away from more valuable vegetables nearby.

Borage draws in extra pollinators, and a controlled study found strawberries planted near it yielded noticeably more fruit.

Chamomile is sometimes called a ""physician plant"" for its old reputation of improving the health of nearby crops.

Basil is traditionally planted near tomatoes, a pairing gardeners have used for generations.

Dill can attract beneficial predatory insects that help control pests on nearby vegetables.

Carrots and onions are often paired because each plant's scent may help mask the other from pests.

Beans, along with corn and squash, form the traditional ""Three Sisters"" planting method used by Indigenous farmers.

Corn provides a natural support structure for climbing bean vines to grow up in companion plantings.

Squash's broad leaves shade the soil, helping to suppress weeds around companion-planted corn and beans.

Interplanting different crops together can make more efficient use of garden space and confuse pest insects.

Some companion plants are chosen specifically to repel insects that would otherwise damage nearby crops.

Other companion plants work by attracting beneficial insects that prey on common garden pests.

The overall synergy between well-chosen companion plants can improve garden health more than growing each crop alone.",MARIGOLD,NASTURTIUM,BORAGE,CHAMOMILE,BASIL,DILL,CARROT,BEAN,CORN,SQUASH,INTERPLANT,REPEL,ATTRACT,SYNERGY
Flower Bulbs,"Tulip bulbs are planted in fall so they can experience the cold winter needed to trigger spring blooming.

Daffodils contain a natural toxin that keeps squirrels and deer from eating the bulbs.

Crocuses are often among the very first flowers to bloom, sometimes even pushing up through snow.

Hyacinths are prized for their powerful fragrance, produced by densely packed flower spikes.

Bearded iris rhizomes should be planted with their top partly exposed above the soil surface.

True lilies grow from scaly bulbs and are unrelated to daylilies despite the similar name.

Gladiolus spikes can grow several feet tall, with flowers opening gradually from the bottom up.

Amaryllis bulbs are popular for winter forcing, producing enormous blooms indoors during the colder months.

Allium flowers form striking round flower clusters and belong to the same family as onions and garlic.

Anemone flowers come in both fall-planted and spring-planted types, depending on the variety.

Ranunculus plants grow from small claw-shaped corms and produce some of the most densely petaled blooms in the garden.

Freesias are especially valued in bouquets for their sweet fragrance.

Snowdrops are known for blooming extremely early, sometimes while there's still snow on the ground.

Calla lilies grow from rhizomes and produce a single, elegantly curved petal-like bract around each flower spike.",TULIP,DAFFODIL,CROCUS,HYACINTH,IRIS,LILY,GLADIOLUS,AMARYLLIS,ALLIUM,ANEMONE,RANUNCULUS,FREESIA,SNOWDROP,CALLA
Common Garden Weeds,"Thistles produce deep taproots and sharp spines that make them tough to remove by hand.

Clover is sometimes tolerated or even encouraged in lawns since it can add nitrogen back into the soil.

Chickweed spreads quickly in cool weather and can form a dense mat across bare soil.

Plantain weed has broad, ribbed leaves and is unrelated to the banana-like plantain fruit.

Bindweed twines tightly around other plants and can be extremely difficult to fully eliminate once established.

Nutsedge is often mistaken for grass but can be identified by its triangular stem.

Pokeweed produces berries that are toxic to humans, though many birds can eat them safely.

Ragweed pollen is one of the most common triggers of seasonal allergies in late summer and fall.

Nettles can deliver a stinging, itchy reaction when touched, thanks to tiny hollow hairs on their leaves.

Burdock produces round, spiky seed heads that are famously credited with inspiring hook-and-loop fastener.

Henbit is a low-growing winter weed easily identified by its small purple flowers in early spring.

Purslane is edible and surprisingly nutritious, though most gardeners still treat it as an unwanted weed.

Ground ivy spreads along the soil surface by rooting wherever its trailing stems touch the ground.

Spurge plants release a milky sap when broken that can irritate skin on contact.",THISTLE,CLOVER,CHICKWEED,PLANTAIN,BINDWEED,NUTSEDGE,POKEWEED,RAGWEED,NETTLE,BURDOCK,HENBIT,PURSLANE,GROUNDIVY,SPURGE
Native Plants and Wildflowers,"Purple coneflower, or echinacea, is a native prairie plant popular with both pollinators and gardeners.

Black-eyed Susans are hardy native wildflowers recognized by their bright yellow petals and dark center.

Asters bloom in late summer and fall, providing crucial late-season nectar for migrating pollinators.

Goldenrod is often mistakenly blamed for hay fever, though its pollen is too heavy and sticky to travel far in the air.

Lupine flowers grow in tall spikes and belong to the same family as peas and beans.

Lobelia comes in both native wildflower species and popular garden varieties prized for vivid blue flowers.

Liatris, also called blazing star, produces tall purple flower spikes that bloom from the top down.

Lavender is beloved for its calming fragrance and its ability to thrive in dry, sunny conditions.

Prairie ecosystems historically supported an enormous diversity of native grasses and flowering plants.

A wildflower meadow can provide season-long food and habitat for a wide range of pollinators.

Indigenous peoples across North America cultivated and used native plants for food, medicine, and craft for millennia.

A garden planted with native species supports the local ecosystem more effectively than many exotic ornamentals.

Butterflies rely heavily on specific native plants for both nectar as adults and food as caterpillars.

Wildflower gardens generally require less water and fertilizer than traditional ornamental flower beds.",CONEFLOWER,BLACKEYEDSUSAN,ASTER,GOLDENROD,LUPINE,LOBELIA,LIATRIS,LAVENDER,PRAIRIE,MEADOW,INDIGENOUS,ECOSYSTEM,BUTTERFLY,WILDFLOWER
Vines and Climbing Plants,"Ivy clings to surfaces using small root-like structures that grip onto brick, wood, or bark.

Clematis vines are sometimes called the ""queen of climbers"" for their large, showy flowers.

Wisteria vines can grow remarkably fast and heavy, requiring sturdy support structures to bear their weight.

Honeysuckle flowers produce a sweet nectar that hummingbirds and butterflies find highly attractive.

Morning glory flowers typically open at dawn and close again by the afternoon heat.

A grapevine's tendrils coil tightly around supports, pulling the growing vine upward as it climbs.

Jasmine vines are grown around the world primarily for their intensely sweet evening fragrance.

Trumpet vine produces large, tubular flowers that are especially attractive to hummingbirds.

Passionflower vines produce intricate, unusually shaped blooms followed by edible fruit in some varieties.

Bougainvillea's colorful display actually comes from papery bracts surrounding its much smaller true flowers.

A tendril is a thin, thread-like structure some climbing plants use to grip onto supports.

Twining vines wind their entire stem around a support, rather than using tendrils or clinging roots.

Climbing plants let gardeners add greenery and flowers vertically, even in small garden spaces.

A lattice provides an open, crisscrossed framework that gives young climbing plants something to grip early on.",IVY,CLEMATIS,WISTERIA,HONEYSUCKLE,MORNINGGLORY,GRAPEVINE,JASMINE,TRUMPETVINE,PASSIONFLOWER,BOUGAINVILLEA,TENDRIL,TWINING,CLIMBER,LATTICE
Ornamental Grasses,"Fountain grass gets its name from its arching, spray-like clumps of narrow foliage.

Pampas grass can grow into towering clumps topped with large, feathery plumes in late summer.

Bamboo is technically a type of grass and includes some of the fastest-growing plants on Earth.

Fescue is a cool-season grass often chosen for lawns in cooler climates.

Sedges resemble grasses but often have distinctly triangular stems, unlike true grasses' round ones.

Miscanthus varieties are popular ornamental grasses valued for their height and graceful, arching form.

Little bluestem is a native prairie grass known for turning a striking reddish-bronze color in fall.

Switchgrass is a hardy native prairie grass also used for erosion control and biofuel production.

Zoysia grass is prized in warm climates for forming a dense, carpet-like lawn.

Bermuda grass spreads aggressively by both underground and above-ground runners, making it hard to contain.

Ryegrass germinates quickly, which is why it's often used to overseed lawns for fast results.

Feather grass produces long, silky seed heads that sway dramatically in even a light breeze.

A grass plume is the feathery flowering seed head that rises above many ornamental grass varieties.

Grass blades grow continuously from their base, which is why mowing doesn't harm the plant.",FOUNTAIN,PAMPAS,BAMBOO,FESCUE,SEDGE,MISCANTHUS,BLUESTEM,SWITCHGRASS,ZOYSIA,BERMUDA,RYEGRASS,FEATHERGRASS,PLUME,BLADE
Water Gardens and Ponds,"A backyard pond can support fish, aquatic plants, and a surprising variety of visiting wildlife.

Water lilies root in mud at the pond bottom while their flowers and leaves float on the surface.

Lotus flowers are known for rising well above the water on tall stems, unlike lower-floating water lilies.

Koi fish are a domesticated, ornamental variety of carp bred for their bright colors and patterns.

A cascading water feature adds both movement and soothing sound to a garden pond.

A pond filter helps keep water clear by removing debris and supporting beneficial bacteria.

A flexible pond liner creates a watertight basin, letting gardeners build a pond almost anywhere.

Aquatic plants help oxygenate pond water and provide shelter for fish and other wildlife.

Algae growth in a pond is often controlled by balancing sunlight, nutrients, and plant coverage.

Reeds growing at a pond's edge help filter runoff and provide habitat for wildlife.

A lily pad's waxy, water-repellent surface helps keep it floating clear of standing water.

A biofilter uses beneficial bacteria to break down fish waste and keep pond water healthy.

A pump keeps pond water circulating, which helps prevent stagnation and supports oxygen levels.

A garden waterfall recirculates water from a pond, adding both sound and aeration to the feature.",POND,WATERLILY,LOTUS,KOI,CASCADE,FILTER,LINER,AQUATIC,ALGAE,REED,LILYPAD,BIOFILTER,PUMP,WATERFALL
Bonsai and Topiary,"Bonsai is the centuries-old art of growing and shaping miniature trees in containers.

Topiary involves training and clipping living plants into precise decorative or geometric shapes.

Careful, regular pruning keeps a bonsai tree small while encouraging a mature, tree-like form.

Bonsai growers use thin wire to gently bend and train branches into a desired shape as they grow.

Training a plant's growth over months or years is central to both bonsai and topiary traditions.

Despite their tiny size, bonsai trees are the same species as their full-sized counterparts.

A bonsai's trunk is often shaped to suggest great age and character within a small container.

A tree's canopy is carefully thinned and shaped in bonsai to mimic a mature tree's silhouette.

Nebari refers to the visible surface root flare at a bonsai's base, prized for its aged appearance.

Bonsai trees need to be repotted periodically to refresh their soil and trim their confined root systems.

A shallow bonsai tray is chosen specifically to restrict root growth and help keep the tree miniature.

Junipers are among the most popular species for bonsai because they tolerate heavy pruning and shaping well.

Maple trees are prized in bonsai for their delicate leaves and vibrant fall color.

Both bonsai and topiary demand tremendous patience, since dramatic results often take years to achieve.",BONSAI,TOPIARY,PRUNE,WIRE,TRAIN,MINIATURE,TRUNK,CANOPY,NEBARI,REPOT,TRAY,JUNIPER,MAPLE,PATIENCE
Sunflowers,"Young sunflowers exhibit heliotropism, tracking the sun across the sky before maturing and typically facing east.

Each sunflower ""flower"" is actually made of hundreds of tiny petals arranged around a central disc.

A single sunflower seedhead can contain over a thousand individual seeds.

A sunflower's thick stalk can grow more than ten feet tall in a single season.

Sunflowers produce abundant pollen that's highly attractive to bees and other pollinators.

The tallest recorded sunflowers have reached heights of over 30 feet.

Most garden sunflowers are annuals, completing their life cycle in a single growing season.

Hybrid sunflower varieties are often bred for pollen-free blooms, making them popular as cut flowers.

Commercial sunflower hybrids are selected for traits like disease resistance and seed yield.

Sunflower seeds are pressed to produce a widely used cooking oil.

The sunflower's golden color comes from pigments that also help attract pollinators.

The central disc of a sunflower is made up of hundreds of small individual florets.

The seeds within a sunflower head are arranged in a natural spiral pattern following a mathematical sequence.

Sunflower seed heads are typically harvested once the back of the head turns brown and dry.",HELIOTROPISM,PETAL,SEEDHEAD,STALK,POLLEN,TALLEST,ANNUAL,BLOOM,HYBRID,OILSEED,GOLDEN,DISC,SPIRAL,HARVEST
Tulips,"Tulip bulbs need a period of cold dormancy before they'll bloom in spring.

A tulip's petals form a distinctive cup or goblet shape when the flower opens.

The Dutch became closely associated with tulips after a 17th-century speculative bulb-trading boom.

Tulips are among the earliest and most recognizable signs of spring in many gardens.

Hybrid tulips are bred for traits like color, fringe patterns, or extended bloom time.

The goblet-shaped bloom helps protect a tulip's reproductive parts from rain and cold.

Thousands of tulip varieties exist, ranging from simple single-color blooms to elaborately fringed types.

A tulip cultivar is a specific variety bred and maintained for consistent characteristics.

Tulip bulbs are generally hardy but can be damaged by a late, hard frost after sprouting.

Tulip blooms typically last only one to two weeks before petals begin to drop.

Tulip stems continue to grow slightly even after the flowers are cut for a vase.

Tulip bulbs are traditionally planted in autumn, several weeks before the ground freezes.

Tulips come in nearly every color except true blue.

Tulip bulbs were originally imported to Europe from the Ottoman Empire in the 16th century.",BULB,PETAL,DUTCH,SPRING,HYBRID,GOBLET,VARIETY,CULTIVAR,FROST,BLOOM,STEM,PLANTING,COLOR,IMPORT
Daffodils,"A daffodil's central trumpet-shaped structure is technically called the corona.

Daffodil bulbs multiply underground over time, producing more blooms in following years.

Daffodils belong to the genus Narcissus, named in Greek mythology.

Many daffodil varieties have a slightly nodding, downward-facing bloom.

The corona at a daffodil's center is often a different color than its outer petals.

Daffodils are known for naturalizing, spreading and multiplying on their own once established.

Daffodils are among the earliest bulbs to bloom, often appearing while snow still lingers.

Bright yellow is the most iconic daffodil color, though white and orange varieties also exist.

Daffodils are perennial bulbs, returning reliably year after year with minimal care.

Some daffodil varieties produce multiple blooms in a cluster on a single stem.

A daffodil's stem is hollow, which helps it stay upright despite its relatively large bloom.

Certain daffodil varieties are prized for a strong, sweet fragrance.

Daffodils are organized into official divisions based on flower shape and parentage.

Daffodils are one of the most reliable and widely planted spring-flowering bulbs.",TRUMPET,BULB,NARCISSUS,NODDING,CORONA,NATURALIZE,EARLY,YELLOW,PERENNIAL,CLUSTER,STEM,FRAGRANT,DIVISION,SPRING
Orchids,"Many orchid species are epiphytes, growing on other plants rather than in soil.

Epiphytic orchids use specialized aerial roots to absorb moisture and nutrients from the air.

The orchid family, Orchidaceae, is one of the largest families of flowering plants on Earth.

Orchid pollen is packaged into waxy masses called pollinia rather than loose grains.

The comet orchid famously evolved alongside a specific moth species with an extremely long tongue.

Vanilla, used widely in baking, actually comes from the seed pods of a climbing orchid.

Orchids are typically potted in chunky bark mix rather than traditional soil, since their roots need airflow.

Most orchids thrive in relatively high humidity, mimicking their native tropical environments.

A healthy orchid bloom spike can support many flowers that open in succession over weeks.

Orchids can be propagated by dividing an established plant into separate sections.

Some orchids use mimicry, resembling female insects to trick males into attempting to pollinate them.

Greenhouses allow orchid growers to closely control temperature, humidity, and light year-round.

With proper care, many orchids will rebloom on the same or a new spike each year.

Certain orchid species produce a strong, sweet fragrance to attract specific pollinators.",EPIPHYTE,AERIALROOT,ORCHIDACEAE,POLLINIA,MOTH,VANILLA,POTTING,HUMIDITY,BLOOMSPIKE,DIVISION,MIMICRY,GREENHOUSE,REBLOOM,FRAGRANCE
Peonies,"Herbaceous peonies die back to the ground each winter and regrow from the roots in spring.

Peonies grow from thick, fleshy tuberous roots rather than bulbs.

Ants are commonly seen on peony buds, attracted to a sugary secretion, though they don't harm the plant.

Many peony varieties are prized for their strong, sweet fragrance.

Peonies typically bloom for a few weeks in late spring to early summer.

Double-flowered peony varieties have many extra layers of petals compared to simpler single blooms.

Peonies are remarkably long-lived, with some plants thriving in the same spot for decades.

Large, heavy peony blooms often benefit from staking to keep them from flopping over.

The peony is named after Paeon, a healer in Greek mythology.

Established peony plants can be divided to create new plants, though they resent frequent disturbance.

Peony buds start out small and hard before rapidly swelling just before opening.

Tree peonies have a woody, shrub-like structure, unlike the more common herbaceous type.

Peonies have a relatively short bloom time compared to many other perennial flowers.

Peonies are a popular choice for cut flower arrangements, especially in wedding bouquets.",HERBACEOUS,TUBER,ANTBLOOM,FRAGRANT,SPRING,DOUBLE,LONGLIVED,STAKING,PEONY,DIVISION,BUD,SHRUB,BLOOMTIME,CUTFLOWER
Dahlias,"Dahlias grow from tuberous roots that must typically be dug up before winter in cold climates.

Disbudding, removing side buds, encourages a dahlia plant to put more energy into fewer, larger blooms.

Pompon dahlias have small, tightly rounded blooms made of many curled petals.

Dinnerplate dahlias can produce blooms up to a foot across.

Dahlia tubers are frost-tender and can be killed if left in the ground through a hard freeze.

Tall dahlia varieties often need staking to support their heavy blooms.

Dahlias are known for blooming later in the season, often continuing until the first frost.

Thousands of registered dahlia varieties exist, spanning a huge range of sizes and forms.

Dahlias can be propagated from stem cuttings as well as by dividing their tubers.

Gardeners in cold climates typically overwinter dahlia tubers indoors in a cool, dry space.

Dahlia petals can be flat, curled, or quilled depending on the variety.

Dahlias are native to Mexico and were cultivated by the Aztecs long before reaching Europe.

Dahlias are popular show flowers, with competitions judging size, form, and color.

Dahlias are available in nearly every color except true blue.",TUBER,DISBUDDING,POMPON,DINNERPLATE,FROSTTENDER,STAKING,LATEBLOOM,VARIETY,CUTTING,OVERWINTER,PETAL,MEXICO,SHOWFLOWER,COLORFUL
Hydrangeas,"Mophead hydrangeas produce large, rounded clusters of showy blooms.

Lacecap hydrangeas have flat flower clusters with tiny fertile flowers ringed by showier ones.

""Bluing"" a hydrangea refers to shifting its bloom color toward blue through soil chemistry.

Aluminum availability in the soil is a key factor in whether certain hydrangeas bloom blue or pink.

Panicle hydrangeas produce cone-shaped flower clusters rather than rounded mophead blooms.

Oakleaf hydrangeas are named for their distinctively lobed, oak-like foliage.

Pruning time for hydrangeas depends heavily on the variety, since some bloom on old wood and others on new.

Hydrangeas are woody shrubs that can range from a few feet to over ten feet tall.

Bloom color in many hydrangea varieties is directly tied to the soil's pH level.

Many hydrangea varieties prefer partial shade, especially in hot climates.

Deadheading spent hydrangea blooms can encourage a tidier appearance, though it doesn't always trigger reblooming.

Climbing hydrangea varieties can attach themselves to walls or trellises using small aerial roots.

More acidic soil tends to produce blue hydrangea blooms, while alkaline soil favors pink.

Bigleaf hydrangeas are among the most commonly grown hydrangea species in home gardens.",MOPHEAD,LACECAP,BLUING,ALUMINUM,PANICLE,OAKLEAF,PRUNING,SHRUB,BLOOMCOLOR,SHADE,DEADHEAD,CLIMBING,ACIDITY,BIGLEAF
Lavender,"Lavender's essential oil is widely used in perfumes, soaps, and aromatherapy products.

Lavender is prized for its strong, aromatic fragrance, present in both its flowers and foliage.

Lavender is native to the Mediterranean region, where it thrives in dry, sunny conditions.

Lavender flowers form on tall, narrow spikes above the plant's foliage.

Lavender is highly drought-tolerant once established, making it popular in water-wise gardens.

Dried lavender flowers are commonly used in sachets to freshen drawers and closets.

Lavender is a woody perennial that can live for many years with proper care.

Lavender flowers are highly attractive to bees and other pollinators.

Lavender's silvery-green foliage helps it reflect intense sunlight in hot climates.

Regular pruning after bloom helps keep lavender plants compact and prevents them from becoming woody.

The genus name Lavandula is thought to derive from the Latin word for ""to wash.""

Dried lavender retains much of its fragrance and color for months after harvest.

Culinary lavender is used sparingly to flavor baked goods, teas, and other dishes.

Lavender is a popular choice for low, fragrant garden borders and edging.",ESSENTIALOIL,AROMATIC,MEDITERRANEAN,SPIKE,DROUGHTTOLERANT,SACHET,PERENNIAL,POLLINATOR,SILVERY,PRUNING,LAVANDULA,DRIED,CULINARY,BORDER
Marigolds and Zinnias,"Marigolds are often planted alongside vegetables in the belief that their scent helps deter certain pests.

Zinnias are known for their bright, long-lasting blooms in a huge range of colors.

Both marigolds and zinnias are typically grown as annuals, completing their life cycle in one season.

Regularly deadheading marigolds and zinnias encourages the plants to keep producing new blooms.

Marigolds are sometimes used as a natural repellent in companion planting schemes.

Marigolds and zinnias are both considered easy-care flowers well suited to beginning gardeners.

Both flowers are popular choices for bedding displays due to their reliable, colorful blooms.

Zinnias are a favorite for cut flower gardens because of their sturdy stems and vase life.

Marigold and zinnia seeds generally germinate quickly in warm soil.

Both marigolds and zinnias are commonly direct-sown into garden beds rather than started indoors.

Zinnias come in vibrant shades ranging from soft pastels to bold, saturated colors.

Marigolds are a classic companion plant in vegetable gardens.

Both marigolds and zinnias bloom over a long stretch of the growing season.

Marigolds and zinnias generally tolerate heat and short dry spells fairly well once established.",MARIGOLD,ZINNIA,ANNUAL,DEADHEADING,REPELLENT,EASYCARE,BEDDING,CUTFLOWER,GERMINATION,DIRECTSOW,VIBRANT,COMPANION,LONGBLOOM,DROUGHT
Irises,"Bearded irises grow from thick underground rhizomes rather than true bulbs.

Bearded iris varieties are named for the fuzzy ""beard"" found on their lower petals.

The stylized fleur-de-lis symbol is widely believed to be based on the iris flower.

Irises belong to the plant family Iridaceae, along with crocuses and gladiolus.

An iris flower's lower, drooping petals are called ""falls.""

An iris flower's upright inner petals are called ""standards.""

Crowded iris rhizomes benefit from being divided every few years to stay healthy and bloom well.

Some modern iris varieties are bred to rebloom later in the season after their initial spring flush.

Siberian irises tolerate wetter, boggier soil better than many bearded iris varieties.

Some iris species thrive in consistently moist soil, unlike drought-tolerant bearded types.

Iris foliage has a distinctive flat, sword-like shape.

Most iris varieties bloom in mid to late spring.

Irises are available in an extremely wide range of colors, including some near-black varieties.

The iris flower is named after Iris, the Greek goddess of the rainbow.",RHIZOME,BEARDED,FLEURDELIS,IRIDACEAE,FALLS,STANDARDS,DIVISION,REBLOOM,SIBERIAN,MOISTURE,SWORD,SPRING,COLORRANGE,GODDESS
Daisies and Asters,"Daisies and asters are both members of the large composite, or aster, plant family.

What looks like a single daisy petal is technically one small ray floret.

The center of a daisy or aster flower is made up of many tiny disc florets.

Many aster varieties are perennials, returning reliably year after year.

Asters are prized for extending garden color into fall, when many other flowers have finished blooming.

Shasta daisies are a popular hybrid known for their classic white-and-yellow blooms.

Michaelmas daisies are a traditional name for certain fall-blooming aster varieties.

Both daisies and asters are highly attractive to bees, butterflies, and other pollinators.

Deadheading spent daisy and aster blooms can encourage a longer overall flowering period.

Many aster species are native to North America, supporting local pollinator populations.

Daisies are often associated with a simple, cheerful appearance in garden design.

Wild daisies and asters are common sights in meadows and along roadsides.

Both daisies and asters are generally considered hardy, low-maintenance garden plants.

The daisy's simple flower structure has made it a common symbol in art and folklore.",COMPOSITE,RAYFLORET,DISCFLORET,PERENNIAL,FALLBLOOM,SHASTA,MICHAELMAS,POLLINATOR,DEADHEAD,NATIVE,CHEERFUL,MEADOW,HARDY,SIMPLE
Tomatoes,"Determinate tomato varieties grow to a fixed size and ripen most of their fruit around the same time.

Indeterminate tomato varieties keep growing and producing fruit until frost stops them.

Tomato plants grow along a sprawling vine unless supported or pruned.

Heirloom tomato varieties are open-pollinated types passed down for generations, often prized for flavor.

Caging tomato plants helps keep the fruit off the ground and improves air circulation.

Blossom end rot in tomatoes is often linked to inconsistent watering and calcium uptake.

Tomatoes continue to ripen after picking, especially if they're already starting to turn color.

Tomatoes belong to the nightshade family, along with peppers, eggplants, and potatoes.

Suckering removes small side shoots from tomato plants to direct energy into main stems and fruit.

A trellis can support vining tomato plants and keep fruit cleaner and easier to harvest.

Rotating where tomatoes are planted each year helps reduce the buildup of soil-borne diseases.

Tomatoes generally need at least six to eight hours of direct sunlight a day to thrive.

Cherry tomatoes are small, fast-ripening varieties popular for snacking and salads.

Slicing tomatoes are typically larger varieties bred for sandwiches and fresh eating.",DETERMINATE,INDETERMINATE,VINE,HEIRLOOM,CAGING,BLOSSOMEND,RIPEN,NIGHTSHADE,SUCKERING,TRELLIS,ROTATION,SUNLIGHT,CHERRY,SLICING
Peppers,"Capsaicin is the compound responsible for a pepper's heat, concentrated mostly near the seeds and pith.

Bell peppers are a mild pepper variety that starts green and can ripen to red, yellow, or orange.

The Scoville scale measures a pepper's heat based on its capsaicin concentration.

Peppers, like tomatoes, are members of the nightshade plant family.

Pepper seedlings are usually started indoors and transplanted outside after the danger of frost has passed.

A pepper's flavor and sweetness typically increase the longer it's left to ripen on the plant.

Peppers are heat-loving plants that generally struggle in cool or cloudy conditions.

Pepper flowers can self-pollinate, though visiting insects often improve fruit set.

Hundreds of pepper varieties exist, ranging from sweet bell types to extremely hot chilies.

Peppers can be harvested at any stage of ripeness, though flavor changes as they mature.

Spicy pepper varieties are widely used both fresh and dried in cooking around the world.

Sweet pepper varieties are bred specifically to have little to no capsaicin.

Growing peppers in a greenhouse can extend the season in cooler climates.

Tall or heavily fruiting pepper plants sometimes benefit from staking for extra support.",CAPSAICIN,BELLPEPPER,SCOVILLE,NIGHTSHADE,TRANSPLANT,RIPENING,HEATLOVING,POLLINATE,VARIETY,HARVEST,SPICY,SWEET,GREENHOUSE,STAKE
Squash and Pumpkins,"Squash and pumpkins both belong to the cucurbit plant family, along with cucumbers and melons.

Many squash varieties grow as sprawling vines that can spread several feet in every direction.

Bush-type squash varieties take up less garden space than traditional vining types.

Squash plants produce separate male and female blossoms on the same plant.

Squash and pumpkin flowers rely heavily on bees and other pollinators to set fruit.

Winter squash varieties are harvested when fully mature and can be stored for months.

Summer squash varieties are harvested young, while their skin is still tender.

A pumpkin's thick rind helps protect it during long-term storage.

Curing winter squash and pumpkins in a warm, dry spot after harvest helps toughen the skin for storage.

Powdery mildew is a common fungal problem that affects squash leaves, especially in humid conditions.

Vining squash and pumpkin plants typically need generous spacing to sprawl without overcrowding.

Pumpkins are usually harvested once their rind has fully hardened and turned the expected color.

Roasted pumpkin seeds are a popular snack made from the seeds scooped out during carving or cooking.

A sturdy trellis can support smaller squash varieties, saving significant ground space.",CUCURBIT,VINING,BUSHTYPE,BLOSSOM,POLLINATOR,WINTERSQUASH,SUMMERSQUASH,RIND,CURING,MILDEW,SPACING,HARVEST,SEEDS,TRELLIS
Root Vegetables,"Carrots grow best in loose, well-drained soil free of rocks that can cause roots to fork.

Beets can be grown for both their edible root and their nutritious leafy greens.

Radishes are one of the fastest-growing root vegetables, often ready to harvest in under a month.

Turnips are a cool-season root vegetable often grown in both spring and fall.

Parsnips typically taste sweeter after being exposed to a light frost before harvest.

Many root vegetables grow from a single deep taproot rather than a spreading root system.

Loosening compacted soil before planting helps root vegetables grow straight and unobstructed.

Thinning root vegetable seedlings gives the remaining plants enough room to develop properly.

Many root vegetables can be stored for months in cool, humid conditions after harvest.

Harvest time for most root vegetables is judged by size rather than by color change.

Root vegetables develop their edible part underground, out of direct sunlight.

Most common root vegetables prefer the cooler temperatures of spring and fall over peak summer heat.

Succession planting root vegetables every few weeks can provide a steady harvest over the season.

A layer of mulch can help keep soil temperatures more consistent for developing root vegetables.",CARROT,BEET,RADISH,TURNIP,PARSNIP,TAPROOT,LOOSENSOIL,THINNING,STORAGE,HARVESTTIME,UNDERGROUND,COOLSEASON,SUCCESSION,MULCH
Leafy Greens,"Lettuce is one of the most commonly grown leafy greens in home vegetable gardens.

Spinach grows best in cool weather and tends to struggle once temperatures rise in summer.

Kale is known for tolerating cold temperatures better than many other leafy greens.

Chard is prized for its colorful stems as well as its edible leaves.

Bolting occurs when a leafy green plant switches to flowering, often making its leaves bitter.

Most leafy greens are considered cool-season crops, thriving in spring and fall.

Cut-and-come-again harvesting lets gardeners take outer leaves while the plant keeps producing more.

Many leafy greens tolerate partial shade better than fruiting vegetables like tomatoes.

Leafy greens are often prized for their high nutrient content relative to their calories.

Baby greens are harvested while still young and tender, often for salad mixes.

Succession planting leafy greens every couple of weeks helps maintain a continuous harvest.

A lightweight row cover can protect leafy greens from pests without blocking light or rain.

Some leafy greens, like kale, are hardy enough to survive light frosts in the garden.

Fresh leafy greens are a staple ingredient in salads and many other dishes.",LETTUCE,SPINACH,KALE,CHARD,BOLTING,COOLSEASON,CUTANDCOMEAGAIN,SHADE,NUTRIENT,BABYGREENS,SUCCESSION,ROWCOVER,HARDY,SALAD
Berries,"Strawberries spread by sending out runners that root and form new plants.

Blueberries require distinctly acidic soil to grow and produce fruit well.

Raspberries are part of the bramble family, which also includes blackberries.

Bramble fruits typically grow on thorny canes rather than low, spreading plants.

Strawberry runners allow a single plant to expand into a larger patch over a season or two.

Blueberry bushes often need soil amended specifically to maintain the acidic conditions they require.

A layer of mulch around berry plants helps retain moisture and suppress weeds.

Netting is commonly used to protect ripening berries from birds.

Most garden berry plants are perennials, producing fruit for many years once established.

Raspberry and blackberry plants grow on woody canes that typically fruit in their second year.

Berry flowers rely on bees and other pollinators to develop into full-sized fruit.

Berries generally don't continue to ripen much further once they're picked.

Regular picking during peak season encourages many berry plants to continue producing.

Excess berries are often turned into jams and preserves to extend their use well beyond harvest.",STRAWBERRY,BLUEBERRY,RASPBERRY,BRAMBLE,RUNNER,ACIDICSOIL,MULCH,NETTING,PERENNIAL,CANE,POLLINATOR,RIPEN,PICKING,PRESERVES
Melons,"Cantaloupes develop a distinctive netted pattern on their rind as they mature.

Watermelons are made up of over 90 percent water by weight.

Melon plants grow along sprawling vines that need significant room to spread.

Melon flowers depend heavily on bee pollination to develop into full-sized fruit.

Judging a melon's ripeness often relies on cues like stem separation, sound, or a sweet smell.

A melon's sweetness develops mainly in the final weeks before it's fully ripe.

Melon vines typically need generous spacing to avoid overcrowding as they spread.

A layer of mulch under developing melons can help keep the fruit clean and reduce rot.

Melons are heat-loving plants that thrive during the warmest stretch of summer.

Harvest timing for melons varies by variety, since some slip easily from the vine when ripe and others don't.

A melon's thick rind protects the sweet flesh inside during growth and handling.

The netted texture on a cantaloupe's rind forms naturally as the fruit grows.

The hollow seed cavity inside a melon contains the seeds surrounded by stringy pulp.

Melons generally need long stretches of direct sunshine to develop good flavor.",CANTALOUPE,WATERMELON,VINE,POLLINATION,RIPENESS,SWEETNESS,SPACING,MULCH,HEATLOVING,HARVEST,RIND,NETTING,SEEDCAVITY,SUNSHINE
Mulching,"Mulch is a layer of material spread over soil to help retain moisture and suppress weeds.

A layer of mulch reduces how quickly water evaporates from garden soil.

Mulch acts as a weed barrier, blocking the light that weed seeds need to sprout.

Shredded bark is one of the most common types of mulch used in home landscaping.

Straw mulch is a popular, lightweight choice for vegetable gardens.

Mulch helps insulate plant roots from extreme temperature swings.

Organic mulches gradually decompose, adding nutrients back into the soil over time.

Mulch is typically applied a few inches deep, avoiding direct contact with plant stems.

Organic mulch materials include wood chips, straw, and shredded leaves.

Mulch is a common feature in ornamental landscape beds as well as vegetable gardens.

A generous layer of mulch helps protect the root zone of both trees and smaller plants.

Applying mulch after the soil has warmed in spring helps avoid trapping in excess cold.

Mulch helps moderate soil temperature, keeping roots cooler in summer and warmer in winter.

Since organic mulch breaks down over time, it typically needs to be replenished annually.",MULCH,MOISTURE,WEEDBARRIER,BARK,STRAW,INSULATE,DECOMPOSE,DEPTH,ORGANIC,LANDSCAPE,ROOTZONE,APPLYING,TEMPERATURE,REPLENISH
Raised Bed Gardening,"A raised bed is a garden plot built above the surrounding ground level, often within a frame.

Raised beds generally offer better drainage than gardening directly in dense native soil.

Raised beds are often filled with a custom soil blend suited to the plants being grown.

A wooden or stone frame is commonly used to contain the soil in a raised bed.

Raised beds can improve accessibility for gardeners who have difficulty bending or kneeling.

Raised beds are well suited to intensive planting methods that maximize yield per square foot.

Soil in a raised bed tends to warm up earlier in spring than ground-level garden soil.

The border of a raised bed helps keep soil contained and separate from surrounding pathways.

Raised beds can make weed control easier since fewer weed seeds are present in fresh soil.

Compost is commonly mixed into a raised bed's soil to boost fertility.

Untreated lumber is a popular material for building simple raised bed frames.

Planning a raised bed's layout in advance helps make efficient use of limited garden space.

Because raised beds are elevated, their soil can dry out faster and may need more frequent watering.

Well-managed raised beds can produce a higher yield per square foot than traditional row gardens.",RAISEDBED,DRAINAGE,SOILBLEND,FRAME,ACCESSIBILITY,INTENSIVE,WARMUP,BORDER,WEEDCONTROL,COMPOST,LUMBER,LAYOUT,ELEVATED,YIELD
Container Gardening,"Potting mix is specially formulated to drain well and support plant roots in a contained space.

A drainage hole at the bottom of a pot helps prevent roots from sitting in standing water.

Container gardening is a popular option for patios where in-ground planting isn't possible.

One advantage of container gardening is that plants can be moved to chase sun or shelter from weather.

A plant becomes rootbound when its roots fill the container and have no more room to spread.

Repotting into a larger container gives a rootbound plant room to keep growing.

Container gardening makes it possible to grow plants on a balcony with no ground access at all.

Glazed ceramic pots retain moisture longer than unglazed terra cotta containers.

Container plants often have different watering needs than the same plant grown in open ground.

Sun exposure can vary significantly across a container's location, affecting which plants will thrive.

Dwarf plant varieties are often bred specifically for success in smaller containers.

A saucer placed under a pot catches excess water draining out the bottom.

Compact plant varieties are especially well suited to container growing.

Container gardening is a versatile option for renters and anyone without traditional garden space.",POTTINGMIX,DRAINAGEHOLE,PATIO,PORTABLE,ROOTBOUND,REPOTTING,BALCONY,GLAZEDPOT,WATERINGNEEDS,SUNEXPOSURE,DWARFVARIETY,SAUCER,COMPACT,VERSATILE
Vertical Gardening,"A trellis gives climbing plants a vertical structure to grow up instead of sprawling across the ground.

Climbing vines like beans and peas naturally reach for vertical supports as they grow.

Wall-mounted planters let gardeners grow plants vertically against a fence or building.

Vertical gardening is especially popular as a space-saving technique in small yards.

An arbor can support climbing plants while also creating a shaded garden feature.

A dedicated vertical structure allows heavier vining plants to be trained upward safely.

A living wall is a vertical surface densely planted with many small plants.

Stacked planting systems let gardeners grow multiple layers of plants in a small footprint.

A sturdy support system is essential for vertical gardening, especially with heavy fruiting vines.

Lattice panels are a common lightweight support structure for climbing plants.

Training a plant's growth direction upward can improve air circulation around its leaves.

An obelisk-style trellis adds a decorative vertical accent while supporting climbing plants.

Vertical gardening techniques are widely used in urban settings with very limited ground space.

Growing plants vertically can improve airflow around foliage, reducing certain fungal problems.",TRELLIS,CLIMBINGVINE,WALLPLANTER,SPACESAVING,ARBOR,STRUCTURE,LIVINGWALL,STACKED,SUPPORTSYSTEM,LATTICE,DIRECTION,OBELISK,URBAN,AIRFLOW
Hydroponics,"Hydroponic systems deliver a carefully balanced nutrient solution directly to plant roots.

Hydroponics is a soilless growing method, using water and nutrients instead of traditional soil.

A reservoir holds the nutrient solution that circulates through a hydroponic system.

Aeration of the nutrient solution helps deliver enough oxygen to submerged plant roots.

Inert materials like clay pellets or rockwool are common grow mediums in hydroponic setups.

Maintaining the correct pH balance in a hydroponic solution is critical for nutrient absorption.

Plant roots still need oxygen in hydroponic systems, not just water and nutrients.

Many hydroponic systems recirculate the same nutrient solution repeatedly to reduce waste.

Hydroponics makes indoor growing possible year-round, independent of outdoor soil and seasons.

Supplemental lighting is often essential for hydroponic setups grown away from natural sunlight.

A simple wick system uses capillary action to draw nutrient solution up to plant roots.

Aeroponics is a related technique that suspends roots in air and mists them with nutrient solution.

Hydroponic systems can be highly efficient with water compared to traditional soil gardening.

Regular monitoring of nutrient levels and pH is necessary to keep a hydroponic system healthy.",NUTRIENTS,SOILLESS,RESERVOIR,AERATION,GROWMEDIUM,PHBALANCE,ROOTOXYGEN,RECIRCULATE,INDOORGROWING,LIGHTING,WICKSYSTEM,AEROPONICS,EFFICIENCY,MONITORING
Crop Rotation,"Crop rotation involves changing what's planted in a given spot from year to year.

Rotating crops helps maintain soil health by preventing the same nutrients from being depleted repeatedly.

Legumes are often included in a rotation because they add nitrogen back into the soil.

Crop rotation can interrupt the life cycle of pests that target a specific plant family.

Beans and peas are common legumes used to enrich soil as part of a rotation plan.

Avoiding back-to-back planting of the nightshade family can reduce certain soil-borne diseases.

Without rotation, growing the same crop repeatedly can lead to significant nutrient depletion.

A well-planned rotation sequence typically spans three to four years before repeating.

Leaving a section fallow for a season is a traditional way to let soil rest and recover.

Rotating a diversity of plant families helps support a wider range of beneficial soil organisms.

Crop rotation can create a disease break, reducing pathogens that build up under continuous planting.

Careful planning is required to rotate crops effectively in a small home garden.

A balanced rotation considers both nutrient needs and pest or disease pressure.

Rotating in nitrogen-fixing plants is one of the simplest ways to replenish depleted soil.",ROTATION,SOILHEALTH,NITROGENFIXING,PESTCYCLE,LEGUME,NIGHTSHADE,DEPLETION,SEQUENCE,FALLOW,DIVERSITY,DISEASEBREAK,PLANNING,BALANCE,REPLENISH
Organic Gardening,"Organic gardening avoids synthetic pesticides and fertilizers in favor of natural alternatives.

Compost is a cornerstone of organic gardening, recycling plant waste into rich soil amendment.

Natural fertilizers like compost and manure feed organic garden soil without synthetic chemicals.

Pesticide-free growing relies on other methods, like beneficial insects, to manage pest problems.

Beneficial insects such as ladybugs are encouraged in organic gardens to help control pests naturally.

Organic gardening practices often focus heavily on supporting healthy soil biology.

Heirloom seeds are popular among organic gardeners who want to save and replant seeds year after year.

Sustainable gardening practices aim to maintain soil and ecosystem health over the long term.

Organic gardens often support greater biodiversity than gardens relying heavily on chemical inputs.

Well-aged manure is a traditional organic fertilizer used to enrich garden soil.

Cover crops are grown specifically to protect and enrich soil rather than for harvest.

Formal organic certification requires meeting specific standards over a period of time.

Organic gardening is often chosen by people seeking a more chemical-free approach to growing food.

Good stewardship of soil and water is a central goal of organic gardening philosophy.",ORGANIC,COMPOST,FERTILIZER,PESTICIDEFREE,BENEFICIAL,SOILBIOLOGY,HEIRLOOMSEED,SUSTAINABLE,BIODIVERSITY,MANURE,COVERCROP,CERTIFICATION,CHEMICALFREE,STEWARDSHIP
Grafting and Plant Cuttings,"A grafted plant's rootstock provides the root system, chosen for traits like disease resistance.

The scion is the upper portion of a graft, chosen for the fruit or flowers it will produce.

A callus of healing tissue forms where a graft union joins two plant parts together.

A cutting is a piece of stem or root removed from a plant to grow into a new, separate plant.

Rooting hormone is sometimes applied to cuttings to encourage faster root development.

Grafting only works reliably between closely related, compatible plant varieties.

A successful graft union allows nutrients and water to flow between rootstock and scion.

Cuttings are a common way to propagate a plant that's genetically identical to its parent.

Softwood cuttings are taken from new, flexible growth earlier in the growing season.

Hardwood cuttings are taken from mature, woody stems, often during dormancy.

Cuttings are typically taken just below a node, where roots are most likely to form.

Proper healing time is essential before a graft or rooted cutting is disturbed.

A plant grown from a cutting is essentially a clone of its parent plant.

Success rate for grafting and cuttings varies widely depending on technique and plant type.",ROOTSTOCK,SCION,CALLUS,CUTTING,ROOTHORMONE,COMPATIBLE,GRAFTUNION,PROPAGATE,SOFTWOOD,HARDWOOD,NODES,HEALING,CLONE,SUCCESSRATE
Greenhouses and Cold Frames,"Greenhouse glazing, whether glass or plastic, traps solar heat to warm the interior air.

Proper ventilation prevents a greenhouse from overheating on sunny days, even in cool weather.

Insulation helps a greenhouse hold onto heat overnight during colder months.

Greenhouses are often used to get young seedlings started well before the outdoor season begins.

Greenhouses and cold frames both help extend the growing season beyond normal outdoor limits.

A cold frame is essentially a miniature, unheated greenhouse close to the ground.

A hoop house uses a simple arched frame covered in plastic to create a low-cost greenhouse.

Thermal mass, like water barrels, can help stabilize temperature swings inside a greenhouse.

Greenhouses often have higher humidity than outdoor air, which benefits many young plants.

Positioning a greenhouse to maximize sunlight exposure improves its heating efficiency.

Cold frames offer frost protection for cool-season crops planted earlier or later than usual.

A greenhouse's structure must be sturdy enough to handle wind and snow loads.

Monitoring temperature closely is important, since greenhouses can overheat quickly on sunny days.

Plants started indoors need time to acclimate to outdoor conditions before permanent transplanting.",GLAZING,VENTILATION,INSULATION,SEEDLING,EXTENDEDSEASON,COLDFRAME,HOOPHOUSE,THERMALMASS,HUMIDITY,SUNLIGHT,PROTECTION,STRUCTURE,TEMPERATURE,ACCLIMATE
Garden Planning and Journaling,"Sketching a garden layout in advance helps avoid overcrowding once plants are actually in the ground.

Planning proper plant spacing ahead of time prevents competition for light, water, and nutrients later.

Noting bloom timing for different plants helps design a garden with color throughout the season.

A written succession plan helps schedule repeated plantings for a continuous harvest.

Careful recordkeeping from past seasons helps a gardener learn what did and didn't work well.

Weather notes kept over several seasons can reveal helpful local planting patterns.

A layout map from a previous year makes crop rotation much easier to plan accurately.

Keeping a running plant list helps track what varieties performed best in past seasons.

Budgeting for seeds, soil amendments, and tools is often part of thoughtful garden planning.

Reflecting on a season's successes and failures helps refine plans for the following year.

Setting seasonal goals can help a gardener prioritize limited time and space effectively.

Photo documentation over time can reveal a garden's progress more clearly than memory alone.

Tracking planting and harvest dates helps refine timing in future growing seasons.

A garden plan is rarely final, and most gardeners revise it as the season actually unfolds.",SKETCH,PLANTSPACING,BLOOMTIMING,SUCCESSIONPLAN,RECORDKEEPING,WEATHERNOTES,LAYOUTMAP,PLANTLIST,BUDGETING,REFLECTION,SEASONALGOALS,PHOTOS,TRACKING,REVISION
Harvesting,"Judging ripeness correctly is one of the most important skills in successful harvesting.

Harvest timing can significantly affect both the flavor and storage life of many crops.

A sturdy harvest basket helps prevent delicate produce from being crushed while gathering it.

Careless handling during harvest can bruise fruit and vegetables, shortening their storage life.

Many gardeners harvest in the morning, when produce is cooler and less prone to wilting.

Continuous picking of many vegetables actually encourages the plant to keep producing more.

Keeping harvesting tools clean and sharp helps prevent damage and disease spread between plants.

Proper storage right after harvest can significantly extend how long produce stays fresh.

Overall yield often depends as much on harvest technique as on how the crop was grown.

Gentle handling during harvest helps preserve the quality of tender fruits and vegetables.

Overripe produce left too long on the plant can attract pests or begin to rot in place.

Sharp shears or scissors make cleaner cuts than tearing produce free by hand.

Freshness at harvest is often the biggest factor separating homegrown produce from store-bought.

Rotating which section of a garden is harvested first can help spread out the overall workload.",RIPENESS,TIMING,HARVESTBASKET,BRUISING,MORNINGHARVEST,PICKING,TOOLCARE,STORAGE,YIELD,GENTLEHANDLING,OVERRIPE,SHARPSHEARS,FRESHNESS,ROTATION
Preserving the Harvest,"Canning uses heat to seal food in jars, preventing spoilage for long-term storage.

Pickling preserves vegetables by submerging them in a vinegar or brine solution.

Dehydrating removes moisture from produce, which helps prevent the growth of mold and bacteria.

Freezing is one of the simplest ways to preserve the flavor and nutrients of fresh produce.

Fermentation preserves food using beneficial bacteria that produce natural acids.

Properly sterilizing jars and equipment is essential to safe home canning.

A salty brine solution is central to many traditional pickling and fermentation recipes.

Vacuum sealing removes air from packaging, helping slow spoilage during storage.

Blanching vegetables briefly in boiling water before freezing helps preserve their color and texture.

Proper preservation techniques can significantly extend a harvest's shelf life.

A preserve jar's tight seal is what keeps stored food safe from contamination over time.

Labeling preserved food with the date helps track freshness and use older batches first.

A cool, dark root cellar was a traditional way to store preserved and fresh produce before refrigeration.

Preserving food properly is meant to prevent spoilage that would otherwise waste a hard-earned harvest.",CANNING,PICKLING,DEHYDRATING,FREEZING,FERMENTATION,STERILIZE,BRINE,VACUUMSEAL,BLANCHING,SHELFLIFE,PRESERVEJAR,LABELING,ROOTCELLAR,SPOILAGE
Seed Saving,"Open-pollinated plants produce seeds that will grow into plants true to the parent.

Cross-pollination between different varieties can produce unpredictable seeds if not managed carefully.

Properly drying seeds before storage helps prevent mold and preserve their viability.

Seed viability naturally declines over time, even under good storage conditions.

A seed packet typically includes information on planting depth, spacing, and timing.

Saving seeds from a diverse group of plants helps maintain genetic diversity within a variety.

Isolation distance between varieties helps prevent unwanted cross-pollination when saving seed.

Cool, dry storage conditions help saved seeds remain viable for as long as possible.

Clearly labeling saved seeds with the variety and year avoids confusion in future seasons.

A simple germination test can reveal what percentage of saved seeds are still viable.

Heirloom varieties are especially popular among gardeners who want to save seed year after year.

Selecting seed from the healthiest, best-performing plants can improve future generations.

Some seeds require a period of dormancy before they're able to germinate successfully.

Seed exchanges let gardeners trade saved seeds and try new varieties without buying them.",OPENPOLLINATED,POLLINATION,DRYING,VIABILITY,SEEDPACKET,DIVERSITY,ISOLATION,STORAGE,LABELING,GERMINATION,HEIRLOOM,SELECTION,DORMANCY,EXCHANGE
Indoor Seed Starting,"A seed tray with small individual cells makes it easy to start many seedlings indoors at once.

Grow lights provide seedlings with consistent light that a sunny window often can't fully match.

Hardening off gradually exposes indoor-started seedlings to outdoor conditions before transplanting.

Germination rates can vary widely depending on seed age, temperature, and moisture.

Damping off is a fungal problem that can quickly kill young seedlings in overly wet conditions.

A light, well-draining potting soil is important for healthy indoor seed starting.

Transplant shock can set seedlings back temporarily as they adjust to their new environment.

A heat mat placed under seed trays can speed up germination for warmth-loving seeds.

Labeling seed trays clearly prevents confusion once seedlings start to look similar.

Thinning crowded seedlings gives the strongest ones more room and resources to grow.

A sunny windowsill can work for starting seeds, though it often provides less light than plants need.

Starting seeds indoors at the right time avoids seedlings becoming overgrown before it's safe to transplant.

Consistent moisture is critical for seeds and young seedlings, which can dry out quickly.

Healthy root growth indoors sets the stage for how well a seedling transplants outside.",SEEDTRAY,GROWLIGHT,HARDENINGOFF,GERMINATION,DAMPINGOFF,POTTINGSOIL,TRANSPLANT,HEATMAT,LABEL,THINNING,WINDOWSILL,TIMING,MOISTURE,ROOTGROWTH
Power Tools and Lawn Equipment,"A lawn mower cuts grass to a consistent, even height across a yard.

String trimmers use a spinning nylon line to cut grass in spots a mower can't reach.

A tiller breaks up and aerates soil before planting a new garden bed.

Leaf blowers use a strong stream of air to quickly clear leaves and debris.

An edger creates a clean, defined line between lawn and pathways or beds.

Chainsaws are used for heavier yard work like cutting fallen branches or small trees.

Hedge trimmers use reciprocating blades to shape shrubs into clean, even lines.

Ignition systems in gas-powered yard tools require proper fuel and spark to start reliably.

Sharp blades make cleaner cuts and put less strain on both plants and a tool's motor.

Regular maintenance, like cleaning and blade sharpening, extends the life of yard equipment.

Using the correct fuel type is essential for keeping small gas engines running properly.

Basic safety gear, like eye and ear protection, is recommended when operating loud power tools.

Electric yard tools tend to be quieter and require less maintenance than gas-powered ones.

Gasoline-powered equipment generally offers more power for larger properties and tougher jobs.",MOWER,TRIMMER,TILLER,BLOWER,EDGER,CHAINSAW,HEDGE,IGNITION,BLADE,MAINTENANCE,FUEL,SAFETY,ELECTRIC,GASOLINE
Wheelbarrows and Garden Carts,"A wheelbarrow's single wheel makes it easier to maneuver through narrow garden paths.

Wheelbarrows are commonly used for hauling soil, mulch, and other heavy garden materials.

A wheelbarrow's capacity is usually measured by the volume of its tray.

Proper balance is important when loading a wheelbarrow to avoid tipping.

An overloaded or unevenly loaded wheelbarrow is prone to tipping over.

A garden cart typically has two or more wheels, offering more stability than a wheelbarrow.

Pneumatic tires absorb bumps better than solid tires, making loads easier to move over rough ground.

A sturdy frame is essential for a wheelbarrow or cart that will carry heavy loads regularly.

Proper loading technique, keeping weight centered, makes a wheelbarrow much easier to control.

Wheelbarrows are generally easier to maneuver in tight spaces than larger garden carts.

Storing a wheelbarrow out of the weather helps prevent rust and extends its lifespan.

The total weight a wheelbarrow can safely carry depends on its size and construction.

Wheelbarrows and carts make transporting heavy materials far easier than carrying them by hand.

A durable, well-built wheelbarrow can last for many years of regular garden use.",WHEELBARROW,HAULING,CAPACITY,BALANCE,TIPPING,GARDENCART,PNEUMATIC,STURDY,LOADING,MANEUVER,STORAGE,WEIGHT,TRANSPORT,DURABLE
Garden Gloves and Protective Gear,"Sturdy gloves protect hands from thorns, splinters, and rough soil while gardening.

Kneepads help cushion the knees during long stretches of weeding or planting.

A wide-brimmed sun hat helps protect the face and neck from prolonged sun exposure.

Safety goggles protect the eyes when using power tools or handling debris.

Earplugs help protect hearing when operating loud power equipment like mowers or trimmers.

Sturdy footwear reduces the risk of injury from tools, sharp debris, or uneven ground.

Breathable fabric helps keep gardeners cooler during long hours of outdoor work.

Thorn-proof gloves are designed with reinforced material to handle roses and other prickly plants.

Sunscreen helps protect exposed skin during long stretches of gardening in direct sun.

A garden apron with pockets keeps small tools and seed packets close at hand.

Waterproof boots keep feet dry when working in wet soil or morning dew.

Long sleeves offer an extra layer of protection from sun, scratches, and irritating plants.

Extra padding in gloves or kneepads can reduce strain during repetitive garden tasks.

Waterproof gear helps keep gardeners comfortable when working in damp or rainy conditions.",GLOVES,KNEEPADS,SUNHAT,GOGGLES,EARPLUGS,STURDY,BREATHABLE,THORNPROOF,SUNSCREEN,APRON,BOOTS,LONGSLEEVE,PADDING,WATERPROOF
Beneficial Birds in the Garden,"Bluebirds are cavity-nesting birds that readily use man-made nest boxes in gardens.

Wrens are small, energetic birds known for eating large numbers of garden insects.

Chickadees are frequent visitors to garden feeders and also eat many insect pests.

A well-placed nest box can attract cavity-nesting birds to a garden.

Insect-eating birds can help naturally reduce populations of many common garden pests.

Seed-eating birds are drawn to gardens with plants left to go to seed at season's end.

A birdbath provides a reliable water source that attracts a wide variety of garden birds.

Bird migration patterns influence which species visit a garden throughout the year.

Birds often use a favorite perch to watch for food or predators before moving.

Larger birds of prey can act as a natural predator, helping control small rodent populations.

Songbirds add both pest control and pleasant sound to a garden environment.

Providing diverse habitat, like shrubs and trees, encourages more bird species to visit.

A fledgling is a young bird that has just left the nest but may still need parental care.

Native plants and water sources are two of the most effective ways to attract garden birds.",BLUEBIRD,WREN,CHICKADEE,NESTBOX,INSECTEATER,SEEDEATER,BIRDBATH,MIGRATION,PERCH,PREDATOR,SONGBIRD,HABITAT,FLEDGLING,ATTRACT
Bees and Beekeeping,"A beehive houses the colony's queen, workers, and developing brood.

A single queen bee is responsible for laying nearly all the eggs in a hive.

Worker bees perform most hive duties, from foraging to caring for larvae.

Drones are male bees whose primary role is to mate with a queen.

Bees collect pollen as a protein source to feed the colony's developing larvae.

Nectar collected by bees is transformed into honey through evaporation and enzyme activity.

Honeycomb cells store honey, pollen, and developing bee larvae in a hive.

A swarm occurs when a large group of bees leaves an overcrowded hive to start a new colony.

An apiary is a location where a beekeeper keeps one or more managed hives.

Beekeepers use smoke to calm bees, making hive inspections safer and easier.

Beekeepers regularly inspect hives to monitor colony health and honey production.

Bees secrete wax from special glands to build the honeycomb structure.

A bee sting is generally used only in self-defense, since many bees die after stinging.

A healthy bee colony can contain tens of thousands of individual bees at its peak.",HIVE,QUEEN,WORKERBEE,DRONE,POLLEN,NECTAR,HONEYCOMB,SWARM,APIARY,SMOKER,BEEKEEPER,WAX,STING,COLONY
Earthworms and Soil Life,"Earthworms burrow through soil, improving its structure as they move.

Worm castings, essentially worm waste, are a nutrient-rich natural fertilizer.

Tunneling by earthworms helps create channels that let air and water move through soil.

Better soil aeration from earthworm activity benefits plant root growth.

Earthworms act as decomposers, breaking down organic matter into simpler nutrients.

Beneficial microbes in healthy soil help make nutrients more available to plant roots.

Fungi form partnerships with many plant roots, helping them access water and nutrients.

Nematodes are microscopic worms; some species help control pests, while others harm plants.

Humus is the dark, stable organic material left after decomposition breaks down plant matter.

Decomposed organics enrich soil, improving both its fertility and its ability to hold moisture.

Bacteria in soil play a key role in breaking down organic matter and cycling nutrients.

Healthy soil structure allows roots, air, and water to move freely underground.

Greater biodiversity in soil organisms generally supports a healthier overall growing environment.

Soil life plays a central role in recycling nutrients back to growing plants.",EARTHWORM,CASTINGS,TUNNELING,AERATION,DECOMPOSER,MICROBE,FUNGI,NEMATODE,HUMUS,ORGANICS,BACTERIA,STRUCTURE,BIODIVERSITY,NUTRIENTS
Garden Frogs and Small Wildlife,"Toads help control garden pests by eating large numbers of insects and slugs.

Frogs are sensitive to environmental changes, making them a helpful indicator of garden health.

Small lizards in the garden often feed on insects, helping keep pest populations in check.

Salamanders prefer cool, moist, shaded areas like garden mulch or leaf litter.

Hedgehogs are welcome garden visitors known for eating slugs, snails, and other pests.

A simple shelter, like a log pile, can provide a safe habitat for small garden wildlife.

A small garden pond can attract frogs and other beneficial wildlife.

Many small garden creatures act as natural predators of common garden pests.

Consistent moisture in shaded garden areas helps support amphibians like frogs and toads.

Providing varied habitat, from rocks to leaf litter, supports a wider range of garden wildlife.

Many small garden creatures, like toads and hedgehogs, are more active at night, or nocturnal.

Many small garden animals are beneficial, quietly helping manage pest populations.

Camouflage helps small garden creatures avoid predators while hunting for food themselves.

Many small wildlife species dig or use a burrow for shelter during the day or in winter.",TOAD,FROG,LIZARD,SALAMANDER,HEDGEHOG,SHELTER,POND,PREDATOR,MOISTURE,HABITAT,NOCTURNAL,BENEFICIAL,CAMOUFLAGE,BURROW
Hummingbird Gardens,"Hummingbirds are among the smallest bird species in the world, some weighing less than a coin.

Hummingbirds feed primarily on flower nectar, supplemented with small insects.

Tubular flowers are especially well suited to a hummingbird's long, thin beak.

A hummingbird feeder filled with sugar water can supplement natural nectar sources.

Trumpet-shaped flowers are a favorite nectar source for many hummingbird species.

Hummingbirds are especially attracted to red and other brightly colored flowers.

Many hummingbird species migrate long distances between breeding and wintering grounds.

Hummingbirds can hover in place by rapidly beating their wings in a figure-eight pattern.

Hummingbirds are often highly territorial, aggressively defending a favored feeding area.

Strong flower fragrance is less important to hummingbirds than bright color and shape.

Planting perennial nectar-rich flowers provides a reliable food source across seasons.

A garden with a mix of blooming times helps attract hummingbirds throughout the season.

A hummingbird's rapid wingbeat allows it to fly in place, backward, and even upside down.

A hummingbird's extremely fast metabolism requires it to feed almost constantly during the day.",HUMMINGBIRD,NECTAR,TUBULAR,FEEDER,TRUMPET,RED,MIGRATION,HOVER,TERRITORIAL,FRAGRANCE,PERENNIAL,ATTRACT,WINGBEAT,METABOLISM
Cottage Gardens,"Cottage gardens favor an informal, relaxed layout over strict rows or symmetry.

Dense planting is a hallmark of the cottage garden style, leaving little bare soil visible.

Perennials are a mainstay of cottage gardens, returning and filling in year after year.

A simple fence often frames a cottage garden, giving structure to its otherwise loose design.

Many cottage garden flowers self-sow readily, spreading naturally from year to year.

Cottage gardens are valued for their charm, feeling more like a happy accident than a plan.

Flowering borders in cottage gardens often mix colors and heights rather than matching precisely.

Heirloom flower varieties are a popular choice for an authentic cottage garden look.

A winding pathway through dense plantings is a classic cottage garden feature.

The romantic, old-fashioned feel of cottage gardens draws inspiration from historic cottage plots.

Abundance, rather than restraint, defines the classic cottage garden aesthetic.

The cottage garden style is closely associated with traditional English gardening.

A climbing rose or vine trained over an arbor or fence is a classic cottage garden touch.

A slightly rustic, imperfect look is often intentional in cottage garden design.",INFORMAL,DENSE,PERENNIAL,FENCE,SELFSOW,CHARM,BORDER,HEIRLOOM,PATHWAY,ROMANTIC,ABUNDANCE,ENGLISH,CLIMBER,RUSTIC
Japanese Gardens,"Zen gardens use minimal elements like rock and gravel to encourage quiet contemplation.

Koi ponds are a signature feature of many traditional Japanese garden designs.

Bonsai, the art of miniature trees, is closely associated with Japanese garden traditions.

Raked gravel is often used to represent flowing water in a dry Japanese garden.

Stone lanterns are a traditional decorative element placed along paths in Japanese gardens.

Japanese maples are prized for their delicate leaves and vivid seasonal color.

A teahouse is a traditional structure found in many formal Japanese garden designs.

Carefully raked patterns in gravel or sand are refreshed regularly to maintain their design.

Japanese garden design often favors asymmetry over the rigid symmetry of some other traditions.

A winding path is designed to slow visitors down and encourage them to notice small details.

Japanese gardens are designed to evoke a sense of tranquility and quiet reflection.

Moss is valued in Japanese gardens for its soft texture and connection to age and stillness.

Bamboo is used throughout Japanese gardens for fencing, water features, and structural accents.

Miniature landscapes in Japanese gardens are often designed to represent larger natural scenes.",ZEN,KOI,BONSAI,GRAVEL,LANTERN,MAPLE,TEAHOUSE,RAKED,ASYMMETRY,PATH,TRANQUIL,MOSS,BAMBOO,MINIATURE
Rock Gardens,"Alpine plants, adapted to mountain conditions, are a popular choice for rock gardens.

Large boulders are often used as focal points in a rock garden's design.

Scree, loose rock fragments, mimics natural mountain slopes in some rock garden styles.

Excellent drainage is essential for most rock garden plants, which dislike sitting in wet soil.

Plants tucked into crevices between rocks often thrive with minimal soil and moisture.

Succulents are well suited to rock gardens thanks to their drought tolerance.

Lichen growing on rocks adds a natural, weathered look to a rock garden over time.

A natural rock outcrop can serve as the starting point for an entire rock garden design.

Rock gardens are often built to mimic the look of a natural, elevated landscape.

Varying rock texture and size adds visual interest to an otherwise simple planting palette.

A naturalistic arrangement of stones, rather than a rigid pattern, defines most rock garden design.

Careful stonework is often the most labor-intensive part of building a rock garden.

Xeric, or dry-adapted, plants are a natural fit for the well-drained conditions of rock gardens.

A layer of gravel around rock garden plants helps improve drainage and suppress weeds.",ALPINE,BOULDER,SCREE,DRAINAGE,CREVICE,SUCCULENT,LICHEN,OUTCROP,ELEVATION,TEXTURE,NATURALISTIC,STONEWORK,XERIC,GRAVEL
Community Gardens,"A community garden typically divides its land into individual plots for members to tend.

Shared tools and resources are common in community gardens, reducing costs for individual gardeners.

Volunteers often help maintain the shared spaces within a community garden.

Community gardens can turn an empty neighborhood lot into a productive, shared green space.

In the UK, a similar community gardening tradition is known as an allotment.

A cooperative approach to shared tasks helps keep a community garden running smoothly.

Many community gardens use a shared watering schedule to keep upkeep fair among members.

A shared tool shed lets members store equipment without everyone needing their own set.

Community gardens let people without their own yard still enjoy growing and harvesting food.

Community gardens often build a strong sense of fellowship among neighbors.

Community gardens are especially valuable in urban areas with limited private outdoor space.

Fair access to garden plots is often managed through a waiting list or lottery system.

Many community gardens use raised beds to keep individual plots organized and manageable.

Community gardens are often organized with a small membership fee to cover shared costs.",PLOT,SHARED,VOLUNTEER,NEIGHBOR,ALLOTMENT,COOPERATIVE,SCHEDULE,TOOLSHED,HARVEST,FELLOWSHIP,URBAN,ACCESS,RAISEDBED,MEMBERSHIP
Balcony and Rooftop Gardens,"Container gardening is often the only option available on a balcony or rooftop.

A windbreak, like a trellis or screen, can protect delicate plants from strong rooftop winds.

Structural weight limits are an important consideration before adding heavy planters to a rooftop.

A sturdy railing helps keep pots and people safely contained on an elevated balcony or roof.

Balconies and rooftops often get intense sun exposure with little natural shade.

Compact plant varieties are especially practical for the limited space of a balcony garden.

Good drainage is essential in container gardens, since excess water has nowhere else to go.

Vertical growing techniques help balcony gardeners make the most of limited floor space.

Lightweight, portable containers make it easier to rearrange a small balcony garden.

A rooftop garden can offer a striking skyline view alongside its plantings.

Tall plants or screens can add welcome privacy to an open balcony or rooftop space.

Lightweight potting mixes and containers help reduce overall structural load on a rooftop.

Urban dwellers often turn to balcony and rooftop gardens when ground-level space isn't available.

A well-planned balcony garden can feel like a small oasis above a busy city street.",CONTAINER,WINDBREAK,STRUCTURAL,RAILING,SUNEXPOSURE,COMPACT,DRAINAGE,VERTICAL,PORTABLE,SKYLINE,PRIVACY,LIGHTWEIGHT,URBAN,OASIS
Kitchen Gardens,"A potager is a traditional French-style kitchen garden combining vegetables, herbs, and flowers.

Interplanting vegetables and herbs together is a common practice in kitchen garden design.

Kitchen gardens are traditionally placed in close proximity to the house for easy access.

Fresh herbs are a defining feature of most kitchen gardens.

Kitchen gardens typically focus on edible plants rather than purely ornamental ones.

Raised beds are a popular way to organize a small, productive kitchen garden.

A kitchen garden's convenient location encourages more frequent, casual harvesting.

The freshness of home-harvested produce is one of the biggest draws of a kitchen garden.

Culinary herbs and vegetables are typically grown together in a well-planned kitchen garden.

Compact kitchen gardens can still produce a meaningful amount of food in limited space.

Succession planting helps a kitchen garden provide fresh produce nearly year-round.

An accessible layout with clear paths makes daily harvesting from a kitchen garden easier.

Decorative borders are a common feature in more formal kitchen garden designs.

The French potager tradition strongly influenced the modern concept of the kitchen garden.",POTAGER,INTERPLANT,PROXIMITY,HERBS,EDIBLE,RAISEDBED,CONVENIENT,FRESHNESS,CULINARY,COMPACT,YEARROUND,ACCESSIBLE,BORDER,FRENCH
Xeriscaping and Drought-Tolerant Gardens,"Xeriscaping is a landscaping approach designed to minimize the need for supplemental irrigation.

Drought conditions are a major reason gardeners turn to more water-efficient landscaping.

Native plants are often naturally well adapted to a region's typical rainfall patterns.

A layer of gravel is commonly used as a low-water alternative to traditional lawn or mulch.

Water-wise gardening focuses on reducing overall water use without sacrificing a healthy landscape.

Low-maintenance plant choices help reduce both water use and ongoing garden upkeep.

Succulents are a popular choice in drought-tolerant gardens because of their water-storing tissue.

Cacti are especially well adapted to extremely dry, arid growing conditions.

Reducing hard, non-porous surfaces can help minimize water runoff in a landscaped yard.

Choosing plants suited to the local climate reduces the need for extra watering.

Conserving water is a central goal behind most xeriscaping and drought-tolerant design choices.

Hardscape elements, like stone and gravel paths, require no water at all once installed.

Soil amendments can improve how well dry, sandy soil retains what little moisture it gets.

An efficient irrigation system, when needed, targets water directly at plant roots with less waste.",XERISCAPE,DROUGHT,NATIVE,GRAVEL,WATERWISE,LOWMAINTENANCE,SUCCULENT,CACTUS,RUNOFF,CLIMATE,CONSERVE,HARDSCAPE,AMENDMENT,EFFICIENT
Shade Gardens,"Hostas are prized for their lush foliage and reliable performance in shaded garden beds.

Ferns thrive in the low light and consistent moisture typical of many shade gardens.

Astilbe adds feathery flower plumes to shaded areas where many sun-loving flowers won't bloom.

A tree canopy overhead is often what creates the shaded conditions a shade garden relies on.

Dappled light filtering through leaves suits many shade-loving plants better than deep, constant shade.

Impatiens are a popular annual flower valued for blooming reliably in shady spots.

Consistent moisture is especially important for many shade-loving plants, which often have shallow roots.

The understory beneath taller trees is a classic setting for a shade garden.

Shade-tolerant plants are specifically suited to lower light levels than typical sun-loving varieties.

Woodland settings naturally inspire many shade garden designs.

Interesting foliage texture and color become especially important in a garden with fewer flowers.

Combining different leaf shapes and colors adds contrast to a mostly green shade garden.

Partial shade allows a wider range of plants to thrive than deep, constant shade.

Shaded garden areas often stay noticeably cooler than sunnier parts of the yard.",HOSTA,FERN,ASTILBE,CANOPY,DAPPLED,IMPATIENS,MOISTURE,UNDERSTORY,TOLERANT,WOODLAND,FOLIAGE,CONTRAST,PARTIAL,COOLNESS
Fall Garden Cleanup,"Raking fallen leaves in autumn helps prevent them from smothering grass and garden beds.

A fall compost bin is a good place for spent plants and other garden debris.

Fall is a good time to prune many dormant or finished plants before winter sets in.

Applying a fresh layer of mulch in fall helps insulate plant roots through winter.

Clearing plant debris in fall helps reduce the places pests and diseases can overwinter.

Fall is a common time to divide overgrown perennial clumps before the ground freezes.

Many spring-blooming bulbs are planted in fall, ahead of winter dormancy.

Knowing the average first frost date helps time fall cleanup and last harvests.

Cleaning garden tools before winter storage helps prevent rust and prepares them for spring.

Winterizing irrigation systems helps prevent damage from freezing water in the pipes.

Fallen leaves can be shredded and used as a valuable mulch or compost material.

A fall soil test can guide amendments applied before the ground freezes for winter.

Tender bulbs and tubers are often dug up in fall to overwinter indoors.

Proper storage of garden furniture and pots in fall can extend their usable life.",RAKING,COMPOSTBIN,PRUNING,MULCH,DEBRIS,DIVIDING,PLANTING,FROSTDATE,CLEANING,WINTERIZE,LEAVES,SOILTEST,OVERWINTER,STORAGE
Spring Planting,"Knowing the average last frost date helps gardeners time safe spring planting.

Soil warmth, not just air temperature, determines when many seeds will germinate well in spring.

Starting seedlings indoors gives many plants a head start before the outdoor season begins.

Hardening off gradually toughens indoor-grown seedlings before they're planted outside.

Transplanting is often best done on a cloudy day to reduce stress on young plants.

Working soil amendments into beds in early spring helps prepare them for the growing season.

Crocuses are often among the very first flowers to bloom as winter fades.

The emergence of spring bulbs is one of the earliest visible signs of the growing season.

Light spring fertilizing can help give perennials and shrubs a boost as new growth begins.

Preparing beds early, once soil is workable, sets the stage for a productive season.

Succession planting in spring helps stagger harvests instead of one large glut.

Spring planting marks the annual awakening of the garden after winter dormancy.

Spring is a natural time of renewal in the garden, as dormant plants resume active growth.

The rebirth of the garden each spring is one of gardening's most rewarding annual moments.",LASTFROST,WARMTH,SEEDLING,HARDENINGOFF,TRANSPLANT,AMENDMENT,CROCUS,EMERGENCE,FERTILIZE,PREPARE,SUCCESSION,AWAKEN,RENEWAL,REBIRTH
Winter Garden Protection,"A hard frost can damage or kill tender plants left unprotected in the garden.

A thick layer of mulch helps insulate plant roots against extreme winter cold.

Burlap wrapping is a common way to shield shrubs from harsh winter wind and sun.

A cold frame can protect hardy greens and vegetables well into the winter months.

Insulation from mulch, burlap, or snow cover can protect roots from freeze-thaw damage.

Many perennial plants rely on a period of winter dormancy before resuming growth in spring.

Evergreen shrubs and trees keep their foliage through winter but can still be damaged by cold, dry wind.

Wind chill can cause more plant damage than air temperature alone.

Heavy snow load can break branches, especially on evergreen shrubs and young trees.

Wrapping vulnerable plants can shield them from wind, ice, and temperature swings.

A plant's hardiness rating indicates the coldest temperatures it can typically survive.

Repeated freeze-thaw cycles can be more damaging to plants than one steady cold spell.

Winter protection measures aim to help plants survive until conditions improve in spring.

A simple shelter, like a cloche or cold frame, can protect small plants overnight.",FROST,MULCH,BURLAP,COLDFRAME,INSULATION,DORMANCY,EVERGREEN,WINDCHILL,SNOWLOAD,WRAPPING,HARDINESS,THAW,PROTECTION,SHELTER
Plant Diseases and Fungus,"Blight can spread rapidly through a garden, especially in warm, humid conditions.

Powdery mildew appears as a white, dusty coating on leaves, often in humid weather.

Fungus is responsible for many of the most common garden plant diseases.

Root rot often results from soil that stays too consistently wet.

Rust disease produces small, rust-colored spots on the undersides of affected leaves.

Wilting can be a sign of disease, though it's just as often caused by simple underwatering.

Fungal spores can spread easily through wind, water splash, or contaminated tools.

A pathogen is any organism, like a fungus or bacteria, capable of causing plant disease.

Basic garden sanitation, like cleaning tools, helps prevent the spread of many plant diseases.

Good airflow around plants helps leaves dry faster, reducing many fungal disease risks.

Choosing disease-resistant plant varieties can significantly reduce future problems.

Quarantining a newly acquired plant for a few weeks can prevent introducing disease to a garden.

Early symptoms of plant disease are often easier to treat than an advanced infection.

Prompt treatment at the first sign of disease can often save an otherwise healthy plant.",BLIGHT,MILDEW,FUNGUS,ROT,RUST,WILT,SPORE,PATHOGEN,SANITATION,AIRFLOW,RESISTANT,QUARANTINE,SYMPTOM,TREATMENT
Deer and Garden Wildlife Deterrents,"Deer can cause significant damage to a garden, especially to tender new growth.

A tall, sturdy fence is one of the most reliable ways to keep deer out of a garden.

Scent-based repellents work by making plants smell unappealing to deer and other browsers.

Motion-activated lights can startle and deter nighttime garden visitors like deer and rabbits.

Deer rely heavily on scent, which is why many deterrent products target their sense of smell.

Netting can protect vulnerable plants from birds as well as small mammals.

Rabbits often target low, tender growth, especially on young vegetable seedlings.

Groundhogs can burrow extensively and cause significant damage to garden beds.

Browsing damage from deer is often identified by ragged, torn plant edges rather than clean cuts.

Some plants have a natural tolerance to deer browsing due to their taste or texture.

Combining several deterrent methods is often more effective than relying on just one to discourage wildlife.

Securing the full perimeter of a garden is important, since deer and rabbits will find any gap.

Many garden pests, including deer, are especially active at night, or nocturnal.

Even a single visit from deer or rabbits can cause significant overnight damage to a garden.",DEER,FENCING,REPELLENT,MOTIONLIGHT,SCENT,NETTING,RABBIT,GROUNDHOG,BROWSING,TOLERANCE,DISCOURAGE,PERIMETER,NOCTURNAL,DAMAGE
Ladybugs and Predatory Insects,"Ladybugs are voracious predators of aphids, making them a gardener's natural ally.

Aphids are a common garden pest that many beneficial insects specifically target.

Predatory insects help keep pest populations in check without the need for chemical sprays.

Ladybug larvae actually eat even more aphids per day than adult ladybugs do.

Lacewings are effective predators, with larvae that consume large numbers of soft-bodied pests.

Praying mantises are generalist predators that will eat both harmful and beneficial insects.

Ground beetles hunt at night, preying on slugs, snails, and other garden pests.

Some parasitic wasps lay their eggs inside pest insects, eventually killing the host.

Biocontrol uses living organisms, like predatory insects, to manage pest populations naturally.

Adult ladybugs are easily recognized by their spotted, rounded shells.

A single ladybug can be a remarkably voracious eater of aphids over its lifetime.

Some gardeners purposely release ladybugs or other beneficial insects to help manage pests.

Encouraging natural predator populations reduces the need for chemical pest control.

Beneficial insects are a cornerstone of natural, low-chemical pest management strategies.",LADYBUG,APHID,PREDATOR,LARVAE,LACEWING,MANTIS,BEETLE,PARASITIC,BIOCONTROL,SPOTTED,VORACIOUS,RELEASE,NATURAL,BENEFICIAL
Evergreens and Conifers,"Conifers are a group of trees and shrubs that typically produce seeds in cones.

Most conifers have narrow, needle-like leaves instead of broad flat ones.

A pinecone protects a pine tree's developing seeds until conditions are right for release.

Spruce trees are conifers known for their dense, pyramidal shape.

Juniper shrubs are valued in landscaping for their toughness and year-round color.

Cedar wood is naturally resistant to decay, making it popular for outdoor structures.

Conifers provide year-round structure and color in gardens that would otherwise look bare in winter.

Resin produced by many conifers helps seal wounds and deter certain insects.

Rows of conifers are commonly planted as a windbreak to shield gardens from harsh wind.

Many conifer varieties are grown purely as ornamental accents rather than for wood or fruit.

Conifers are generally quite hardy, tolerating a wide range of climates and soil conditions.

A row of dense conifers can provide shelter and privacy along a property's edge.

Conifer foliage stays green through winter, unlike many deciduous trees.

The name evergreen reflects how these plants keep their foliage throughout the year.",CONIFER,NEEDLE,PINECONE,SPRUCE,JUNIPER,CEDAR,YEARROUND,RESIN,WINDBREAK,ORNAMENTAL,HARDY,SHELTER,FOLIAGE,EVERGREEN
Ferns,"A fern's frond is its characteristic feathery leaf.

Ferns reproduce using spores rather than seeds or flowers.

Many ferns spread through underground rhizomes, forming expanding colonies over time.

A fiddlehead is a young, tightly coiled fern frond before it fully unfurls.

Most garden ferns thrive in shade, unlike many flowering plants that need full sun.

Ferns are an ancient plant group that predates flowering plants by hundreds of millions of years.

Fossil evidence shows ferns thriving in prehistoric forests long before dinosaurs existed.

Watching a fiddlehead slowly uncurling is one of the small pleasures of growing ferns.

Consistent moisture is important for most ferns, which often have shallow root systems.

Some fern species are epiphytic, growing on trees rather than rooted in soil.

Many ferns naturally thrive in the high humidity of a forest floor.

Certain fern species make popular indoor houseplants thanks to their tolerance of lower light.

Established fern clumps can often be divided to create new plants.

Fern fronds offer a distinctive lacy texture that contrasts nicely with broader-leaved plants.",FROND,SPORE,RHIZOME,FIDDLEHEAD,SHADE,ANCIENT,PREHISTORIC,UNCURLING,MOISTURE,EPIPHYTIC,HUMIDITY,INDOOR,DIVISION,TEXTURE
Tropical Plants,"Philodendrons are popular tropical houseplants valued for their glossy, often heart-shaped leaves.

Monstera plants are known for their large leaves with distinctive natural splits and holes.

Many tropical plants require consistently high humidity to truly thrive.

Broadleaf tropical plants often use their large leaf surface to capture limited light beneath a forest canopy.

Tropical rainforest conditions have shaped many popular houseplants' need for warmth and moisture.

Variegated leaves, with patches of different colors, are especially prized in many tropical houseplants.

Tropical plants generally prefer consistent warmth and struggle in cold drafts.

Many tropical species have become popular indoor plants in temperate climates.

The word exotic is often used loosely to describe tropical plants unfamiliar to a given region.

Lush, dense foliage is a hallmark of many tropical plant species.

In their native rainforest, some tropical plants grow high in the canopy rather than on the ground.

Air plants absorb moisture and nutrients directly from the air rather than from soil.

Many popular tropical houseplants are propagated easily from stem or leaf cuttings.

Ornamental tropical plants are grown primarily for their striking foliage rather than for fruit or flowers.",PHILODENDRON,MONSTERA,HUMIDITY,BROADLEAF,RAINFOREST,VARIEGATED,WARMTH,INDOOR,EXOTIC,LUSH,CANOPY,AIRPLANT,PROPAGATE,ORNAMENTAL
Medicinal and Healing Herbs,"Chamomile has long been used in traditional herbal remedies to promote relaxation.

Echinacea is a popular herb often taken to support the immune system.

Aloe vera gel is widely used to soothe minor burns and skin irritation.

Calendula, also called pot marigold, is often used in balms for its soothing properties.

Peppermint is commonly used in teas and remedies to help settle an upset stomach.

A tincture is a concentrated herbal extract typically preserved in alcohol.

Herbal remedies have been used across many cultures for thousands of years.

Traditional medicine systems often relied heavily on garden and wild-harvested herbs.

Soothing herbal preparations are commonly applied to minor skin irritations.

An herbal infusion is made by steeping plant material in hot water, similar to tea.

Extracting active compounds from herbs can be done through infusion, tincture, or other methods.

Historic apothecaries relied heavily on medicinal herbs before modern pharmaceuticals became widespread.

Herbal wellness practices often combine traditional remedies with modern lifestyle habits.

Much of the folklore around healing herbs has since been studied by modern science, with mixed results.",CHAMOMILE,ECHINACEA,ALOEVERA,CALENDULA,PEPPERMINT,TINCTURE,REMEDY,TRADITIONAL,SOOTHING,INFUSION,EXTRACT,APOTHECARY,WELLNESS,FOLKLORE
History of Gardening,"Ancient civilizations cultivated gardens for food, medicine, and religious purposes thousands of years ago.

Early cultivation practices gradually shifted humans from foraging toward settled farming and gardening.

Some of the earliest known gardens were cultivated in ancient Mesopotamia.

Medieval monastery gardens often combined practical herb-growing with quiet, contemplative design.

Victorian gardeners were known for elaborate plant collections and greenhouse innovations.

Purely ornamental gardening, grown for beauty rather than food, has ancient roots across many cultures.

The history of gardening is closely tied to the broader development of agriculture.

The domestication of food crops over thousands of years laid the groundwork for modern gardening.

Elaborate royal gardens have historically served as displays of wealth and power.

Renaissance gardens in Europe introduced more formal, geometric design principles.

Simple tools like the plow transformed how early societies could cultivate land.

Gardening traditions have been passed down and adapted across countless generations and cultures.

Nearly every major civilization throughout history developed its own distinct gardening practices.

Heirloom plants and gardening techniques represent a living heritage passed down through generations.",ANCIENT,CULTIVATE,MESOPOTAMIA,MONASTERY,VICTORIAN,ORNAMENTAL,AGRICULTURE,DOMESTICATE,ROYAL,RENAISSANCE,PLOW,TRADITION,CIVILIZATION,HERITAGE
Famous Gardens of the World,"Claude Monet's own garden at Giverny inspired many of his famous water lily paintings.

The gardens of the Palace of Versailles are renowned for their strict geometric symmetry.

The Alhambra in Spain combines Islamic garden traditions with elaborate water features.

The Tuileries Garden in Paris has been a public garden since the 17th century.

Kyoto is home to numerous historic Japanese gardens prized for their careful design.

A grand villa garden traditionally combined formal design with sweeping countryside views.

Palace gardens throughout history were often designed to display wealth and status.

Several famous gardens around the world hold UNESCO World Heritage recognition.

Some garden designs become so iconic that they influence garden styles for centuries afterward.

A skilled garden designer can transform raw land into an internationally celebrated landscape.

The overall landscape design of a famous garden often takes decades to fully mature.

Many historic gardens are preserved today as an important part of a country's cultural heritage.

Visiting renowned gardens has become a popular form of garden-focused pilgrimage for enthusiasts.

Garden tourism draws millions of visitors to famous gardens around the world each year.",MONET,VERSAILLES,ALHAMBRA,TUILERIES,KYOTO,VILLA,PALACE,UNESCO,ICONIC,DESIGNER,LANDSCAPE,HERITAGE,PILGRIMAGE,TOURISM
Garden Folklore and Mythology,"Mandrake root has long been the subject of eerie folklore due to its unusual, humanlike shape.

Fairies are often associated in folklore with flower gardens and secluded woodland groves.

Ancient druids reportedly held certain plants and groves as sacred.

Herblore, traditional knowledge about plants and their uses, was often passed down orally.

Superstitions about planting times and moon phases have persisted in gardening folklore for centuries.

Certain plants blooming out of season were historically viewed by some as an omen.

Some plants were carried as a charm believed to bring luck or ward off misfortune.

Many garden plants carry their own legend explaining how they got their name or properties.

Enchanted gardens are a recurring image across fairy tales and folklore worldwide.

Certain trees and groves were once believed to house a protective spirit.

Some cultures developed planting rituals meant to ensure a successful harvest.

Certain herbs were traditionally used in blessing ceremonies for homes and new gardens.

Folklore in some cultures held that gardening by moonlight influenced how plants would grow.

Certain plants were carried or worn as a talisman believed to offer protection.",MANDRAKE,FAIRY,DRUID,HERBLORE,SUPERSTITION,OMEN,CHARM,LEGEND,ENCHANTED,SPIRIT,RITUAL,BLESSING,MOONLIGHT,TALISMAN
Victory Gardens,"Victory gardens became widespread during the wartime food shortages of World War I and II.

Food rationing during wartime encouraged many families to grow their own produce at home.

Victory gardens promoted self-reliance by reducing household dependence on store-bought food.

Victory gardens were seen as a way for people on the home front to contribute to the war effort.

Government propaganda posters actively encouraged citizens to plant their own victory gardens.

Growing a victory garden was widely promoted as a simple, patriotic act during wartime.

Community victory gardens sprang up in parks, schoolyards, and vacant city lots.

Wartime gardeners became especially resourceful, growing food with limited supplies.

Victory garden campaigns helped mobilize ordinary citizens to support the broader war effort.

Wartime scarcity of commercial produce made home gardening especially valuable.

Home canning let victory garden harvests be preserved well beyond the growing season.

Victory gardens provided meaningful support to national food supplies during wartime shortages.

Victory gardens were credited with boosting civilian morale during difficult wartime years.

Growing a victory garden was framed as a small, everyday sacrifice contributing to a larger cause.",WARTIME,RATIONING,SELFRELIANT,HOMEFRONT,PROPAGANDA,PATRIOTIC,COMMUNITY,RESOURCEFUL,MOBILIZE,SCARCITY,CANNING,SUPPORT,MORALE,SACRIFICE
Botanical Gardens,"A conservatory houses tender or tropical plants in a controlled, sheltered environment.

Botanical gardens maintain living plant specimens for research, education, and public enjoyment.

Botanical gardens often organize their collections according to scientific taxonomy.

Special exhibits at botanical gardens often highlight seasonal blooms or specific plant families.

Botanical gardens frequently support ongoing scientific research into plant biology and conservation.

Conservation programs at many botanical gardens work to protect rare and threatened plant species.

A botanical garden's curator oversees the health and organization of its plant collections.

Some botanical gardens maintain seed banks to help protect endangered plant species.

A large greenhouse allows a botanical garden to grow tropical species in temperate climates.

Public education is a central mission of most botanical gardens.

Botanical garden collections can include thousands of different plant species from around the world.

Many botanical gardens rely partly on admission fees and memberships to fund their operations.

Botanical gardens are typically open to the public, unlike private research collections.

Plants in botanical gardens are usually labeled with both common and scientific names.",CONSERVATORY,SPECIMEN,TAXONOMY,EXHIBIT,RESEARCH,CONSERVATION,CURATOR,ENDANGERED,GREENHOUSE,EDUCATION,COLLECTION,ADMISSION,PUBLIC,LABELED
Garden Ornaments and Statuary,"Garden statues have been used for centuries to add a permanent artistic touch to outdoor spaces.

A sundial uses the sun's shadow to tell time and adds a classic touch to garden design.

A birdbath doubles as both a decorative ornament and a practical water source for wildlife.

A gazing ball's reflective surface adds a whimsical, eye-catching accent to garden beds.

Wind chimes add a gentle auditory element to a garden alongside its visual features.

A large decorative urn can serve as a striking planter or a standalone garden accent.

A garden plaque can commemorate a person, event, or simply display a favorite quote.

A naturally weathered patina is often prized on garden statues for its aged, timeless look.

A well-placed ornament can serve as a focal point that draws the eye through a garden.

Decorative garden elements are chosen as much for personality as for practical function.

Whimsical ornaments, from garden gnomes to painted stones, add personality to a garden.

Patina, the naturally aged finish on metal or stone, is often intentionally left unpolished.

Classical statuary styles, inspired by ancient Greek and Roman art, remain popular in gardens today.

A skilled sculptor can transform stone or metal into a lasting garden centerpiece.",STATUE,SUNDIAL,BIRDBATH,GAZINGBALL,WINDCHIME,URN,PLAQUE,WEATHERED,FOCALPOINT,DECORATIVE,WHIMSICAL,PATINA,CLASSICAL,SCULPTOR
Garden Lighting,"Solar-powered garden lights charge during the day and switch on automatically after dark.

Lanterns placed along a path add both light and old-fashioned charm to an evening garden.

String lights strung overhead can transform a garden into an inviting evening gathering space.

A spotlight can highlight a specific tree, statue, or architectural feature after dark.

Thoughtful lighting adds ambiance, extending how a garden can be enjoyed after sunset.

Outdoor lighting along paths and steps improves safety by making walkways easier to see.

Backlighting certain plants can create a striking silhouette effect once the sun goes down.

A well-chosen light fixture can complement a garden's overall style, not just illuminate it.

Low-voltage lighting systems are safer to install than standard household electrical wiring.

Garden lighting is especially valued during the soft, fading light of twilight.

Well-placed lights can illuminate key garden features without overwhelming the whole space.

Evening gatherings in the garden are made far more comfortable with adequate lighting.

A soft, warm glow is often preferred over harsh white light in garden lighting design.

A timer allows garden lights to switch on and off automatically at set times each day.",SOLAR,LANTERN,STRINGLIGHTS,SPOTLIGHT,AMBIANCE,SAFETY,SILHOUETTE,FIXTURE,VOLTAGE,TWILIGHT,ILLUMINATE,EVENING,GLOW,TIMER
Fairy Gardens,"Fairy gardens use miniature plants and accessories to create a tiny, magical-looking landscape.

A tiny door attached to a tree or rock is a classic whimsical fairy garden touch.

Moss is often used in fairy gardens to mimic a lush, miniature lawn.

Small pebbles are commonly used to create tiny paths within a fairy garden design.

Whimsy is central to fairy garden design, favoring playful details over strict realism.

Miniature mushroom ornaments are a popular decorative touch in fairy gardens.

Small figurines, like fairies or gnomes, bring a fairy garden's tiny scene to life.

Keeping every element in careful scale helps a fairy garden feel believable and cohesive.

Fairy gardens are especially popular with children, encouraging imaginative, hands-on play.

A shallow container is a common and practical base for building a fairy garden.

A tiny winding pathway adds a sense of journey and discovery to a fairy garden scene.

The enchanting, storybook feel of fairy gardens appeals to gardeners of all ages.

Some fairy gardens are built inside a glass terrarium for an enclosed miniature world.

A whimsical mix of natural and man-made elements defines most fairy garden designs.",MINIATURE,TINYDOOR,MOSS,PEBBLE,WHIMSY,MUSHROOM,FIGURINE,SCALE,IMAGINATION,CONTAINER,PATHWAY,ENCHANTING,TERRARIUM,WHIMSICAL
Chicken Keeping and Backyard Poultry,"A chicken coop provides shelter and protection for a backyard flock overnight.

Chickens roost, or perch up off the ground, to sleep more safely at night.

A hen is a female chicken, typically kept for regular egg production.

A rooster is a male chicken, often kept to protect the flock or for breeding.

A nest box gives hens a quiet, enclosed spot to lay their eggs.

A broody hen stops laying and instead focuses on trying to hatch a clutch of eggs.

Free-range chickens are allowed to roam and forage outside their coop during the day.

A secure coop helps protect chickens from common backyard predators like raccoons and foxes.

A chicken's feathers help regulate its body temperature and are shed periodically.

Backyard flocks are often kept primarily for a steady, fresh supply of eggs.

A small flock of chickens can provide eggs, pest control, and manure for the garden.

Clean, dry bedding in a coop helps keep chickens healthy and reduces odor.

Molting is a natural process where chickens shed and regrow their feathers.

Chicken manure, once composted, makes a nutrient-rich addition to garden soil.",COOP,ROOST,HEN,ROOSTER,NESTBOX,BROODY,FREERANGE,PREDATOR,FEATHER,EGGS,FLOCK,BEDDING,MOLTING,COMPOST
Vineyards and Grape Growing,"A vineyard is a dedicated planting of grapevines, typically grown for winemaking.

Grapevines are trained onto a trellis system to support their weight and maximize sun exposure.

Grapes grow in clusters that gradually develop from small green berries into ripe fruit.

A grapevine's tendrils coil around supports, helping the plant climb without woody stems.

Careful pruning controls a grapevine's yield and helps concentrate flavor into fewer grapes.

Different grape varietals produce distinctly different flavors, colors, and wine styles.

Grape harvest timing is one of the most critical decisions in the winemaking process.

After harvest, grape juice is fermented by yeast to produce alcohol in winemaking.

Terroir refers to how a specific region's soil and climate shape a grape's flavor.

Grapevine rootstock is often chosen for its resistance to pests and diseases in the soil.

Managing the vine's leaf canopy helps balance sun exposure and grape ripening.

Consistent sunlight is essential for grapes to develop sufficient sugar for winemaking.

Sugar levels are a key measure of ripeness used to determine when grapes are ready for harvest.

A wine's vintage refers to the specific year its grapes were harvested.",VINEYARD,TRELLIS,CLUSTER,TENDRIL,PRUNING,VARIETAL,HARVEST,FERMENT,TERROIR,ROOTSTOCK,CANOPY,SUNLIGHT,RIPENESS,VINTAGE
Gardening with Kids,"Watching a seed sprout for the first time is often a child's introduction to gardening.

Gardening with kids turns simple planting into a hands-on lesson in discovery.

A child-sized watering can makes it easier for young gardeners to help with daily care.

Fast-growing, cheerful sunflowers are a popular first plant for young gardeners.

Digging in the dirt naturally encourages a child's curiosity about how plants grow.

Hands-on gardening tasks, like digging and planting, appeal to many children's natural energy.

Gardening teaches patience, since seeds and plants take time to grow and produce results.

Giving kids their own small garden plot can help build a sense of responsibility.

Searching for insects in the garden is often one of the most exciting parts for kids.

Gardening with children is often messy, and that's usually part of the appeal.

A sense of wonder often comes naturally when kids watch a plant grow from a tiny seed.

Gardening offers educational opportunities in science, math, and patience all at once.

Simple gardening tasks offer a teachable moment about where food actually comes from.

Watching a plant's growth over time helps kids understand a living thing's life cycle.",SPROUT,DISCOVERY,WATERCAN,SUNFLOWER,CURIOSITY,HANDSON,PATIENCE,RESPONSIBLE,INSECTS,MESSY,WONDER,EDUCATIONAL,TEACHABLE,GROWTH
Flower Arranging and Cut Flowers,"A bouquet gathers cut flowers into a single arranged bunch.

Cutting a flower's stem at an angle helps it absorb water more efficiently in a vase.

A clean vase filled with fresh water helps extend the life of cut flowers.

Floral arrangements often balance flower color, shape, and size for visual harmony.

A flower arrangement typically builds around a few focal blooms supported by smaller accents.

Foliage is often added to floral arrangements to fill space and add contrasting texture.

Fresh-cut flowers generally last longer when trimmed and placed in water right after cutting.

Conditioning cut flowers, like removing lower leaves, helps them stay fresh longer in a vase.

A florist is trained in selecting, arranging, and caring for cut flowers professionally.

Wildflowers add an informal, natural look to casual flower arrangements.

Symmetry is sometimes used in formal floral arrangements, though many modern designs favor asymmetry.

Changing the vase water regularly can significantly improve a cut flower arrangement's longevity.

A centerpiece arrangement is typically designed to be viewed and enjoyed from all sides.

A simple ribbon tied around a bouquet's stems adds a finished, polished look.",BOUQUET,STEM,VASE,FLORAL,ARRANGEMENT,FOLIAGE,FRESHCUT,CONDITIONING,FLORIST,WILDFLOWER,SYMMETRY,LONGEVITY,CENTERPIECE,RIBBON
