Title,Trivia,Words
Acadia National Park,"Cadillac Mountain is often cited as one of the first places to see sunrise in the continental United States for part of the year.

Acadia's coastline is built largely from pink granite shaped by glaciers and crashing waves.

Tidepools along Acadia's shore reveal starfish, crabs, and other small sea life at low tide.

Maine lobster boats are a common sight in the waters near Acadia's coastal villages.

Historic schooners still sail past Acadia's rocky shoreline, evoking the region's maritime history.

Acadia's carriage roads were built without cars in mind, designed instead for horse-drawn carriages.

Puffins nest on islands near Acadia and have been the focus of long-running conservation efforts.

Spruce and fir forests cover much of Acadia's rugged, rocky terrain.

Somes Sound, sometimes called the only fjord on the East Coast, cuts into Acadia's landscape.

Acadia's popularity for sunrise viewing draws large crowds to Cadillac Mountain, especially in fall.

Acadia's rockbound coast is one of its most photographed and iconic features.

Mount Desert Island contains the bulk of Acadia National Park's protected land.

Acadia offers an extensive network of hiking trails ranging from easy to challenging terrain.

Fall foliage draws many visitors to Acadia, as New England's maples turn brilliant colors.",CADILLAC,GRANITE,TIDEPOOL,LOBSTER,SCHOONER,CARRIAGE,PUFFIN,SPRUCE,FJORD,SUNRISE,ROCKBOUND,ISLAND,HIKING,AUTUMN
American Samoa National Park,"National Park of American Samoa protects vibrant coral reefs in the South Pacific.

Lush rainforest covers much of the park's mountainous island terrain.

American Samoa's tropical climate supports dense, year-round green vegetation.

The flying fox, a type of large fruit bat, is a distinctive resident of American Samoa's forests.

The park includes land within traditional Samoan villages rather than uninhabited wilderness.

American Samoa is the only US national park located south of the equator, in the South Pacific.

Palm trees line many of the park's beaches and coastal areas.

The park protects a mix of volcanic island terrain across several separate Samoan islands.

Snorkeling reveals the vivid coral reefs surrounding American Samoa's coastline.

Traditional Samoan culture and land practices remain closely tied to the park's management.

American Samoa is one of the most remote and least visited units in the entire park system.

The park's lush, tropical scenery has earned it a reputation as a hidden paradise.

American Samoa supports unique wildlife found nowhere else in the US national park system.

Rich marine ecosystems surround the islands protected within American Samoa's boundaries.",CORALREEF,RAINFOREST,TROPICAL,FLYINGFOX,VILLAGE,SOUTHPACIFIC,PALM,VOLCANICISLAND,SNORKELING,TRADITIONAL,REMOTE,PARADISE,WILDLIFE,MARINE
Arches National Park,"Arches National Park's sandstone formations have been shaped by millions of years of erosion.

Delicate Arch is the park's most iconic and widely photographed natural arch.

Balanced Rock appears to defy gravity, perched atop a much narrower base.

Wind and water erosion continue to slowly reshape the park's sandstone arches.

Thin rock walls called fins often erode further into freestanding arches over time.

A natural arch forms a rock span with an opening beneath it created by erosion.

Erosion has carved window-like openings through several of the park's rock formations.

Landscape Arch is one of the longest natural rock spans in the world.

Arches National Park sits within Utah's high desert region.

Sunset light dramatically colors the park's red sandstone arches and formations.

The unique geology of the region has produced one of the highest concentrations of natural arches on Earth.

Many of the park's arches are considered fragile and could eventually collapse.

The park contains numerous distinct natural arches within its boundaries.

Several arches within the park have collapsed naturally over recorded history.",SANDSTONE,DELICATEARCH,BALANCEDROCK,EROSION,FIN,SPAN,WINDOW,LANDSCAPEARCH,DESERT,SUNSET,GEOLOGY,FRAGILE,NUMEROUS,COLLAPSE
Badlands National Park,"Wind and water have eroded Badlands National Park's terrain into dramatic spires and ridges.

Sharp rock spires rise throughout the park's rugged, layered terrain.

Badlands National Park contains one of the richest fossil beds in the world.

Bison roam the grasslands surrounding the park's eroded rock formations.

Prairie dog towns are common throughout Badlands National Park's grassland areas.

Bighorn sheep have been reintroduced to the park's rugged terrain.

Colorful layered rock strata reveal millions of years of geologic history.

Mixed-grass prairie surrounds much of the park's dramatic badlands formations.

The park's rugged terrain historically made travel through the region especially difficult.

Sunset light dramatically highlights the colorful layers within Badlands' rock formations.

Paleontologists have discovered numerous ancient mammal fossils throughout the Badlands.

Large sections of the park are managed as protected wilderness.

Mixed-grass prairie ecosystems border the park's dramatic eroded formations.

Distinct colored layers of rock reveal the changing environments the region has passed through.",ERODED,SPIRE,FOSSILBED,BISON,PRAIRIEDOG,BIGHORNSHEEP,STRATA,GRASSLAND,RUGGED,SUNSET,PALEONTOLOGY,WILDERNESS,MIXEDGRASS,LAYER
Big Bend National Park,"The Rio Grande forms the international border along much of Big Bend National Park.

The Chisos Mountains rise dramatically from the desert floor within Big Bend.

Big Bend protects a vast stretch of Chihuahuan Desert landscape.

The Rio Grande has carved several dramatic canyons through Big Bend's limestone cliffs.

Big Bend sits directly along the US-Mexico border, sharing its river with two nations.

Natural hot springs along the Rio Grande have drawn visitors to Big Bend for generations.

Roadrunners are commonly spotted darting across Big Bend's desert trails.

Big Bend's mountains create a ""sky island"" habitat distinct from the surrounding desert.

Big Bend's remote location and clear skies make it one of the best stargazing spots in the country.

Big Bend has yielded significant dinosaur and other fossil discoveries over the years.

Javelinas, a wild pig-like mammal, roam throughout Big Bend's desert terrain.

Big Bend is one of the least visited and most remote national parks in the lower 48 states.

Binoculars are essential for spotting Big Bend's diverse desert and mountain wildlife.

Big Bend's desert sunsets are famous for their vivid, dramatic colors.",RIOGRANDE,CHISOS,DESERT,CANYON,BORDER,HOTSPRING,ROADRUNNER,MOUNTAIN,STARGAZING,FOSSIL,JAVELINA,REMOTE,BINOCULAR,SUNSET
Biscayne National Park,"Biscayne National Park protects a section of coral reef just off the Florida coast.

Extensive mangrove forests line much of Biscayne's shoreline, sheltering young marine life.

Snorkeling is one of the most popular ways to explore Biscayne's shallow reef waters.

Historic shipwrecks scattered across Biscayne's waters attract divers and history enthusiasts alike.

Kayaking through Biscayne's calm waters offers a quiet way to explore its mangrove islands.

Numerous small islets dot Biscayne Bay within the park's boundaries.

Seagrass beds throughout Biscayne Bay provide critical habitat for marine species.

Biscayne's warm, tropical waters support a wide variety of colorful reef fish.

Boating is essential for reaching most of Biscayne National Park, since it's over 95 percent water.

A historic lighthouse stands on one of the park's small keys.

Biscayne protects a rich estuary where fresh and salt water mix near the Florida coastline.

The park preserves a chain of marine ecosystems from mangroves to open ocean reef.

Recreational fishing is a popular activity within designated areas of Biscayne National Park.

Biscayne's clear, shallow waters make its underwater habitats especially visible to visitors.",CORALREEF,MANGROVE,SNORKELING,SHIPWRECK,KAYAKING,ISLET,SEAGRASS,TROPICAL,BOATING,LIGHTHOUSE,ESTUARY,MARINE,FISHING,CLEARWATER
Black Canyon of the Gunnison National Park,"The Gunnison River carved the Black Canyon over roughly two million years.

The canyon's extreme steepness makes portions of it difficult to safely access.

Black Canyon gets its name from how little sunlight reaches its deep, narrow walls.

Some sections of the canyon are narrower than they are deep.

Sheer cliff walls drop dramatically toward the Gunnison River below.

Painted Wall is the tallest cliff face in Colorado, located within Black Canyon.

The canyon's dark rock includes ancient schist and gneiss, among the oldest rock in North America.

Popular overlooks along the rim reveal the canyon's dramatic depth and narrowness.

Rim Road provides access to several scenic overlooks along Black Canyon's edge.

The canyon's precipice drops so sharply that little light reaches its base at midday.

Technical climbing routes attract experienced climbers to Black Canyon's steep walls.

Black Canyon's rugged terrain has kept large portions of the park remote and undeveloped.

The Gunnison River continues to slowly deepen the gorge it carved.

Deep shadow covers much of the canyon floor for large parts of the day.",GUNNISONRIVER,STEEP,DARKNESS,NARROW,SHEER,PAINTEDWALL,SCHIST,OVERLOOK,RIMROAD,PRECIPICE,CLIMBING,RUGGED,GORGE,SHADOW
Bryce Canyon National Park,"Bryce Canyon is famous for its thousands of tall, thin rock spires called hoodoos.

Bryce Canyon's main feature is actually a series of natural amphitheaters, not a single canyon.

The Rim Trail follows the edge of Bryce Canyon's amphitheaters for sweeping views.

Bryce Canyon sits at a higher elevation than many nearby national parks.

Repeated freezing and thawing continues to erode Bryce Canyon's soft rock formations.

Bryce Canyon's rock layers are made mostly of limestone shaped by weathering.

Sunrise Point offers one of the park's most popular views of the hoodoo-filled amphitheater.

Sunset Point is another iconic viewpoint overlooking Bryce Canyon's colorful formations.

Slender hoodoo spires rise dramatically from the amphitheater floor.

Frequent freeze-thaw cycles are the primary force shaping Bryce Canyon's hoodoos.

Ponderosa pine forests border the rim above Bryce Canyon's colorful amphitheaters.

Bryce Canyon's high elevation and clear air make it excellent for stargazing.

Numerous viewpoints along the rim showcase Bryce Canyon's hoodoos from different angles.

Bryce Canyon's hoodoos display vivid orange and pink coloring from iron oxide minerals.",HOODOO,AMPHITHEATER,RIMTRAIL,ELEVATION,EROSION,LIMESTONE,SUNRISE,SUNSETPOINT,SPIRE,FROST,PONDEROSA,STARGAZING,VIEWPOINT,ORANGE
Canyonlands National Park,"Canyonlands is divided into distinct districts separated by deep river canyons.

The confluence of the Green and Colorado Rivers lies at the heart of Canyonlands National Park.

The Green River carves through one section of Canyonlands National Park.

The Colorado River carves through another major section of Canyonlands.

The Island in the Sky district offers sweeping overlooks above the surrounding canyons.

The Needles district is named for its tall, colorful sandstone spires.

The remote Maze district is considered one of the most rugged and hard-to-reach areas in the park system.

White Rim Road circles beneath the Island in the Sky mesa on a scenic, rugged route.

Erosion from the Green and Colorado Rivers has carved Canyonlands' dramatic terrain over millions of years.

Canyonlands remains one of the more remote and lightly visited national parks in Utah.

Numerous overlooks throughout Canyonlands reveal dramatic views into its deep canyons.

Ancient pictographs left by earlier inhabitants can be found in parts of Canyonlands.

Canyonlands protects a vast network of interconnected canyons carved by desert rivers.

Canyonlands' rugged terrain has historically made much of the park difficult to access.",MESA,CONFLUENCE,GREENRIVER,COLORADORIVER,ISLAND,NEEDLES,MAZE,WHITERIM,EROSION,REMOTE,OVERLOOK,PICTOGRAPH,CANYON,RUGGED
Capitol Reef National Park,"Capitol Reef takes its name partly from the Waterpocket Fold, a long wrinkle in the Earth's crust.

Historic fruit orchards planted by early Mormon settlers still grow within Capitol Reef today.

White sandstone domes resembling capitol buildings gave the park part of its name.

Layers of colorful sandstone are exposed throughout Capitol Reef's rugged terrain.

Visitors can pick fruit in season from Capitol Reef's historic orchards.

Pioneer settlers established the small community of Fruita within what is now the park.

A scenic drive winds through Capitol Reef's colorful canyon walls.

Deep canyons throughout Capitol Reef reveal the region's complex geologic history.

Capitol Reef showcases some of the most striking exposed geology in the national park system.

The Waterpocket Fold is a rare, nearly 100-mile-long monocline fold in the Earth's crust.

Capitol Reef remains one of the less crowded national parks in Utah.

Hiking trails in Capitol Reef range from easy orchard walks to remote canyon routes.

Sheer cliffs rise above Capitol Reef's canyons and historic orchard valley.

Small reservoirs and streams support the historic orchards within Capitol Reef.",WATERPOCKET,ORCHARD,DOME,SANDSTONE,FRUIT,PIONEER,SCENICDRIVE,CANYON,GEOLOGY,MONOCLINE,REMOTE,HIKING,CLIFF,RESERVOIR
Carlsbad Caverns National Park,"Carlsbad Caverns formed within thick beds of ancient limestone.

A massive colony of Mexican free-tailed bats roosts in Carlsbad Caverns each summer.

Delicate stalactite formations hang from the ceiling throughout Carlsbad Caverns.

Stalagmite formations rise from the cavern floor where mineral-rich water has dripped for ages.

The Big Room is one of the largest known cave chambers in North America.

Visitors can descend deep underground through Carlsbad Caverns' extensive passage system.

An elevator offers a quick way down into the depths of Carlsbad Caverns.

Total darkness defines much of Carlsbad Caverns' deep underground environment.

Countless mineral formations decorate the walls and ceilings of Carlsbad Caverns.

Bat guano was once mined commercially from Carlsbad Caverns for use as fertilizer.

Carlsbad Caverns contains more than 100 individual mapped caves.

Dripstone formations built up slowly over thousands of years inside the caverns.

Early explorers risked significant danger mapping the depths of Carlsbad Caverns.

Carlsbad Caverns showcases some of the most striking natural cave formations in the world.",LIMESTONE,BATCOLONY,STALACTITE,STALAGMITE,BIGROOM,UNDERGROUND,ELEVATOR,DARKNESS,FORMATION,GUANO,CAVERN,DRIPSTONE,EXPLORER,NATURAL
Channel Islands National Park,"Channel Islands National Park protects a chain of islands off the Southern California coast.

Isolation has allowed unique, endemic species found nowhere else on Earth to evolve on the islands.

The island fox, found only on the Channel Islands, evolved into a uniquely small species.

Dense underwater kelp forests surround much of the Channel Islands.

Rich marine life thrives in the nutrient-rich waters surrounding the Channel Islands.

Sea lions gather in large numbers along the rocky shores of the Channel Islands.

The Channel Islands support significant nesting colonies of seabirds.

Archaeological evidence shows humans have inhabited the Channel Islands for thousands of years.

The islands' isolation from the mainland has shaped their unique plant and animal life.

Tidepools along the Channel Islands' rocky shores reveal a variety of small sea creatures.

Diving around the Channel Islands offers access to vibrant kelp forest ecosystems.

The Santa Barbara Channel separates the islands from the Southern California mainland.

The Channel Islands support a distinctive marine and terrestrial ecosystem.

Rugged, undeveloped terrain covers much of the Channel Islands' protected land.",ISLAND,ENDEMIC,ISLANDFOX,KELP,MARINELIFE,SEALION,SEABIRD,ARCHAEOLOGY,ISOLATED,TIDEPOOL,DIVING,CHANNEL,ECOSYSTEM,RUGGED
Congaree National Park,"Congaree protects one of the largest intact old-growth bottomland hardwood forests remaining in the country.

The park's floodplain forest floods regularly, which helps enrich its soil and support tall trees.

Congaree's dense forest canopy includes some of the tallest trees in the eastern United States.

Towering cypress trees rise from Congaree's dark, slow-moving waters.

A raised boardwalk trail lets visitors explore Congaree's swampy forest without getting wet.

Congaree is one of the few places in the US known for synchronous firefly displays.

Barred owls are commonly heard calling through Congaree's quiet, dense forest at dusk.

Congaree's wetlands provide critical habitat for a wide range of amphibians and birds.

Canoeing along Congaree's waterways offers a close-up view of its flooded forest ecosystem.

Congaree contains several champion trees, meaning they're the largest known of their species.

Congaree's rich mix of hardwood species has earned it recognition as an International Biosphere Reserve.

High biodiversity in Congaree supports everything from river otters to countless insect species.

Much of Congaree remains a true swamp forest, shaped by seasonal river flooding.

Congaree is home to several champion trees recognized as the largest of their kind nationally.",FLOODPLAIN,OLDGROWTH,CANOPY,CYPRESS,BOARDWALK,SYNCHRONOUS,FIREFLY,OWL,WETLAND,CANOEING,HARDWOOD,BIODIVERSITY,SWAMP,CHAMPION
Crater Lake National Park,"Crater Lake formed within the caldera of a collapsed ancient volcano.

Crater Lake is the deepest lake in the United States.

Crater Lake's basin formed from a massive volcanic eruption thousands of years ago.

Wizard Island, a small volcanic cone, rises from the surface of Crater Lake.

Crater Lake is famous for having some of the clearest, purest water of any lake in the world.

Mount Mazama, the volcano that once stood here, collapsed to form Crater Lake's basin.

Rim Drive circles the edge of Crater Lake, offering sweeping views of the water below.

A massive eruption roughly 7,700 years ago led to the formation of Crater Lake.

The collapse of Mount Mazama's summit created the deep basin that filled to form the lake.

Crater Lake receives some of the heaviest average snowfall of any place in the United States.

Crater Lake's striking blue color comes from its exceptional water clarity and depth.

The purity of Crater Lake's water comes largely from rain and snow rather than river input.

Scenic overlooks along the rim offer some of the best views of Crater Lake's deep blue water.

Crater Lake fills the caldera of what was once an ancient, towering volcano.",CALDERA,DEEPESTLAKE,VOLCANIC,WIZARDISLAND,CLARITY,MOUNTMAZAMA,RIM,ERUPTION,COLLAPSE,SNOWFALL,BLUEWATER,PURITY,OVERLOOK,ANCIENT
Cuyahoga Valley National Park,"The Ohio and Erie Canal Towpath Trail follows a historic canal route through Cuyahoga Valley.

The Ohio and Erie Canal once carried goods and passengers through the Cuyahoga Valley region.

Brandywine Falls is one of the most visited waterfalls within Cuyahoga Valley National Park.

A scenic excursion railroad still runs through parts of Cuyahoga Valley National Park.

Beavers have returned to the Cuyahoga Valley after being absent from the area for decades.

Cuyahoga Valley preserves a mix of rural landscapes between two major Ohio cities.

The Cuyahoga River, once notorious for pollution, runs through the heart of the park.

Environmental restoration efforts have significantly improved water quality in the Cuyahoga River.

Historic farmland within the park is still actively cultivated under a countryside conservancy program.

An extensive trail network connects Cuyahoga Valley's forests, farmland, and waterways.

Historic buildings throughout the valley reflect its history as a transportation corridor.

Cuyahoga Valley is known for scenic overlooks despite sitting between two major metro areas.

Wetlands throughout the park support a wide variety of birds and amphibians.

The Cuyahoga River carved a gorge through the valley over thousands of years.",TOWPATH,CANAL,WATERFALL,RAILROAD,BEAVER,RURAL,RIVER,RESTORATION,FARMLAND,TRAIL,HISTORIC,SCENIC,WETLAND,GORGE
Death Valley National Park,"Badwater Basin in Death Valley is the lowest point in North America.

Vast salt flats cover portions of Death Valley's dry lake beds.

Death Valley holds the record for the highest air temperature ever reliably recorded on Earth.

Badwater Basin sits at 282 feet below sea level.

Wind-sculpted sand dunes rise from Death Valley's desert floor.

Mesquite trees survive in Death Valley by tapping deep underground water sources.

Historic ghost towns scattered around Death Valley recall its mining-era past.

Borax mining once drove much of the early economic activity in Death Valley.

Rugged mountain ranges surround Death Valley on nearly every side.

Much of Death Valley's floor consists of a dry, ancient lake bed.

Extreme heat can create mirage effects across Death Valley's open desert flats.

Rare wildflower ""super blooms"" occasionally transform Death Valley's desert floor after heavy rain.

Death Valley features dramatic elevation changes, from below sea level to towering peaks.

Surviving Death Valley's extreme conditions requires careful planning and physical endurance.",LOWESTPOINT,SALTFLAT,EXTREMEHEAT,BADWATER,SANDDUNE,MESQUITE,GHOSTTOWN,BORAX,MOUNTAIN,DRYLAKE,MIRAGE,WILDFLOWER,ELEVATION,ENDURANCE
Denali National Park,"Denali is the tallest mountain peak in North America.

Grizzly bears roam widely across Denali National Park's vast wilderness.

Arctic tundra covers much of Denali's lower elevations.

Denali protects one of the largest stretches of undeveloped wilderness in the country.

Large caribou herds migrate across Denali's open tundra each year.

Wolves are among the many predators that roam Denali's remote backcountry.

Massive glaciers flow down from Denali's high mountain slopes.

Sled dogs have traditionally been used for winter travel and patrol within Denali.

Denali remains one of the most remote and least developed national parks in the country.

Denali's subarctic climate creates short summers and long, harsh winters.

Moose are commonly spotted in Denali's wetland and forested areas.

Denali's summit rises over 20,000 feet above sea level.

Denali protects a vast, largely roadless wilderness spanning millions of acres.

Just one road provides limited access into Denali's otherwise vast wilderness.",DENALI,TALLESTPEAK,GRIZZLYBEAR,TUNDRA,WILDERNESS,CARIBOU,WOLF,GLACIER,SLEDDOG,REMOTE,SUBARCTIC,MOOSE,SUMMIT,VAST
Dry Tortugas National Park,"Fort Jefferson, a massive 19th-century brick fortress, dominates Dry Tortugas National Park.

Dry Tortugas is one of the most remote national parks, accessible only by boat or seaplane.

Vibrant coral reefs surround the small islands of Dry Tortugas National Park.

Dry Tortugas serves as an important nesting site for several species of seabirds.

Snorkeling around Fort Jefferson reveals coral, fish, and even parts of historic wrecks.

Numerous historic shipwrecks lie in the waters surrounding the Dry Tortugas.

A wide moat surrounds Fort Jefferson, once intended to protect it from attack.

The park is made up of a small cluster of remote islands in the Gulf of Mexico.

A daily ferry service carries most visitors from Key West out to Dry Tortugas.

A seaplane offers an alternative, faster way to reach the remote Dry Tortugas islands.

Sea turtles nest on the beaches of the Dry Tortugas each year.

The islands were named the Tortugas after the many tortoises early explorers found there.

Fort Jefferson was built almost entirely from brick, an enormous undertaking for its remote location.

The isolation of Dry Tortugas has helped preserve both its history and its natural environment.",FORTJEFFERSON,REMOTE,CORALREEF,SEABIRD,SNORKELING,SHIPWRECK,MOAT,ISLAND,FERRY,SEAPLANE,TURTLE,TORTOISE,BRICK,ISOLATED
Everglades National Park,"The Everglades form one of the largest wetland ecosystems in the United States.

Extensive mangrove forests along the Everglades coastline buffer the land from storm surge.

American alligators are a defining and abundant species throughout the Everglades.

Vast expanses of sawgrass give parts of the Everglades their nickname, the ""river of grass.""

Airboats are commonly used to navigate the Everglades' shallow, grassy waterways.

The Everglades support a rare and complex mix of freshwater and marine ecosystems side by side.

Manatees can often be spotted in the Everglades' warmer coastal waterways.

Hardwood hammocks form small, elevated forest islands within the Everglades' wetlands.

Sloughs, or slow-moving channels of water, help define the flow of the Everglades ecosystem.

The Everglades support extraordinary birdlife, including herons, egrets, and roseate spoonbills.

Major restoration efforts aim to reverse decades of water diversion affecting the Everglades.

The Everglades' subtropical climate supports species found nowhere else in the continental US.

The endangered Florida panther depends on the Everglades' large, connected wild habitat.

Much of the Everglades consists of remarkably shallow water spread across a vast, flat landscape.",WETLAND,MANGROVE,ALLIGATOR,SAWGRASS,AIRBOAT,ECOSYSTEM,MANATEE,HAMMOCK,SLOUGH,BIRDLIFE,RESTORATION,SUBTROPICAL,PANTHER,SHALLOW
Gates of the Arctic National Park,"Gates of the Arctic National Park lies almost entirely north of the Arctic Circle.

Gates of the Arctic has no roads or trails within its vast boundaries.

The park protects one of the largest stretches of true wilderness left in the United States.

Arctic tundra covers much of Gates of the Arctic's rugged, treeless terrain.

Massive caribou herds migrate through Gates of the Arctic each year.

The Brooks Range, one of the northernmost mountain ranges on Earth, runs through the park.

Gates of the Arctic is one of the least visited national parks due to its extreme remoteness.

Some local communities continue subsistence hunting and fishing traditions within the region.

Wolves roam freely across Gates of the Arctic's vast, undeveloped wilderness.

Grizzly bears inhabit the remote valleys and tundra of Gates of the Arctic.

The midnight sun keeps the park bathed in daylight for much of the summer.

Gates of the Arctic remains one of the most isolated national parks in the entire system.

The park's pristine wilderness has remained largely untouched by development.

Exploring Gates of the Arctic's backcountry requires serious wilderness skills and preparation.",ARCTICCIRCLE,ROADLESS,WILDERNESS,TUNDRA,CARIBOU,BROOKSRANGE,REMOTE,SUBSISTENCE,WOLF,GRIZZLYBEAR,MIDNIGHTSUN,ISOLATED,PRISTINE,BACKCOUNTRY
Gateway Arch National Park,"The Gateway Arch is a stainless-steel monument standing over 600 feet tall in St. Louis.

The Arch's stainless steel exterior helps it resist corrosion despite decades of weather exposure.

The park commemorates westward expansion and St. Louis's role as a historic gateway.

A unique tram system carries visitors up through the Arch's curved legs to the top.

The Arch stands along the St. Louis riverfront, overlooking the Mississippi River.

A museum beneath the Arch explores the history of westward expansion in the United States.

The park's design and history connect closely to Thomas Jefferson's vision for the American West.

Gateway Arch is both a national park and a national memorial in a single unified site.

The Arch has become a defining feature of the St. Louis skyline.

The Arch's design relied on innovative structural engineering for its era.

The Mississippi River flows just past the base of the Gateway Arch.

The Arch's graceful curve follows a mathematical shape known as a catenary.

An observation area at the top of the Arch offers sweeping views of the surrounding region.

Gateway Arch National Park is the smallest national park by total land area.",ARCH,STAINLESS,EXPANSION,TRAM,RIVERFRONT,MUSEUM,JEFFERSON,MONUMENT,SKYLINE,ENGINEERING,MISSISSIPPI,CATENARY,OBSERVATION,SMALLEST
Glacier Bay National Park,"Glacier Bay is home to several active tidewater glaciers that calve directly into the sea.

Humpback whales feed in the nutrient-rich waters of Glacier Bay each summer.

Deep fjords carved by glaciers define much of Glacier Bay's dramatic coastline.

Massive icebergs regularly break off Glacier Bay's tidewater glaciers.

Glacier Bay's glaciers have been retreating rapidly over the past two centuries.

Sea otters are commonly seen floating in Glacier Bay's calm coastal waters.

Kayaking offers a quiet, close-up way to explore Glacier Bay's glaciers and wildlife.

Much of Glacier Bay National Park remains protected as pristine wilderness.

Glacial ice throughout the bay creates a constantly shifting, dramatic landscape.

Towering, glacier-capped mountains rise above Glacier Bay's coastline.

Temperate rainforest covers portions of Glacier Bay's lower elevations.

Glacier Bay supports abundant wildlife, from whales to bears to seabirds.

Cruise ships bring many visitors to view Glacier Bay's glaciers from the water.

Glacier Bay's pristine wilderness has been closely studied to track glacial retreat over time.",TIDEWATER,HUMPBACKWHALE,FJORD,ICEBERG,RETREATING,SEAOTTER,KAYAKING,WILDERNESS,GLACIALICE,MOUNTAIN,RAINFOREST,WILDLIFE,CRUISE,PRISTINE
Glacier National Park,"Glacier National Park is named for the glaciers that carved its dramatic mountain terrain.

Going-to-the-Sun Road is one of the most scenic mountain drives in the National Park System.

Grizzly bears inhabit large portions of Glacier National Park's rugged backcountry.

Mountain goats are commonly seen navigating Glacier's steep, rocky cliffs.

Alpine meadows bloom throughout Glacier National Park each summer.

Glacier's namesake ice fields have been melting and shrinking significantly in recent decades.

Vivid wildflower blooms color Glacier's alpine meadows during the short summer season.

The Continental Divide runs directly through Glacier National Park.

Numerous glacially carved lakes are scattered throughout the park.

Glacier's rugged, jagged peaks were shaped by centuries of glacial erosion.

Extensive hiking trails wind through Glacier National Park's mountainous terrain.

Large sections of Glacier remain protected as pristine wilderness.

High alpine meadows support a short but vibrant growing season each year.

Glacier's remaining glaciers are receding rapidly due to a warming climate.",GLACIER,GOINGTOTHESUN,GRIZZLYBEAR,MOUNTAINGOAT,ALPINE,MELTING,WILDFLOWER,DIVIDE,LAKE,RUGGED,HIKING,WILDERNESS,MEADOW,RECEDING
Grand Canyon National Park,"The Grand Canyon stretches over 275 miles long and up to a mile deep.

The Colorado River carved the Grand Canyon over millions of years.

The canyon's South Rim is the most visited section of Grand Canyon National Park.

Exposed rock layers in the Grand Canyon reveal nearly two billion years of geologic history.

Wind and water have eroded the canyon's walls into dramatic cliffs and formations.

Mule rides remain a popular, traditional way to descend into the Grand Canyon.

California condors, among the rarest birds in North America, have been reintroduced near the Grand Canyon.

The Grand Canyon is considered one of the finest examples of erosional geology on Earth.

The sheer vastness of the Grand Canyon is difficult to fully grasp from any single viewpoint.

Popular overlooks along both rims offer sweeping views into the canyon's depths.

Hiking into the Grand Canyon requires careful planning due to steep trails and temperature swings.

Elevation changes of thousands of feet occur between the canyon's rim and its floor.

Ancient rock at the bottom of the Grand Canyon is among the oldest exposed rock on the continent.

The Grand Canyon is widely regarded as one of the natural wonders of the world.",CANYON,COLORADORIVER,RIM,LAYER,ERODED,MULE,CONDOR,GEOLOGY,VASTNESS,OVERLOOK,HIKING,ELEVATION,ANCIENT,WONDER
Grand Teton National Park,"The Teton Range rises abruptly from the valley floor without smaller foothills in front of it.

Jackson Hole is the valley that sits at the base of the Teton Range.

The Tetons' sharp, jagged peaks are relatively young in geologic terms.

The Snake River winds through the valley beneath the Teton Range.

Small glaciers persist high on several of the Teton peaks.

Moose are commonly spotted along the willow-lined waterways of Grand Teton National Park.

Alpine terrain near the highest peaks supports specially adapted plants and wildlife.

The Tetons attract experienced mountaineers seeking technical climbing routes.

Wildflower meadows bloom across Grand Teton's valley floor each summer.

Grand Teton's rugged, dramatic skyline is one of the most recognizable in the National Park System.

Elk migrate through Grand Teton National Park between seasonal ranges.

Sunrise light often turns the Teton peaks a striking shade of pink or gold.

Historic ranches within Grand Teton reflect the valley's early homesteading history.

Grand Teton, the range's tallest peak, rises over 13,000 feet above the valley floor.",TETONRANGE,JACKSONHOLE,JAGGED,SNAKERIVER,GLACIER,MOOSE,ALPINE,CLIMBING,WILDFLOWER,RUGGED,ELK,SUNRISE,RANCH,PEAK
Great Basin National Park,"Great Basin protects some of the oldest known living trees, ancient bristlecone pines.

Wheeler Peak is the park's tallest mountain, rising over 13,000 feet.

Lehman Caves offers guided tours through an elaborate underground limestone cave system.

Great Basin's remote location and clear air make it a designated dark sky park.

Some bristlecone pines in the park are estimated to be over 4,000 years old.

Alpine terrain near Wheeler Peak supports plants adapted to harsh, high-elevation conditions.

A small glacier persists on the slopes of Wheeler Peak despite the surrounding desert climate.

Sagebrush covers much of the lower elevations of Great Basin National Park.

Great Basin remains one of the least visited national parks in the continental United States.

Dramatic elevation changes create several distinct ecosystems within a single park.

Great Basin's exceptionally dark night skies attract dedicated stargazers.

Forests transition from desert scrub to alpine trees as elevation increases within the park.

Limestone formations underlie much of the cave system found within Great Basin.

The park's remote desert setting has helped preserve its unusually pristine night skies.",BRISTLECONE,WHEELERPEAK,LEHMANCAVES,DARKSKY,ANCIENT,ALPINE,GLACIER,SAGEBRUSH,ISOLATED,ELEVATION,STARGAZING,FOREST,LIMESTONE,REMOTE
Great Sand Dunes National Park,"Great Sand Dunes protects the tallest sand dunes in North America.

Sandboarding down the dunes has become a popular activity for park visitors.

Alpine peaks rise dramatically just beyond the park's massive sand dunes.

Medano Creek flows seasonally at the base of the dunes, creating a unique beach-like setting.

Wind has shaped and piled the park's sand into towering dunes over thousands of years.

Medano Creek's flow varies dramatically depending on snowmelt from nearby mountains.

Grassland surrounds portions of the dune field at lower elevations.

The park protects a rare and unusual ecosystem combining desert dunes and alpine mountains.

Dramatic elevation changes exist between the valley floor dunes and the surrounding peaks.

The Ord's kangaroo rat is specially adapted to survive within the sandy dune habitat.

Medano Creek's seasonal flow typically peaks in late spring before drying up in summer.

The stark contrast between towering dunes and snow-capped peaks defines the park's scenery.

Wind constantly reshapes small ripple patterns across the surface of the dunes.

The vast dune field spans several square miles within the surrounding mountain valley.",TALLESTDUNE,SANDBOARDING,ALPINE,CREEK,WINDBLOWN,MEDANO,GRASSLAND,ECOSYSTEM,ELEVATION,KANGAROORAT,SEASONAL,CONTRAST,RIPPLE,VAST
Great Smoky Mountains National Park,"The Great Smoky Mountains get their name from the natural fog that often blankets the peaks.

The park hosts one of the best-known synchronous firefly displays in North America each summer.

Great Smoky Mountains National Park has extraordinary biodiversity, including thousands of documented species.

Black bears are a well-known and closely monitored resident of the Great Smoky Mountains.

A section of the Appalachian Trail runs directly through the heart of the park.

Persistent mist and haze give the Smoky Mountains their distinctive bluish appearance.

Extensive historic logging shaped the landscape before much of the area became protected.

The park is considered a global hotspot for salamander diversity.

Newfound Gap offers one of the park's most popular mountain overlooks.

A long, forested ridge line forms the backbone of the Great Smoky Mountains.

Cades Cove is a historic valley popular for its wildlife viewing and pioneer-era buildings.

Spring wildflower blooms draw many visitors to the Smokies each year.

Elk were reintroduced to the Great Smoky Mountains after being absent for over a century.

Great Smoky Mountains is consistently the most visited national park in the United States.",SMOKY,SYNCHRONOUS,BIODIVERSITY,BLACKBEAR,APPALACHIAN,MIST,LOGGING,SALAMANDER,OVERLOOK,RIDGE,CADES,WILDFLOWER,ELK,VISITED
Guadalupe Mountains National Park,"Guadalupe Peak is the highest point in the entire state of Texas.

The Guadalupe Mountains formed from an ancient fossilized coral reef.

Guadalupe Mountains National Park contains one of the best-preserved fossil reefs in the world.

Guadalupe Peak, the park's highest point, rises over 8,700 feet above sea level.

The park sits at the edge of the Chihuahuan Desert.

McKittrick Canyon is famous for its vivid fall foliage display in the desert landscape.

Steep canyons cut through the Guadalupe Mountains' rugged limestone terrain.

Much of the park's rock is limestone formed from the ancient reef.

Large sections of the park are managed as protected wilderness.

The park's elevation varies dramatically, creating several distinct desert and mountain ecosystems.

The fossil reef here formed roughly 265 million years ago in an ancient inland sea.

The Guadalupe Mountains date back to the Permian geologic period.

Hiking to Guadalupe Peak is a popular, challenging goal for park visitors.

Guadalupe Mountains remains one of the more isolated and lightly visited national parks.",GUADALUPEPEAK,REEF,FOSSIL,HIGHESTPOINT,DESERT,MCKITTRICK,CANYON,LIMESTONE,WILDERNESS,ELEVATION,ANCIENT,PERMIAN,HIKING,ISOLATED
Haleakalā National Park,"Haleakala is a massive shield volcano that makes up most of East Maui.

Watching sunrise from Haleakala's summit is one of the park's most famous experiences.

Haleakala's summit crater is a vast, otherworldly landscape of cinder and rock.

The rare silversword plant grows almost exclusively on Haleakala's upper slopes.

Haleakala is considered dormant rather than extinct, though it hasn't erupted in centuries.

Numerous cinder cones dot the floor of Haleakala's massive summit crater.

Several endangered species, including the nene goose, rely on Haleakala's protected habitat.

Haleakala's high-altitude summit creates conditions dramatically different from Maui's coastline below.

The nene, Hawaii's state bird, has been reintroduced within Haleakala National Park.

Hiking trails wind through Haleakala's crater and down toward the coast.

Haleakala's summit rises over 10,000 feet above sea level.

Haleakala's volcanic landscape looks strikingly different from typical lush Hawaiian scenery.

Bamboo forests grow in the lush, wetter sections of Haleakala National Park.

Waterfalls cascade through the rainforested Kipahulu district of Haleakala National Park.",SHIELDVOLCANO,SUNRISE,CRATER,SILVERSWORD,DORMANT,CINDERCONE,ENDANGERED,HIGHALTITUDE,NENE,HIKING,SUMMIT,VOLCANIC,BAMBOO,WATERFALL
Hawaiʻi Volcanoes National Park,"Kilauea is one of the most active volcanoes on Earth.

Fresh lava flows from Kilauea have repeatedly reshaped the park's landscape in recent decades.

Hawaii's volcanoes are shield volcanoes, built up slowly by fluid, far-reaching lava flows.

Hawaii Volcanoes National Park protects two of the world's most active volcanoes.

Kilauea's summit contains a large volcanic caldera that has changed dramatically during recent eruptions.

Steam vents release volcanic gases across portions of the park's caldera region.

The Hawaiian Islands themselves formed over a volcanic hot spot beneath the Pacific plate.

In Hawaiian tradition, Pele is the goddess associated with volcanoes and fire.

Ongoing volcanic eruptions continue to shape and reshape parts of the park.

Some of the park's beaches are made of black sand formed from cooled lava.

Lush rainforest grows right alongside stark, recent lava fields within the park.

Hiking trails let visitors walk across both ancient and recently cooled lava fields.

Molten rock flowing from Kilauea eventually cools into new, solid land.

Hawaii Volcanoes offers geologists a rare, real-time view of active volcanic processes.",KILAUEA,LAVAFLOW,SHIELDVOLCANO,ACTIVEVOLCANO,CALDERA,STEAMVENT,HOTSPOT,PELE,ERUPTION,BLACKSAND,RAINFOREST,HIKING,MOLTENROCK,GEOLOGY
Hot Springs National Park,"Hot Springs National Park protects naturally occurring thermal spring water that emerges heated from underground.

Historic Bathhouse Row showcases elegant buildings once used for therapeutic soaking.

The park's mineral-rich water was long believed to have therapeutic healing properties.

Bathhouse Row became a destination spa town centered on the area's natural hot springs.

Visitors historically traveled to Hot Springs seeking the healing reputation of its warm waters.

Bathhouse Row consists of a historic row of bathhouses built along the base of the mountain.

Natural spring water at Hot Springs emerges from the ground already warmed by geothermal heat.

Several historic bathhouses along Bathhouse Row have been preserved and restored.

Visitors once traveled great distances specifically to soak in the park's warm mineral waters.

The site's springs were protected by federal reservation decades before the modern national park system existed.

Bathhouse Row's buildings showcase a range of early 20th-century architectural styles.

The city of Hot Springs grew up directly around the valley containing the thermal springs.

Hot Springs is one of the smallest national parks by total protected area.

A visitor center along Bathhouse Row helps orient guests to the park's unusual urban setting.",THERMAL,BATHHOUSE,MINERAL,SPA,HEALING,ROW,SPRINGWATER,HISTORIC,SOAK,RESERVATION,ARCHITECTURE,VALLEY,SMALLEST,VISITOR
Indiana Dunes National Park,"Indiana Dunes protects a stretch of sand dunes along the shore of Lake Michigan.

Indiana Dunes is known for exceptional biodiversity packed into a relatively small area.

Wetlands throughout Indiana Dunes support a wide range of native plant and animal species.

Rare prairie remnants survive within portions of Indiana Dunes National Park.

Indiana Dunes serves as an important stopover for migratory birds along Lake Michigan's shoreline.

Indiana Dunes sits near significant industrial development along Lake Michigan's southern shore.

The park protects miles of shoreline along the southern edge of Lake Michigan.

Hiking trails wind through Indiana Dunes' dunes, wetlands, and woodlands.

Ongoing restoration efforts aim to protect and expand Indiana Dunes' native habitats.

Indiana Dunes supports a surprising diversity of ecosystems within a compact area.

Sandy beaches along Lake Michigan draw many visitors to Indiana Dunes each summer.

Wooded areas throughout Indiana Dunes support a variety of native forest wildlife.

Indiana Dunes sits close to major urban areas, making it an accessible getaway.

Indiana Dunes became a national park relatively recently compared to many older parks.",SANDDUNE,LAKEMICHIGAN,BIODIVERSITY,WETLAND,PRAIRIE,MIGRATORYBIRD,INDUSTRIAL,SHORELINE,HIKING,RESTORATION,ECOSYSTEM,BEACH,WOODLAND,URBAN
Isle Royale National Park,"Isle Royale is a remote island wilderness located within Lake Superior.

Isle Royale's wolves and moose have been studied in one of the longest-running predator-prey research projects in the world.

Moose swam or wandered to Isle Royale and established a population without natural predators until wolves arrived.

The relationship between Isle Royale's wolves and moose remains a major focus of long-term ecological study.

Isle Royale is accessible only by boat or seaplane, with no roads or bridges connecting it to the mainland.

Boreal forest covers much of Isle Royale's rugged island terrain.

Numerous historic shipwrecks lie in the waters surrounding Isle Royale.

Kayaking around Isle Royale's shoreline offers access to secluded coves and inlets.

Isle Royale remains almost entirely wilderness, with very limited development.

Isle Royale sits within Lake Superior, the largest of the Great Lakes by surface area.

The isolation of Isle Royale has allowed for unique, long-term wildlife studies.

Backpacking is one of the primary ways visitors explore Isle Royale's interior trails.

Isle Royale is one of the least visited national parks in the contiguous United States.

Isle Royale is actually an archipelago made up of one large island and many smaller ones.",ISLAND,WOLF,MOOSE,PREDATOR,REMOTE,BOREALFOREST,SHIPWRECK,KAYAKING,WILDERNESS,LAKESUPERIOR,ISOLATED,BACKPACKING,LEASTVISITED,ARCHIPELAGO
Joshua Tree National Park,"The Joshua tree is actually a type of yucca, not a true tree.

Joshua trees are members of the yucca plant family, adapted to harsh desert conditions.

The park's northern half lies within the higher, cooler Mojave Desert.

The park's southern half transitions into the lower, hotter Colorado Desert.

Joshua Tree's granite boulder formations are a major draw for rock climbers worldwide.

Massive granite boulders scattered across the park attract climbers from around the world.

Joshua Tree's clear, dark skies make it a popular spot for stargazing.

Desert bighorn sheep roam the rugged, rocky terrain of Joshua Tree National Park.

Hidden desert oases within the park support rare stands of native fan palms.

Cholla cactus forms dense, spiny patches within a dedicated garden area of the park.

Joshua Tree sits at the transition point between two distinct desert ecosystems.

Minimal light pollution makes Joshua Tree an excellent destination for stargazing.

Wildflower blooms can transform Joshua Tree's desert floor after seasonal rains.

Joshua Tree's arid climate supports plants specially adapted to survive with very little water.",JOSHUATREE,YUCCA,MOJAVE,COLORADODESERT,ROCKCLIMBING,BOULDER,NIGHTSKY,DESERTBIGHORN,OASIS,CHOLLA,TRANSITION,STARGAZING,WILDFLOWER,ARID
Katmai National Park,"Katmai National Park is famous for its large population of brown bears fishing for salmon.

Salmon runs each summer draw Katmai's brown bears to its rivers and streams.

The Valley of Ten Thousand Smokes formed after a massive volcanic eruption in 1912.

Thick volcanic ash still covers portions of Katmai's dramatic valley landscape.

Anglers travel to Katmai specifically for its renowned salmon fishing opportunities.

The 1912 eruption that shaped Katmai was one of the largest volcanic eruptions of the 20th century.

Much of Katmai National Park remains protected as pristine wilderness.

Brooks Falls is one of the best-known spots in the world to watch bears catching salmon.

Brown bears are apex predators that dominate Katmai's food chain each summer.

Katmai remains a remote destination, accessible mainly by small aircraft or boat.

Layers of pumice from the 1912 eruption are still visible throughout the valley.

Massive ash flows from the eruption buried the valley in volcanic material.

Katmai supports rich wildlife, especially around its salmon-filled rivers.

Brown bears gather at Brooks Falls each summer specifically for salmon feeding season.",BROWNBEAR,SALMON,VALLEYOFSMOKES,VOLCANICASH,FISHING,ERUPTION,WILDERNESS,BROOKSFALLS,PREDATOR,REMOTE,PUMICE,ASHFLOW,WILDLIFE,FEEDING
Kenai Fjords National Park,"Kenai Fjords National Park protects a rugged coastline carved by ancient glaciers.

The Harding Icefield feeds numerous glaciers throughout Kenai Fjords National Park.

Tidewater glaciers throughout the park calve directly into the surrounding fjords.

Sea otters are frequently spotted floating in Kenai Fjords' coastal waters.

Humpback whales migrate through the waters off Kenai Fjords each year.

Kayaking is a popular way to explore the park's dramatic fjords up close.

Numerous glaciers flow down from the Harding Icefield toward the sea.

Seabirds nest in large colonies along Kenai Fjords' steep coastal cliffs.

Harbor seals frequently rest on ice floes near the park's tidewater glaciers.

Kenai Fjords protects a rugged, glacier-carved coastal wilderness.

Boat cruises are a popular way for visitors to view Kenai Fjords' glaciers and wildlife.

Orcas can sometimes be spotted hunting in the waters off Kenai Fjords.

Kenai Fjords' rugged terrain has limited road access into much of the park.

Kenai Fjords remains a remote destination, primarily accessible only by boat.",FJORD,ICEFIELD,TIDEWATER,SEAOTTER,HUMPBACKWHALE,KAYAKING,GLACIER,SEABIRD,HARBORSEAL,COASTAL,CRUISE,ORCA,RUGGED,REMOTE
Kings Canyon National Park,"Kings Canyon is one of the deepest canyons in the United States.

Kings Canyon National Park also protects several groves of giant sequoia trees.

The General Grant Tree, located in Kings Canyon, is one of the largest trees in the world.

Granite cliffs tower above the Kings River as it winds through the canyon.

Much of Kings Canyon National Park remains designated wilderness.

Kings Canyon's rugged, remote terrain limits development throughout much of the park.

The Kings River carved much of the park's dramatic canyon terrain.

Alpine peaks rise above the tree line in the park's eastern high country.

Kings Canyon remains one of the more remote and lightly developed national parks.

Extensive hiking trails connect Kings Canyon's canyon floor with its high alpine country.

Steep canyon walls rise dramatically above the Kings River.

Dense forests cover much of Kings Canyon's mid-elevation terrain.

Numerous granite peaks rise throughout Kings Canyon's high country.

Kings Canyon's vast backcountry attracts experienced wilderness backpackers.",DEEPCANYON,GIANTSEQUOIA,GENERALGRANT,GRANITE,WILDERNESS,RUGGED,RIVER,ALPINE,REMOTE,HIKING,CANYONWALL,FOREST,PEAK,BACKCOUNTRY
Kobuk Valley National Park,"Kobuk Valley protects a surprising field of large sand dunes north of the Arctic Circle.

The Great Kobuk Sand Dunes are one of the largest active dune fields in the Arctic.

Massive caribou herds cross the Kobuk River during their seasonal migration.

Boreal forest borders the park's tundra and dune landscapes.

Kobuk Valley has no roads or trails within its remote boundaries.

Arctic tundra dominates much of Kobuk Valley's open, treeless terrain.

The Kobuk River has long served as a vital travel route through the region.

Kobuk Valley is one of the least visited national parks due to its extreme remoteness.

Kobuk Valley protects a vast, roadless stretch of Arctic wilderness.

Local communities continue traditional subsistence practices tied to the caribou migration.

Kobuk Valley remains one of the most isolated national parks in the entire system.

The park's pristine landscape has remained largely untouched by development.

Kobuk Valley sits near the treeline separating boreal forest from open tundra.

Kobuk Valley's caribou migration is one of the largest in North America.",SANDDUNE,ARCTICDUNE,CARIBOU,BOREALFOREST,ROADLESS,TUNDRA,KOBUKRIVER,REMOTE,WILDERNESS,SUBSISTENCE,ISOLATED,PRISTINE,TREELINE,MIGRATION
Lake Clark National Park,"Lake Clark National Park features active volcanoes within its rugged wilderness.

Brown bears fish for salmon along the rivers of Lake Clark National Park.

Salmon runs support both wildlife and traditional fishing throughout Lake Clark.

Lake Clark itself is known for its striking turquoise-colored water.

Much of Lake Clark National Park remains protected as pristine wilderness.

Lake Clark remains one of the most remote national parks, with no road access at all.

Floatplanes are one of the primary ways visitors reach Lake Clark National Park.

Fishing draws many visitors to Lake Clark's remote rivers and lakes.

Glaciers cap several of the volcanic peaks within Lake Clark National Park.

Lake Clark's pristine wilderness supports a wide range of native wildlife.

Rugged mountains rise dramatically around Lake Clark's turquoise waters.

Local communities continue subsistence fishing and hunting traditions within the Lake Clark region.

Lake Clark's isolation has helped preserve its wild, undeveloped character.

Lake Clark supports abundant wildlife, from bears to moose to bald eagles.",VOLCANO,BROWNBEAR,SALMON,TURQUOISE,WILDERNESS,REMOTE,FLOATPLANE,FISHING,GLACIER,PRISTINE,MOUNTAIN,SUBSISTENCE,ISOLATED,WILDLIFE
Lassen Volcanic National Park,"Lassen Peak is one of the largest plug dome volcanoes in the world.

Cinder Cone is a striking, symmetrical volcanic cone found within the park.

Sulfur deposits color the ground near several of the park's geothermal features.

Boiling springs bubble and steam throughout parts of Lassen Volcanic National Park.

Ancient lava flows shaped much of the rugged terrain found throughout the park.

Lassen Peak's last major eruption occurred in the early 20th century.

Bubbling mudpots are one of several active geothermal features found within the park.

Fumaroles release steam and volcanic gases from vents throughout the park.

Lassen Peak towers above the surrounding volcanic landscape as the park's tallest point.

Alpine terrain surrounds the park's highest volcanic peaks.

Lassen Peak is currently considered dormant rather than extinct.

The park showcases all four major types of volcanoes found on Earth.

Hydrothermal activity beneath Lassen continues to power its many geothermal features.

Large sections of Lassen Volcanic National Park remain protected as pristine wilderness.",VOLCANO,CINDERCONE,SULFUR,BOILINGSPRING,LAVA,ERUPTION,MUDPOT,FUMAROLE,PEAK,ALPINE,DORMANT,GEOTHERMAL,HYDROTHERMAL,WILDERNESS
Mammoth Cave National Park,"Mammoth Cave is carved through thick layers of limestone bedrock.

Mammoth Cave is the longest known cave system in the world by mapped passage length.

Explorers continue to map new passages within the vast Mammoth Cave system.

Delicate stalactite formations hang from the ceilings of many Mammoth Cave passages.

Mammoth Cave's underground rivers and lakes support unique, rarely seen ecosystems.

Guided tours are the primary way visitors experience the depths of Mammoth Cave.

Eyeless cave fish have adapted to Mammoth Cave's permanently dark underground waters.

Sinkholes on the surface above Mammoth Cave hint at the vast passages hidden below.

Total darkness inside Mammoth Cave has shaped the unusual adaptations of its wildlife.

Ongoing exploration continues to add newly discovered passages to Mammoth Cave's known length.

Mammoth Cave contains a vast network of interconnected caverns and chambers.

Unique mineral formations have developed over thousands of years within Mammoth Cave.

Sound echoes distinctively through Mammoth Cave's large underground chambers.

An underground river flows through sections of the Mammoth Cave system.",LIMESTONE,LONGEST,PASSAGE,STALACTITE,UNDERGROUND,GUIDEDTOUR,BLINDFISH,SINKHOLE,DARKNESS,EXPLORATION,CAVERN,FORMATION,ECHO,RIVER
Mesa Verde National Park,"Mesa Verde protects hundreds of well-preserved ancient cliff dwellings.

The Pueblo peoples' ancestors built the elaborate stone structures found throughout Mesa Verde.

A kiva is a ceremonial underground room built by the Ancestral Puebloans.

The park's name means ""green table"" in Spanish, referring to its flat-topped mesa terrain.

Archaeologists have studied Mesa Verde's ruins extensively since the early 20th century.

Pottery fragments found throughout Mesa Verde offer clues about ancestral daily life.

Many of Mesa Verde's structures were built directly into sandstone cliff alcoves.

Mesa Verde was established specifically to preserve its ancient cultural sites.

Cliff Palace is the largest and most famous ruin complex within Mesa Verde.

The mesa is cut through by numerous steep canyons.

Mesa Verde holds deep cultural heritage significance for many Indigenous communities today.

Visiting some of Mesa Verde's cliff dwellings requires climbing ladders and narrow passages.

A prolonged regional drought is believed to have contributed to the eventual abandonment of Mesa Verde.

Mesa Verde preserves some of the most significant ancient archaeological sites in North America.",CLIFFDWELLING,PUEBLO,KIVA,MESA,ARCHAEOLOGY,POTTERY,SANDSTONE,PRESERVE,RUINS,CANYON,HERITAGE,CLIMBING,DROUGHT,ANCIENT
Mount Rainier National Park,"Mount Rainier is a massive stratovolcano rising above the surrounding Cascade Range.

Mount Rainier holds more glacial ice than any other single peak in the contiguous United States.

Vivid wildflower meadows bloom on Mount Rainier's subalpine slopes each summer.

The Paradise area is one of the most popular and scenic spots on Mount Rainier.

Subalpine meadows surround much of Mount Rainier below its glaciated peak.

Mount Rainier's deep winter snowpack is among the heaviest recorded anywhere in the world.

A lahar, or volcanic mudflow, is considered one of Mount Rainier's most serious potential hazards.

The timberline on Mount Rainier marks where dense forest gives way to alpine meadow.

Dense temperate rainforest grows on the wetter, lower slopes of Mount Rainier.

Mount Rainier is classified as an active volcano, though it hasn't erupted in centuries.

Colorful subalpine meadows are one of Mount Rainier's most photographed features.

Climbing to Mount Rainier's summit is a serious mountaineering challenge attempted by thousands each year.

Mount Rainier's summit sits over 14,000 feet above sea level.

Massive icefields cover much of Mount Rainier's upper slopes year-round.",STRATOVOLCANO,GLACIER,WILDFLOWER,PARADISE,SUBALPINE,SNOWPACK,LAHAR,TIMBERLINE,RAINFOREST,ACTIVEVOLCANO,MEADOW,CLIMBING,SUMMIT,ICEFIELD
New River Gorge National Park,"The New River has carved a deep, dramatic gorge despite being one of the oldest rivers in North America.

The New River Gorge is a premier destination for whitewater rafting in the eastern United States.

Bridge Day at the New River Gorge Bridge draws thousands of spectators and BASE jumpers each year.

Sandstone cliffs throughout the gorge provide some of the best rock climbing in the region.

Historic coal mining once shaped many small communities along the New River Gorge.

The New River Gorge Bridge is one of the longest steel single-span arch bridges in the world.

Climbers travel from around the country to test themselves on the gorge's sandstone routes.

Powerful rapids along the New River challenge rafters of many different skill levels.

Historic mining towns along the gorge offer a glimpse into the region's industrial past.

Scenic overlooks along the rim provide sweeping views down into the New River Gorge.

Rafting outfitters have operated on the New River for decades, guiding visitors through its rapids.

Despite its youthful-looking gorge, the New River is popularly called one of the oldest rivers on Earth, though geologists debate the claim.

A historic railroad trestle still spans portions of the New River Gorge.

The park protects a long, deep canyon cut through the Appalachian Plateau.",GORGE,WHITEWATER,BASE JUMP,SANDSTONE,COALMINING,BRIDGE,CLIMBING,RAPIDS,HISTORIC,OVERLOOK,RAFTING,ANCIENT,TRESTLE,CANYON
North Cascades National Park,"North Cascades National Park contains more glaciers than any other park in the contiguous United States.

The park's jagged, dramatic peaks have earned it the nickname the ""American Alps.""

Alpine terrain dominates much of North Cascades' rugged high country.

North Cascades remains one of the most remote and lightly visited national parks in the country.

North Cascades National Park has very limited road access, keeping much of it remote.

Numerous waterfalls cascade through North Cascades' steep, forested terrain.

Rugged, glacially carved peaks define much of the North Cascades landscape.

Grizzly bears occasionally range into the remote backcountry of North Cascades.

Dense forests cover the lower elevations throughout North Cascades National Park.

Numerous alpine lakes are tucked into North Cascades' rugged mountain terrain.

Sharp, glacier-carved peaks rise dramatically throughout North Cascades National Park.

Heavy snowpack accumulates each winter across North Cascades' high mountain terrain.

Hiking into North Cascades' backcountry requires navigating steep, rugged trails.

North Cascades' isolated terrain has helped preserve its wild, undeveloped character.",GLACIER,JAGGED,ALPINE,WILDERNESS,REMOTE,WATERFALL,RUGGED,GRIZZLYBEAR,FOREST,LAKE,PEAK,SNOWPACK,HIKING,ISOLATED
Olympic National Park,"Olympic National Park protects a rare temperate rainforest ecosystem.

The park spans a dramatic coastline along the Pacific Ocean.

Small glaciers persist high on Olympic's mountainous interior.

Alpine terrain rises sharply above the park's lower rainforest and coastal zones.

Thick moss drapes the trees throughout Olympic's temperate rainforest.

Tidepools along Olympic's rugged coastline reveal a variety of marine life.

Roosevelt elk are commonly found grazing throughout Olympic's forested valleys.

Olympic National Park is known for its unusually diverse mix of ecosystems in one park.

Olympic's rainforest receives some of the highest annual rainfall in the continental United States.

Large sections of Olympic National Park remain protected as pristine wilderness.

Olympic National Park occupies much of the Olympic Peninsula in Washington state.

Numerous waterfalls cascade through Olympic's forested mountain terrain.

Olympic protects three distinct ecosystems: rainforest, coastline, and alpine mountains.

Rugged, undeveloped terrain covers much of Olympic National Park's interior.",RAINFOREST,COASTLINE,GLACIER,ALPINE,MOSS,TIDEPOOL,ROOSEVELTELK,DIVERSE,TEMPERATE,WILDERNESS,PENINSULA,WATERFALL,ECOSYSTEM,RUGGED
Petrified Forest National Park,"Petrified wood throughout the park formed as minerals slowly replaced ancient buried tree trunks.

Colorful mineral deposits give petrified wood its vivid, rainbow-like appearance.

The park's fossilized logs date back to the Triassic period, over 200 million years ago.

Badlands terrain throughout the park has been sculpted by wind and water erosion.

The nearby Painted Desert displays vividly colored bands of eroded rock.

Petrified Forest is rich with fossils of ancient plants and early reptiles.

Quartz crystals often form within petrified wood as it fossilizes over time.

Ancient logjams of fallen trees eventually became the fossilized logs seen in the park today.

The petrified logs found here are remnants of forests that grew hundreds of millions of years ago.

Wind and water have eroded much of the softer surrounding rock, exposing the fossilized logs.

Petrified wood's rainbow coloring comes from trace minerals like iron and manganese.

Petrified Forest was established specifically to preserve its unique fossilized wood formations.

Some petrified wood pieces contain vividly colored crystal formations inside.

Fossilized logs lie scattered across the ground throughout much of the park.",PETRIFIEDWOOD,MINERAL,TRIASSIC,BADLANDS,PAINTEDDESERT,FOSSIL,QUARTZ,LOGJAM,ANCIENT,ERODED,RAINBOW,PRESERVE,CRYSTAL,GROUND
Pinnacles National Park,"Pinnacles National Park protects the eroded remains of an ancient volcano.

Tall rock spires throughout Pinnacles formed from ancient volcanic activity.

California condors, among the rarest birds in North America, have been reintroduced at Pinnacles.

Unique talus caves at Pinnacles formed when massive boulders wedged together in narrow canyons.

Pinnacles' rugged rock formations attract rock climbers seeking varied routes.

The park's volcanic rock originated from an ancient volcano that has since eroded and shifted.

Several bat species roost within the dark passages of Pinnacles' talus caves.

Numerous raptor species, including condors and falcons, nest among Pinnacles' rocky spires.

Chaparral vegetation covers much of the drier hillsides throughout Pinnacles National Park.

Millions of years of erosion have shaped Pinnacles' dramatic rock spires and caves.

Massive rock monoliths dominate the skyline throughout Pinnacles National Park.

Spring wildflower blooms add color to Pinnacles' rugged, rocky landscape.

Narrow canyons wind between Pinnacles' towering volcanic rock formations.

Pinnacles was established specifically to preserve its unusual volcanic rock formations.",VOLCANIC,SPIRE,CONDOR,TALUSCAVE,ROCKCLIMBING,ANCIENTVOLCANO,BAT,RAPTOR,CHAPARRAL,EROSION,MONOLITH,WILDFLOWER,CANYON,PRESERVE
Redwood National Park,"Redwood National and State Parks protect some of the tallest trees on Earth.

Hyperion, the tallest known tree in the world, grows within Redwood National Park.

The redwood forest canopy can rise several hundred feet above the forest floor.

Coastal fog provides essential moisture that helps sustain the towering redwood trees.

Redwood protects some of the last remaining old-growth redwood forest in California.

Lush ferns cover much of the forest floor beneath the towering redwood canopy.

Extensive historic logging removed the vast majority of California's original redwood forest.

Redwood National Park was established largely in response to conservation efforts to save remaining old-growth trees.

Roosevelt elk are commonly seen grazing in Redwood's coastal meadows.

Redwood National Park protects a dramatic stretch of rugged Northern California coastline.

Some of the park's ancient redwoods are estimated to be well over 1,000 years old.

Thick moss often covers the bark of trees within Redwood's humid coastal forest.

Coast redwoods are among the tallest living organisms on Earth.

Redwood forests support a rich and unique ecosystem found nowhere else in the world.",COASTREDWOOD,TALLESTTREE,CANOPY,FOGBELT,OLDGROWTH,FERN,LOGGING,CONSERVATION,ELK,COASTLINE,ANCIENT,MOSS,TOWERING,ECOSYSTEM
Rocky Mountain National Park,"Trail Ridge Road is one of the highest paved through-roads in the United States, crossing Rocky Mountain National Park.

Alpine tundra covers a significant portion of Rocky Mountain National Park's higher elevations.

Large elk herds are a common and iconic sight throughout Rocky Mountain National Park.

Bighorn sheep are frequently spotted along the park's rocky slopes and cliffs.

The Continental Divide runs directly through Rocky Mountain National Park.

Alpine ecosystems above the treeline support specially adapted, low-growing plants.

Numerous peaks throughout the park rise above 12,000 feet in elevation.

Small remaining glaciers persist on some of the park's highest, shaded slopes.

Summer wildflower blooms color Rocky Mountain National Park's alpine meadows.

The timberline marks the elevation above which trees can no longer survive the harsh conditions.

Longs Peak is the tallest mountain within Rocky Mountain National Park.

Moose are found in the park's wetter valley areas, especially near willow thickets.

Extensive hiking trails wind through Rocky Mountain National Park's varied terrain.

Rocky Mountain National Park's dramatic elevation range creates several distinct ecosystems.",TRAILRIDGE,TUNDRA,ELK,BIGHORNSHEEP,DIVIDE,ALPINE,PEAK,GLACIER,WILDFLOWER,TIMBERLINE,LONGSPEAK,MOOSE,HIKING,ELEVATION
Saguaro National Park,"The giant saguaro cactus can live for over 150 years in the Sonoran Desert.

Saguaro National Park protects a dense forest of towering cactus plants.

The park sits within the unique Sonoran Desert ecosystem.

Saguaro cacti generally require decades of growth before beginning to flower.

The saguaro's white bloom is the official state flower of Arizona.

Rugged desert ridges rise across Saguaro National Park's rocky terrain.

Gila woodpeckers carve nesting holes directly into the trunks of saguaro cacti.

Sharp spines cover the saguaro cactus, helping protect it from thirsty animals.

A mature saguaro cactus may grow several large arms as it ages.

The oldest saguaro cacti in the park are sometimes called elder plants due to their great age.

Many desert creatures in Saguaro National Park are most active at night to avoid daytime heat.

Saguaro cacti depend on seasonal rainfall to store enough water to survive dry stretches.

Desert sunsets silhouette the park's towering saguaro cacti in dramatic fashion.

The park was established specifically to preserve its namesake saguaro cactus forest.",SAGUARO,CACTUS,SONORAN,DESERT,BLOOM,RIDGE,GILAWOODPECKER,SPINE,ARM,ELDER,NOCTURNAL,RAINFALL,SUNSET,PRESERVE
Sequoia National Park,"Sequoia National Park protects some of the largest trees on Earth by volume.

The General Sherman Tree, located in Sequoia, is the largest known tree by volume in the world.

Giant sequoias grow in scattered groves throughout the park's mid-elevation forests.

Thick, fibrous bark helps protect giant sequoias from fire damage.

Mount Whitney, the tallest peak in the contiguous United States, rises along Sequoia National Park's eastern boundary.

Giant sequoias are remarkably fire-resistant, and some fire is actually beneficial to their reproduction.

Some giant sequoias in the park are estimated to be over 2,000 years old.

Giant sequoias have a surprisingly shallow root system relative to their massive size.

Deep canyons cut through portions of Sequoia National Park's rugged terrain.

Sequoia supports diverse wildlife across its range of forest and alpine habitats.

Alpine terrain near Mount Whitney contrasts sharply with the park's lower sequoia groves.

Giant sequoias are a type of conifer, related to redwoods and other cone-bearing trees.

Sequoia cones require fire's heat to fully open and release their seeds.

Sequoia's towering trees make it one of the most awe-inspiring forests in the world.",GIANTSEQUOIA,GENERALSHERMAN,GROVE,BARK,MOUNTWHITNEY,FIRERESISTANT,ANCIENT,ROOTSYSTEM,CANYON,WILDLIFE,ALPINE,CONIFER,CONE,TOWERING
Shenandoah National Park,"Skyline Drive runs the entire length of Shenandoah National Park along the ridge of the Blue Ridge Mountains.

A long stretch of the Appalachian Trail runs through Shenandoah National Park.

Shenandoah sits along the Blue Ridge Mountains, part of the larger Appalachian range.

Numerous waterfalls are tucked into Shenandoah's forested hollows and valleys.

Skyline Drive's many overlooks offer sweeping views of the Shenandoah Valley below.

Historic mountain hollows within the park were once home to small farming communities.

White-tailed deer are commonly seen grazing near Shenandoah's roadsides and meadows.

Black bears are frequently spotted throughout Shenandoah's forested terrain.

A characteristic blue haze often settles over Shenandoah's mountain ridges.

Fall foliage along Skyline Drive draws large crowds to Shenandoah every autumn.

The Shenandoah Valley stretches out below the park's mountain ridgeline.

Dense hardwood forests cover the majority of Shenandoah National Park.

Shenandoah supports a wide range of wildlife, from songbirds to black bears.

Skyline Drive remains the park's main scenic route for driving visitors.",SKYLINE,APPALACHIAN,BLUERIDGE,WATERFALL,OVERLOOK,HOLLOW,DEER,BLACKBEAR,HAZE,AUTUMN,VALLEY,FORESTED,WILDLIFE,DRIVE
Theodore Roosevelt National Park,"Theodore Roosevelt National Park protects a dramatic stretch of North Dakota badlands.

Bison were reintroduced to the park and now roam its grasslands and badlands.

Prairie dog towns are a common and lively sight throughout the park.

Wild horses still roam portions of Theodore Roosevelt National Park today.

The park honors Theodore Roosevelt's legacy as a dedicated advocate for conservation.

Roosevelt once operated a cattle ranch in the badlands that now make up the park.

The Little Missouri River winds through the badlands protected by the park.

Wind and water have eroded the park's colorful badlands terrain over time.

The park is the only one named directly after a US president.

Rolling prairie grassland surrounds much of the park's badlands terrain.

The park supports a wide range of wildlife, including bison, elk, and wild horses.

Theodore Roosevelt National Park's rugged terrain closely resembles the badlands Roosevelt once ranched.

Sunset light dramatically colors the park's layered badlands formations.

Roosevelt's early ranching experience in the area shaped his lifelong conservation values.",BADLANDS,BISON,PRAIRIEDOG,WILDHORSE,CONSERVATION,RANCH,LITTLEMISSOURI,ERODED,ROOSEVELT,GRASSLAND,WILDLIFE,RUGGED,SUNSET,HOMESTEAD
Virgin Islands National Park,"Virgin Islands National Park protects extensive coral reefs off the coast of St. John.

The park's beaches are considered among the most beautiful in the Caribbean.

Snorkeling is a top activity in the park's clear, reef-filled waters.

Ruins of historic sugar mills dot the landscape of Virgin Islands National Park.

The park's tropical climate supports lush vegetation year-round.

Trunk Bay is one of the park's most famous and frequently visited beaches.

Historic ruins throughout the park reflect centuries of Caribbean plantation-era history.

Former sugarcane plantations once covered much of the land now protected within the park.

Sea turtles nest on several of the park's protected beaches.

A network of hiking trails winds through the park's tropical forest and coastline.

The park sits within the Caribbean Sea on the island of St. John.

The islands' volcanic origins shaped their steep, forested terrain.

Rich marine life thrives in the warm waters surrounding Virgin Islands National Park.

Palm trees line many of the park's most scenic beaches.",CORALREEF,BEACH,SNORKELING,SUGARMILL,TROPICAL,TRUNKBAY,HISTORIC,PLANTATION,TURTLE,HIKINGTRAIL,CARIBBEAN,VOLCANIC,MARINELIFE,PALM
Voyageurs National Park,"Voyageurs National Park is named after French-Canadian fur traders who traveled its waterways by canoe.

Canoeing remains one of the primary ways to explore Voyageurs National Park.

French fur traders relied on the region's interconnected lakes as a trade route centuries ago.

Voyageurs sits within the boreal forest ecosystem of the upper Midwest.

The park contains numerous large lakes connected by narrow channels.

Dozens of small islands dot the lakes within Voyageurs National Park.

The haunting call of the loon is a signature sound of Voyageurs National Park.

Voyageurs is one of the best places in the country to view the northern lights.

Houseboats are a popular way for visitors to overnight on Voyageurs' interconnected lakes.

Much of Voyageurs remains designated wilderness, accessible mainly by water.

The historic fur trade shaped much of the early exploration of the Voyageurs region.

Historic portage routes allowed traders to move canoes and goods between separate waterways.

Wolves roam the forests surrounding Voyageurs' lakes and islands.

Voyageurs' remote, water-based landscape sets it apart from most other national parks.",WATERWAY,CANOE,FRENCHTRADER,BOREALFOREST,LAKE,ISLAND,LOON,NORTHERNLIGHTS,HOUSEBOAT,WILDERNESS,FUR,PORTAGE,WOLF,REMOTE
White Sands National Park,"White Sands protects the largest gypsum dune field in the world.

Wind-driven dunes at White Sands are constantly shifting and reshaping over time.

Sledding down White Sands' dunes has become a popular visitor activity.

The park's brilliant white sand comes from gypsum crystals rather than typical quartz sand.

White Sands sits within the larger Chihuahuan Desert region.

White Sands National Park is located near an active military missile testing range.

Evening visits to White Sands reveal striking colors as the sun sets over the dunes.

Specialized wildlife, including several pale-colored species, have adapted to life on the white dunes.

The dune field at White Sands is constantly shifting under the influence of prevailing winds.

White Sands' gypsum mineral content sets it apart from most other desert dune fields.

White Sands sits within an enclosed desert basin with no natural drainage outlet.

Sunsets at White Sands are known for casting dramatic colors across the pale dunes.

Interdune flats between the dunes support hardy desert plants and animals.

Wind creates rippled patterns across the surface of White Sands' dunes.",GYPSUM,DUNE,SLEDDING,WHITESAND,DESERT,MISSILE,EVENING,WILDLIFE,SHIFTING,MINERAL,BASIN,SUNSET,INTERDUNE,RIPPLE
Wind Cave National Park,"Wind Cave is known for boxwork, a rare and delicate calcite formation.

Wind Cave formed within thick layers of ancient limestone.

Air pressure differences cause noticeable wind to blow in and out of Wind Cave's entrance.

Wind Cave sits beneath a landscape of mixed-grass prairie.

Bison roam the prairie grassland above Wind Cave's underground passages.

Wind Cave contains one of the longest and most complex cave systems in the world.

The cave's passages form an intricate, maze-like network underground.

Boxwork formations are made of thin calcite blades forming honeycomb-like patterns.

Early explorers used the cave's distinctive wind as a way to locate its entrance.

The cave holds deep cultural and spiritual significance for several Native American tribes.

Ponderosa pine forests cover portions of the land above Wind Cave.

Wind Cave is one of the oldest and most complex cave systems protected by the park system.

The cave's whistling wind gave it its distinctive name.

Rare boxwork formations make up a striking feature within Wind Cave.",BOXWORK,LIMESTONE,BAROMETRIC,PRAIRIE,BISON,UNDERGROUND,MAZE,CALCITE,EXPLORER,NATIVEAMERICAN,PONDEROSA,CAVESYSTEM,WHISTLING,FORMATION
Wrangell-St. Elias National Park,"Wrangell-St. Elias is the largest national park in the United States by far.

Massive icefields cover a significant portion of Wrangell-St. Elias's mountainous terrain.

The park contains some of the largest glaciers found anywhere in North America.

Several volcanic peaks rise within the vast Wrangell-St. Elias mountain ranges.

Wrangell-St. Elias remains one of the most remote national parks in the country.

The park contains some of the tallest mountains in North America.

Nearly all of Wrangell-St. Elias remains protected as pristine wilderness.

Historic copper mining once drove significant activity near the park's boundaries.

The historic ghost town of Kennecott recalls the park's early copper mining era.

Exploring Wrangell-St. Elias's backcountry requires serious wilderness experience and preparation.

Bush planes provide one of the only practical ways to access much of the park's interior.

Rugged, glacier-carved mountains dominate the landscape throughout Wrangell-St. Elias.

The isolated terrain of Wrangell-St. Elias has kept large portions essentially untouched.

The sheer vastness of Wrangell-St. Elias makes it larger than several US states combined.",LARGESTPARK,ICEFIELD,GLACIER,VOLCANIC,REMOTE,MOUNTAIN,WILDERNESS,COPPERMINE,GHOSTTOWN,BACKCOUNTRY,BUSHPLANE,RUGGED,ISOLATED,VASTNESS
Yellowstone National Park,"Yellowstone was established in 1872 as the first national park in the world.

Old Faithful is one of the most predictable and famous geysers in Yellowstone.

Yellowstone protects the largest concentration of geysers on Earth.

Colorful hot springs throughout Yellowstone get their vivid colors from heat-loving microorganisms.

Yellowstone is home to some of the largest free-roaming bison herds in the country.

Yellowstone sits atop a massive volcanic system often described as a supervolcano.

Gray wolves were famously reintroduced to Yellowstone in the 1990s after decades of absence.

Yellowstone's caldera formed from a series of enormous volcanic eruptions.

Grizzly bears roam significant portions of Yellowstone's backcountry.

Yellowstone's geothermal features are powered by hydrothermal activity beneath the park.

The Grand Canyon of the Yellowstone showcases dramatic waterfalls and colorful canyon walls.

Yellowstone supports an extraordinary diversity of wildlife across its vast landscape.

Yellowstone's designation as the first national park helped launch the entire national park concept.

Bubbling mudpots are one of several distinctive geothermal features found throughout Yellowstone.",GEYSER,OLDFAITHFUL,HOTSPRING,BISON,SUPERVOLCANO,WOLF,CALDERA,GRIZZLY,HYDROTHERMAL,CANYON,WILDLIFE,FIRSTPARK,MUDPOT,ERUPTION
Yosemite National Park,"El Capitan is one of the largest single granite monoliths in the world, rising from Yosemite Valley.

Half Dome's distinctive sheared-off shape makes it one of Yosemite's most recognizable landmarks.

Yosemite Valley features several of the tallest waterfalls in North America.

Yosemite's dramatic cliffs are carved from ancient granite bedrock.

Giant sequoia trees grow in several groves within Yosemite National Park.

Yosemite Valley was carved by glaciers moving slowly through the landscape over thousands of years.

El Capitan and Half Dome attract world-class rock climbers from around the globe.

Ancient glaciers carved Yosemite's dramatic U-shaped valley.

The Merced River flows through the heart of Yosemite Valley.

Lush meadows spread across the floor of Yosemite Valley.

Large sections of Yosemite beyond the valley remain designated wilderness.

Tunnel View offers one of the most iconic panoramic views of Yosemite Valley.

Yosemite Falls is one of the tallest waterfalls in North America.

Yosemite's towering granite cliffs rise thousands of feet above the valley floor.",ELCAPITAN,HALFDOME,WATERFALL,GRANITE,SEQUOIA,VALLEY,ROCKCLIMBING,GLACIER,MERCEDRIVER,MEADOW,WILDERNESS,TUNNELVIEW,YOSEMITEFALLS,TOWERING
Zion National Park,"The Narrows is a famous hike through Zion Canyon that involves wading directly in the river.

Towering sandstone cliffs define much of Zion National Park's dramatic scenery.

Angels Landing is one of the most famous and challenging hikes in Zion National Park.

The Virgin River carved Zion Canyon over millions of years.

The Virgin River continues to slowly deepen and widen Zion Canyon today.

Hanging gardens of ferns and flowers cling to seep spots along Zion's canyon walls.

A shuttle system carries most visitors through Zion Canyon to reduce traffic congestion.

Zion's massive sandstone cliffs rise dramatically above the canyon floor.

Hiking trails in Zion range from easy canyon walks to strenuous cliffside routes.

Erosion continues to shape Zion's canyons, arches, and rock formations.

Slot canyons within Zion narrow to just a few feet wide in some sections.

Zion supports a wide range of wildlife, from bighorn sheep to peregrine falcons.

Elevation changes throughout Zion create distinct desert, canyon, and forest zones.

Zion's signature red rock coloring comes from iron oxide within its sandstone layers.",NARROWS,SANDSTONE,ANGELSLANDING,CANYON,VIRGINRIVER,HANGINGGARDEN,SHUTTLE,CLIFF,HIKING,EROSION,SLOTCANYON,WILDLIFE,ELEVATION,REDROCK
National Park Service,"The National Park Service was founded in 1916 to oversee America's growing system of parks.

Stewardship of public land is a core responsibility of every National Park Service employee.

Park rangers serve as the public face of the National Park Service in parks nationwide.

Preservation of natural and cultural resources is central to the National Park Service's mission.

The National Park Service's iconic arrowhead logo represents its combined natural and historical mission.

The National Park Service operates as a federal agency within the Department of the Interior.

The National Park Service protects both natural wonders and important historic heritage sites.

The National Park Service celebrated its 100th anniversary, or centennial, in 2016.

The National Park Service's mission balances public enjoyment with long-term resource protection.

National parks remain protected from development thanks to National Park Service oversight.

Public education is a major focus of National Park Service programs and visitor centers.

The National Park Service manages both historic sites and vast natural landscapes.

The National Park Service oversees natural wonders ranging from deserts to glaciers.

The National Park Service was founded to unify management of parks that had previously been managed separately.",STEWARDSHIP,RANGER,PRESERVATION,ARROWHEAD,FEDERAL,HERITAGE,CENTENNIAL,MISSION,PROTECTED,EDUCATION,HISTORIC,NATURAL,AGENCY,FOUNDED
Park Rangers,"Park rangers wear a distinctive uniform recognized by visitors across the country.

A ranger's badge signifies their official authority within the National Park Service.

Interpretation programs help rangers translate complex science and history for park visitors.

Rangers regularly patrol park trails and roads to assist visitors and protect resources.

Wildlife monitoring is an important part of many rangers' daily responsibilities.

Rangers are trained in first aid to respond quickly to visitor injuries in remote areas.

Some park rangers hold law enforcement authority to help ensure visitor safety and enforcement.

Naturalist rangers specialize in explaining a park's plants, animals, and ecosystems to visitors.

Extensive training prepares rangers for the physical and educational demands of the job.

Evening campfire talks are a classic way rangers share stories and science with visitors.

Search and rescue operations sometimes fall to trained park rangers in remote terrain.

Many rangers describe deep personal dedication to the parks where they work.

The iconic flat hat is one of the most recognizable parts of a ranger's traditional uniform.

Rangers often act as a knowledgeable guide, helping visitors get the most out of their trip.",UNIFORM,BADGE,INTERPRETATION,PATROL,WILDLIFE,FIRSTAID,ENFORCEMENT,NATURALIST,TRAINING,CAMPFIRE,RESCUE,DEDICATION,FLATHAT,GUIDE
Junior Ranger Program,"Completing the Junior Ranger program earns kids an official badge at many national parks.

Junior Ranger workbooks guide kids through fun, educational activities about each specific park.

Junior Rangers often recite a pledge promising to help protect and explore parks responsibly.

Workbook activities cover everything from wildlife identification to basic park history.

The Junior Ranger program is designed as a fun way for kids to learn while visiting parks.

Junior Ranger programs are a popular family activity in nearly every national park.

The Junior Ranger program welcomes participants across a wide range of ages.

Many Junior Ranger booklets encourage kids to explore specific park trails and features.

Kids typically complete their Junior Ranger booklet before being sworn in by a ranger.

A Junior Ranger badge makes a popular and memorable souvenir of a park visit.

The program is designed to be both educational and genuinely fun for young visitors.

Many Junior Ranger activities are hands-on, encouraging active exploration rather than just reading.

Junior Ranger programs help build a lifelong appreciation for nature in young visitors.

Some parks award a certificate alongside the badge upon program completion.",BADGE,WORKBOOK,PLEDGE,ACTIVITY,LEARNING,FAMILYFUN,AGEGROUP,EXPLORATION,COMPLETION,SOUVENIR,EDUCATIONAL,HANDSON,NATURE,CERTIFICATE
Camping,"A sturdy tent provides essential shelter for overnight camping in the outdoors.

Gathering around a campfire remains one of the most cherished camping traditions.

A quality sleeping bag helps campers stay warm through cold overnight temperatures.

Reserving a campsite in advance is often necessary at popular national parks.

Reservations for popular campgrounds can fill up months in advance during peak season.

A cooler helps keep food fresh during multi-day camping trips.

Lanterns provide essential light around a campsite after dark.

Roasting marshmallows over a campfire is a classic camping activity for all ages.

Bear-proof food storage containers are required in many wilderness camping areas.

Clear night skies away from city lights make camping trips popular for stargazing.

A well-packed backpack is essential for any backcountry camping trip.

Collecting or bringing firewood is a routine part of setting up a campsite.

Primitive camping offers a more rustic experience with fewer amenities than developed sites.

A developed campground typically offers restrooms, water, and designated camping spots.",TENT,CAMPFIRE,SLEEPINGBAG,CAMPSITE,RESERVATION,COOLER,LANTERN,MARSHMALLOW,BEARPROOF,STARGAZING,BACKPACK,FIREWOOD,PRIMITIVE,CAMPGROUND
Hiking and Trails,"A trailhead marks the official starting point of a hiking trail.

Switchbacks let trails climb steep terrain gradually instead of straight uphill.

Elevation gain is a key factor hikers consider when judging a trail's difficulty.

Colored trail blazes help hikers stay on the correct path through the wilderness.

A day hike is typically completed within a single day without overnight camping gear.

Reaching the summit is often the primary goal of a challenging mountain hike.

A detailed trail map helps hikers navigate unfamiliar terrain safely.

Setting a steady pace helps hikers conserve energy over long distances.

Carrying enough water is one of the most important parts of hiking safety.

Trail mix provides hikers with a lightweight, high-energy snack on the trail.

Sturdy boots help protect hikers' feet and ankles on rough or uneven terrain.

Trail distance and elevation gain together determine a hike's overall difficulty.

A loop trail returns hikers to their starting point without retracing the same path.

Clear trail signage helps hikers navigate junctions and stay on their intended route.",TRAILHEAD,SWITCHBACK,ELEVATION,BLAZE,DAYHIKE,SUMMIT,TRAILMAP,PACE,WATERBOTTLE,TRAILMIX,BOOTS,DISTANCE,LOOP,SIGNAGE
Backcountry and Wilderness,"A backcountry permit is often required before venturing into a park's most remote areas.

Backcountry travel often means embracing complete isolation from roads and other people.

Strong navigation skills are essential when traveling through unmarked backcountry terrain.

Backcountry travelers must be largely self-sufficient, carrying everything they need to survive.

The Leave No Trace principles guide backcountry travelers to minimize their impact on the land.

Designated wilderness areas receive the highest level of protected status within the park system.

Many backcountry travelers seek the deep solitude that remote wilderness areas provide.

Rugged, undeveloped terrain defines most designated backcountry wilderness areas.

Unmarked trails in the backcountry require confident route-finding skills.

Careful preparedness can mean the difference between a good trip and a dangerous one.

Rationing food and supplies becomes essential on longer backcountry expeditions.

Backcountry travelers must be ready to handle an emergency without immediate outside help.

Backcountry travel demands real wilderness experience and careful planning.

Facing backcountry challenges directly can build genuine resilience and confidence.",PERMIT,ISOLATION,NAVIGATION,SELFSUFFICIENT,LEAVENOTRACE,PROTECTED,SOLITUDE,RUGGED,UNMARKED,PREPAREDNESS,RATIONING,EMERGENCY,EXPERIENCE,RESILIENCE
Park Conservation,"Preservation of natural landscapes is a core goal of park conservation efforts.

Protecting habitat is essential for maintaining healthy wildlife populations within parks.

Conservation programs work to protect endangered species found within national parks.

Ecological restoration projects help repair habitats damaged by past human activity.

Sustainability practices help ensure parks remain healthy for future generations.

Reducing pollution helps protect the air, water, and soil quality within park boundaries.

Conservation efforts consider how changes to one part of an ecosystem affect the whole.

Protecting biodiversity means preserving the full range of species within a given ecosystem.

Conservation advocacy has historically played a major role in expanding protected park lands.

Stewardship of natural resources requires long-term commitment from both agencies and the public.

Adequate funding is essential for carrying out effective, long-term conservation programs.

Environmental legislation has historically shaped how national parks are protected and managed.

Public awareness campaigns help build broader support for conservation efforts.

Conservation often requires balancing public access with long-term resource protection.",PRESERVATION,HABITAT,ENDANGERED,RESTORATION,SUSTAINABILITY,POLLUTION,ECOSYSTEM,BIODIVERSITY,ADVOCACY,STEWARDSHIP,FUNDING,LEGISLATION,AWARENESS,BALANCE
Volunteers in Parks,"Volunteers contribute millions of hours of work to national parks every year.

Trail maintenance is one of the most common tasks handled by park volunteers.

Volunteer cleanup events help keep park trails, beaches, and campgrounds free of litter.

Charitable donations help support park programs beyond what federal funding alone provides.

Volunteer service allows people to give back directly to parks they care about.

Nonprofit partner organizations often coordinate volunteer opportunities within national parks.

Strong partnerships between agencies and nonprofits expand what parks can accomplish.

Many long-term park volunteers show remarkable dedication, returning year after year.

Volunteers often assist directly with habitat and trail restoration projects.

Volunteer-led education programs help extend a park's limited ranger staff.

Fundraising efforts by volunteer groups help support park projects and events.

A spirit of stewardship motivates many people to volunteer their time in parks.

Volunteer projects often require real teamwork among people of different skill levels.

Long-term volunteer commitment helps parks sustain projects that take years to complete.",VOLUNTEER,MAINTENANCE,CLEANUP,DONATION,SERVICE,NONPROFIT,PARTNERSHIP,DEDICATION,RESTORATION,EDUCATION,FUNDRAISING,STEWARDSHIP,TEAMWORK,COMMITMENT
Wildlife of the National Parks,"Bison herds roam freely across several western national parks.

Grizzly bears are among the most iconic and closely monitored predators in western parks.

Elk herds are a common sight in mountain parks throughout the country.

Wolves have been reintroduced to several national parks after decades of absence.

Bald eagles nest near rivers and lakes in many national parks.

Moose are found in wetland and forested habitats across northern parks.

Bighorn sheep navigate steep, rocky cliffs with remarkable balance.

Coyotes are highly adaptable and found in nearly every national park habitat.

Mountain lions remain elusive but are present throughout much of the western park system.

Beavers shape wetland habitats through their dam-building activity in many parks.

River otters are playful, agile swimmers found in many park waterways.

Hawks and other raptors hunt over open meadows and grasslands within parks.

White-tailed and mule deer are among the most commonly spotted mammals across the park system.

Seasonal migration patterns shape the movement of many large mammals through national parks.",BISON,GRIZZLYBEAR,ELK,WOLF,BALDEAGLE,MOOSE,BIGHORNSHEEP,COYOTE,MOUNTAINLION,BEAVER,OTTER,HAWK,DEER,MIGRATION
Geology and Rock Formations,"Sedimentary rock forms from layers of compacted sediment over long periods of time.

Igneous rock forms when molten magma or lava cools and solidifies.

Metamorphic rock forms when existing rock is transformed by intense heat and pressure.

Erosion gradually wears away rock, shaping many of the dramatic formations found in parks.

Rock strata reveal a visible timeline of a landscape's geologic history.

A geologic fault marks a fracture where rock has shifted along a break in the crust.

Tectonic uplift has raised many of the mountain ranges found within national parks.

Minerals within rock often determine its color, hardness, and how it weathers over time.

Fossils embedded in rock layers offer clues about ancient environments and life forms.

Tectonic plate movement drives much of the geologic activity shaping national parks.

Weathering breaks down rock through exposure to wind, water, and temperature change.

Sediment deposition gradually builds up new layers of rock over time.

Unique rock formations throughout the park system reflect millions of years of geologic change.

Geologists study rock formations to better understand Earth's long and complex history.",SEDIMENTARY,IGNEOUS,METAMORPHIC,EROSION,STRATA,FAULT,UPLIFT,MINERAL,FOSSIL,TECTONIC,WEATHERING,DEPOSITION,FORMATION,GEOLOGIST
Waterfalls,"A cascade describes water tumbling down a series of small drops rather than one sheer fall.

A waterfall's plunge type describes water falling freely without touching the rock behind it.

Fine mist often drifts from the base of tall, powerful waterfalls.

A waterfall's flow depends heavily on the surrounding watershed's rainfall and snowmelt.

Waterfalls form where erosion-resistant rock creates a sudden drop in a riverbed.

Some waterfalls drop in multiple tiered stages rather than a single sheer drop.

The roaring sound of a powerful waterfall can be heard from a considerable distance.

Many waterfalls flow seasonally, swelling with spring snowmelt and shrinking by late summer.

Scenic overlooks let visitors safely view a waterfall's full drop from a distance.

A plunge pool forms at the base of a waterfall where falling water collects.

A waterfall's flow rate can vary dramatically between wet and dry seasons.

A horsetail waterfall maintains contact with the rock face as it descends.

A curtain-type waterfall spreads wide as it falls, resembling a flowing curtain of water.

The sheer volume of water moving over some waterfalls is difficult to fully appreciate up close.",CASCADE,PLUNGE,MIST,WATERSHED,EROSION,TIERED,ROARING,SEASONAL,OVERLOOK,POOL,FLOW,HORSETAIL,CURTAIN,VOLUME
Canyons,"Canyons form primarily through the slow, patient process of water erosion.

Rivers cut deep into rock over millions of years, gradually carving out canyons.

Exposed rock strata within canyon walls reveal distinct layers of geologic time.

A canyon's depth often reflects how long a river has been actively cutting into the rock.

Some canyons narrow dramatically into tight passages just a few feet wide.

Scenic overlooks let visitors safely appreciate a canyon's scale from above.

Many canyons cut through elevated plateaus of layered rock.

Sedimentary rock layers are especially common in many of the country's deepest canyons.

Sheer canyon walls can rise thousands of feet above the river below.

A gorge is generally a narrower, steeper type of canyon.

A slot canyon narrows to just a few feet wide in some of its most dramatic sections.

Sweeping vistas from canyon rims are among the most photographed views in the park system.

Distinct rock layers within canyon walls tell the story of changing ancient environments.

Weathering continues to slowly reshape canyon walls long after a river first carved them.",EROSION,RIVERCUT,STRATA,DEPTH,NARROW,OVERLOOK,PLATEAU,SEDIMENTARY,WALL,GORGE,SLOT,VISTA,LAYER,WEATHERING
Caves and Caverns,"Stalactites hang from cave ceilings, formed slowly by dripping mineral-rich water.

Stalagmites rise from cave floors as mineral deposits accumulate over time.

Most large cave systems form within soluble limestone bedrock.

Total darkness defines the deep interior of most cave systems.

Unique mineral formations develop over thousands of years within many cave systems.

Large cave chambers can be big enough to hold entire underground rooms of formations.

Early cave explorers risked considerable danger mapping unknown underground passages.

Bats commonly roost within the dark, sheltered passages of many cave systems.

Slow mineral seepage over centuries gradually builds up a cave's formations.

Narrow cave passages sometimes require crawling or squeezing through tight spaces.

Underground rivers and lakes are found within some of the world's largest cave systems.

Sound echoes distinctively through large, open cave chambers.

Dissolved minerals in water are responsible for building most cave formations over time.

Guided tours remain the safest way for most visitors to explore deep cave systems.",STALACTITE,STALAGMITE,LIMESTONE,DARKNESS,FORMATION,CHAMBER,EXPLORER,BAT,SEEPAGE,PASSAGE,UNDERGROUND,ECHO,MINERAL,GUIDEDTOUR
Glaciers,"Glaciers form when accumulated snow compresses into dense ice over many years.

A crevasse is a deep crack that forms as a glacier moves and stretches over uneven terrain.

Glacial meltwater often feeds rivers and lakes far beyond a glacier's visible edge.

Most of the world's glaciers have been retreating rapidly in recent decades.

A moraine is a ridge of rock and debris deposited by a glacier's slow movement.

Compaction of layered snow over years is what eventually forms solid glacial ice.

Calving occurs when large chunks of ice break away from a glacier's edge.

Some of the oldest glacial ice contains air bubbles trapped for thousands of years.

Glaciers carved many of the dramatic U-shaped valleys found in mountain parks today.

Dense glacial ice sometimes appears strikingly blue due to how it absorbs light.

A glacier's winter snowpack directly affects how much ice it can maintain each year.

Glaciers move slowly downhill under the pressure of their own accumulated weight.

Changing climate patterns are directly linked to the rapid retreat of many glaciers.

A glacier is considered advancing when it gains more ice than it loses in a given year.",ICEFIELD,CREVASSE,MELTWATER,RETREATING,MORAINE,COMPACTION,CALVING,ANCIENT,VALLEY,BLUEICE,SNOWPACK,MOVEMENT,CLIMATE,ADVANCE
Volcanoes,"Magma rising from deep within the Earth eventually becomes lava once it reaches the surface.

Lava temperatures can exceed 2,000 degrees Fahrenheit depending on its composition.

A volcanic eruption releases magma, gas, and ash from beneath the Earth's surface.

A caldera forms when a volcano's summit collapses after a major eruption.

Falling ash from an eruption can travel and settle over vast surrounding areas.

A dormant volcano hasn't erupted recently but isn't considered permanently inactive.

An extinct volcano is considered unlikely ever to erupt again.

Volcanic gases and material escape to the surface through a central vent.

Pyroclastic flows are fast-moving, extremely hot clouds of gas and volcanic debris.

Shield volcanoes form from fluid lava that spreads out over a wide, gently sloping area.

Composite volcanoes build up in steep, cone-shaped layers of ash and hardened lava.

Small tremors are often monitored closely as a possible sign of volcanic activity.

Ongoing seismic monitoring helps scientists track potential volcanic hazards.

Many active volcanoes sit above a hot spot of unusually intense heat within the Earth's mantle.",MAGMA,LAVA,ERUPTION,CALDERA,ASHFALL,DORMANT,EXTINCT,VENT,PYROCLASTIC,SHIELDVOLCANO,COMPOSITE,TREMOR,MONITORING,HOTSPOT
Deserts,"Aridity, or extreme dryness, is the defining feature of every desert environment.

Cacti store water in their thick stems to survive long stretches without rain.

A mirage forms when light bends through layers of air at different temperatures.

Wind-shaped sand dunes are a common feature of many desert landscapes.

An oasis forms wherever underground water reaches the desert surface.

Scorpions are highly adapted to survive extreme desert heat and scarce water.

Many desert animals are nocturnal, avoiding the harshest daytime heat.

Vegetation in deserts is typically sparse, spread out to reduce competition for scarce water.

Extreme heat during the day can give way to surprisingly cold desert nights.

Desert plants and animals show remarkable adaptation to survive with minimal water.

Prolonged drought can push already harsh desert conditions to their absolute limits.

Sandstorms can dramatically reduce visibility across open desert terrain.

Succulent plants store water in their leaves or stems to endure dry conditions.

Barren, exposed rock and sand dominate much of the desert landscape.",ARIDITY,CACTUS,MIRAGE,DUNE,OASIS,SCORPION,NOCTURNAL,SPARSE,EXTREMEHEAT,ADAPTATION,DROUGHT,SANDSTORM,SUCCULENT,BARREN
Forests,"The forest canopy filters sunlight, shaping which plants thrive in the layers below.

An understory grows beneath the tallest trees, adapted to lower light conditions.

Conifers keep most of their needle-like leaves year-round.

Deciduous trees shed their leaves seasonally, usually in response to shorter days.

Old-growth forests contain trees that have never been logged, some centuries old.

Wildfire plays a natural, sometimes essential role in many forest ecosystems.

Forests often show remarkable regrowth in the years following a natural wildfire.

Forest ecosystems support complex relationships between countless plant and animal species.

Dense forest habitat supports a wide range of wildlife across the park system.

Shade from a dense canopy keeps forest floors cooler than open, sunlit areas.

Tree roots stabilize soil and help forests absorb and store rainwater.

Moss often thrives in the cool, moist conditions found on many forest floors.

A tree's trunk transports water and nutrients between its roots and its canopy.

Some of the park system's forests remain remarkably dense and largely untouched.",CANOPY,UNDERSTORY,CONIFER,DECIDUOUS,OLDGROWTH,WILDFIRE,REGROWTH,ECOSYSTEM,WILDLIFE,SHADE,ROOTS,MOSS,TRUNK,DENSE
Mountains,"A summit marks the highest point of a mountain, often reached only after a demanding climb.

Mountain peaks are frequently shaped by millions of years of tectonic uplift and erosion.

A ridge connects higher points along a mountain's elevated spine.

Oxygen levels drop significantly at high altitude, challenging climbers on tall peaks.

Avalanches occur when unstable snow layers suddenly break loose on a steep slope.

The timberline marks the elevation above which trees can no longer survive.

Sheer cliffs are often the result of long-term erosion or geological faulting.

A slope's steepness strongly affects both erosion patterns and climbing difficulty.

A mountain ascent is often broken into stages to help climbers adjust to elevation.

Large boulders scattered on mountainsides are often deposited by ancient retreating glaciers.

A plateau is a raised, relatively flat area of land found at various mountain elevations.

Alpine terrain above the treeline supports plants adapted to extreme cold and wind.

Elevation changes throughout mountain terrain create several distinct climate zones.

A mountain range consists of a connected series of peaks sharing a common geologic origin.",SUMMIT,PEAK,RIDGE,ALTITUDE,AVALANCHE,TIMBERLINE,CLIFF,SLOPE,ASCENT,BOULDER,PLATEAU,ALPINE,ELEVATION,RANGE
Route 66,"Route 66 earned the nickname ""the Mother Road"" from author John Steinbeck.

Classic roadside diners along Route 66 became icons of mid-century American road culture.

Vintage neon signs remain a beloved symbol of Route 66's roadside businesses.

Small independent motels once lined Route 66, catering to cross-country travelers.

Route 66 originally connected Chicago to Los Angeles across eight states.

Route 66 has become deeply associated with American nostalgia for mid-century road travel.

Countless roadside attractions were built specifically to draw curious Route 66 travelers.

Route 66 was officially decommissioned as a US highway in 1985.

Chicago marks the traditional starting point of the historic Route 66 route.

Santa Monica, California marks the traditional western endpoint of Route 66.

Many towns along Route 66 have preserved their historic buildings and signage.

Small towns along Route 66 often depended heavily on passing highway traffic.

Preserved attractions along Route 66 continue to draw curious travelers today.

Driving Route 66 has become a bucket-list journey for road trip enthusiasts worldwide.",MOTHERROAD,DINER,NEONSIGN,MOTEL,HIGHWAY,NOSTALGIA,ROADSIDE,DECOMMISSIONED,CHICAGO,SANTAMONICA,HISTORIC,SMALLTOWN,ATTRACTION,JOURNEY
Scenic Byways,"Scenic byways are officially designated for their outstanding natural or cultural value.

An overlook along a scenic byway offers travelers a chance to pause and take in the view.

The National Scenic Byways program helps recognize and promote America's most notable driving routes.

Winding roads along scenic byways often follow rivers, coastlines, or mountain ridges.

Sweeping vistas along scenic byways are often reason enough to take the longer route.

Historic landmarks are frequently found along officially designated scenic byways.

A pull-off area along a byway lets drivers safely stop to enjoy a scenic view.

Total mileage varies widely among the many designated scenic byways across the country.

Scenic byways often wind through quiet countryside far from major interstate highways.

Some scenic byways were designated partly to help preserve local cultural heritage.

Formal designation as a scenic byway can boost tourism for nearby small towns.

Roadside stops along scenic byways often feature local food, crafts, and history.

A lookout point along a scenic byway offers one of the best photo opportunities on the route.

Scenic byways encourage travelers to meander rather than rush toward their destination.",OVERLOOK,DESIGNATED,ROADTRIP,WINDINGROAD,VISTA,LANDMARK,PULLOFF,MILEAGE,COUNTRYSIDE,HERITAGE,DESIGNATION,ROADSIDE,LOOKOUT,MEANDER
Road Trips,"Planning a detailed itinerary helps road trippers make the most of limited travel time.

Packing efficiently is essential when preparing for a long, multi-stop road trip.

A carefully curated playlist has become a classic part of the modern road trip experience.

A well-timed pit stop breaks up long stretches of driving on a road trip.

A clear road map, digital or paper, helps travelers plan their route in advance.

Planning fuel stops in advance matters most when traveling through remote areas.

Packing plenty of snacks helps keep road trip travelers fueled between meal stops.

Efficiently packed luggage leaves more room for souvenirs picked up along the way.

Choosing a final destination often shapes the entire structure of a road trip itinerary.

An unplanned detour can lead to some of the most memorable road trip discoveries.

Total mileage on a road trip often exceeds initial expectations once detours are added.

A good travel companion can make or break the experience of a long road trip.

Road trips often create some of the most lasting travel memories for families.

A sense of adventure is often what draws people to road trips over other travel styles.",ITINERARY,PACKING,PLAYLIST,PITSTOP,ROADMAP,FUELSTOP,SNACKS,LUGGAGE,DESTINATION,DETOUR,MILEAGE,COMPANION,MEMORY,ADVENTURE
RV Travel and Camping,"A motorhome combines living space and transportation into a single vehicle.

Many RV campsites offer water, electric, and sewer hookups for extended stays.

Electrical hookups let RV travelers power appliances without relying solely on a generator.

A generator provides backup power for RVs staying at sites without electrical hookups.

Towing a smaller vehicle behind an RV lets travelers explore without moving the whole rig.

Propane commonly powers RV appliances like stoves, heaters, and refrigerators.

Leveling an RV properly helps appliances and slide-outs function correctly at a campsite.

An RV's awning provides shade and shelter right outside the vehicle's door.

Many national parks offer dedicated campgrounds designed to accommodate RVs.

Some RV owners embrace full-time travel as a long-term lifestyle rather than a vacation.

Regular maintenance is essential to keep an RV's systems running reliably on long trips.

Finding suitable overnight parking is a key part of planning any RV road trip.

Monitoring the water tank levels is a routine task for RV travelers on the road.

Choosing each night's destination in advance helps RV travelers plan fuel and rest stops.",MOTORHOME,CAMPSITE,HOOKUP,GENERATOR,TOWING,PROPANE,LEVELING,AWNING,CAMPGROUND,LIFESTYLE,MAINTENANCE,PARKING,WATERTANK,DESTINATION
National Monuments,"A national monument can be created by presidential proclamation rather than an act of Congress.

The president holds unique authority to designate new national monuments under federal law.

National monuments protect areas valued for their historic, cultural, or scientific significance.

Many national monuments protect important historic sites and structures.

The Antiquities Act of 1906 gave presidents the authority to establish national monuments.

Some national monuments preserve significant natural or man-made landmarks.

National monuments often protect sites with deep cultural significance to Indigenous communities.

A site must be formally designated before it becomes an official national monument.

National monuments help preserve land for future generations to study and enjoy.

Establishing a national monument recognizes a site's broader historical or scientific significance.

National monuments remain under federal protection once officially designated.

Some national monuments protect dramatic and scenic natural landscapes.

Several national monuments protect significant archaeological sites and artifacts.

National monuments help preserve important pieces of the nation's shared heritage.",PROCLAMATION,PRESIDENT,PROTECTED,HISTORIC,ANTIQUITIES,LANDMARK,CULTURAL,DESIGNATED,PRESERVE,SIGNIFICANCE,FEDERAL,SCENIC,ARCHAEOLOGICAL,HERITAGE
National Forests,"National forests are managed under a multiple-use philosophy balancing recreation, timber, and conservation.

Timber harvesting is permitted in national forests under carefully managed guidelines.

The multiple-use approach lets national forests support recreation, grazing, and resource extraction together.

Regulated logging remains a permitted activity within many national forests.

National forests are divided into ranger districts for more localized management.

Recreation opportunities in national forests range from hiking to fishing to off-road driving.

National forests protect important watersheds that supply water to surrounding communities.

Wildfire management is a major ongoing challenge across the national forest system.

Grazing permits allow ranchers to use portions of national forest land for livestock.

Trailheads throughout national forests provide access to extensive hiking trail networks.

National forest campgrounds tend to be less crowded and less regulated than national park campgrounds.

Conservation efforts within national forests aim to balance use with long-term forest health.

Sustainable timber harvest practices help balance economic use with forest health.

The US Forest Service oversees forestry practices across the national forest system.",TIMBER,MULTIPLEUSE,LOGGING,DISTRICT,RECREATION,WATERSHED,WILDFIRE,GRAZING,TRAILHEAD,CAMPGROUND,CONSERVATION,HARVEST,FORESTRY,WILDLIFE
National Seashores and Lakeshores,"National seashores protect long stretches of undeveloped coastline along the ocean.

Sand dunes along protected seashores help buffer inland areas from storms.

Historic lighthouses are a common feature found along many national seashores.

These protected coastal areas balance recreation with long-term environmental protection.

Public beaches within national seashores remain open for swimming and recreation.

Coastal estuaries within seashores support a rich mix of freshwater and marine life.

Maritime history is often closely tied to the story of national seashores and lakeshores.

Historic shipwrecks are sometimes visible near the shores of protected coastal parks.

National seashores protect fragile coastal ecosystems from unchecked development.

Tidal patterns shape daily life along the shoreline of these protected coastal parks.

Conservation efforts along seashores help protect nesting shorebirds and sea turtles.

Recreation opportunities along protected seashores include swimming, boating, and birdwatching.

Coastal habitats within seashores support species found nowhere else in a given region.

National seashores and lakeshores were created specifically to preserve undeveloped shoreline.",SHORELINE,DUNE,LIGHTHOUSE,PROTECTED,BEACH,ESTUARY,MARITIME,SHIPWRECK,ECOSYSTEM,TIDAL,CONSERVATION,RECREATION,COASTAL,PRESERVE
State Parks,"State parks are typically managed by a state agency rather than the federal government.

Many state parks offer developed campgrounds as an affordable alternative to national parks.

Picnic areas are a common and popular feature throughout most state parks.

Trail networks within state parks range from short nature walks to longer backcountry routes.

State parks provide recreation opportunities often closer to home than distant national parks.

Many state parks charge a modest daily admission fee to help fund maintenance.

Day-use areas in state parks let visitors enjoy the park without staying overnight.

Many state parks are built around a central lake offering swimming, boating, or fishing.

Rustic cabins are available for rent in many state parks across the country.

Fishing is a popular activity at many lake- and river-based state parks.

Scenic overlooks and trails make many state parks popular for day trips.

Improving accessibility has become a growing priority for many modern state park facilities.

State funding levels can significantly affect the upkeep and facilities of individual parks.

State parks often serve an important role in local community recreation and tourism.",STATEAGENCY,CAMPGROUND,PICNIC,TRAIL,RECREATION,ADMISSION,DAYUSE,LAKE,CABIN,FISHING,SCENIC,ACCESSIBLE,FUNDING,COMMUNITY
Wildlife Refuges,"Wildlife refuges are managed specifically to protect habitat for native species.

Migratory birds rely heavily on wildlife refuges as stopover points during long journeys.

Wetland habitat within refuges supports a wide range of birds, fish, and amphibians.

Wildlife refuges provide legally protected land specifically for wildlife conservation.

Refuges play a critical role in protecting habitat for endangered species.

Birdwatching is one of the most popular activities at wildlife refuges nationwide.

Some refuges function as a sanctuary where hunting and development are strictly limited.

Certain wildlife refuges permit regulated hunting as part of wildlife population management.

Conservation goals guide nearly every management decision within a wildlife refuge.

Refuge staff carefully manage water levels and habitat to benefit target species.

Many refuges provide safe breeding grounds for waterfowl and other migratory birds.

Refuges along major bird migration flyways see huge seasonal population surges.

Habitat restoration projects help refuges recover from decades of prior land use.

A refuge's overall health depends on maintaining a balanced, functioning ecosystem.",HABITAT,MIGRATORYBIRD,WETLAND,PROTECTED,ENDANGERED,BIRDWATCHING,SANCTUARY,HUNTING,CONSERVATION,MANAGED,BREEDING,FLYWAY,RESTORATION,ECOSYSTEM
Historic American Landmarks,"The Statue of Liberty has symbolized freedom and welcome to immigrants since the 1880s.

Mount Rushmore features the carved faces of four US presidents in the Black Hills.

The Golden Gate Bridge remains one of the most recognizable bridges in the world.

Independence Hall in Philadelphia is where the Declaration of Independence was signed.

The Washington Monument stands as one of the tallest stone structures in the world.

The Alamo in Texas is remembered as the site of a pivotal 1836 battle.

Hoover Dam was a massive engineering achievement when completed in the 1930s.

Historic preservation efforts help protect landmarks from deterioration and demolition.

A landmark's significance often comes from its history as much as its appearance.

Historic sites across the country preserve moments from the nation's founding and growth.

The architecture of many historic landmarks reflects the styles popular in their era.

Tourism to historic landmarks provides significant revenue for surrounding communities.

Some landmarks become so iconic that they're instantly recognizable worldwide.

Preserving America's landmarks helps safeguard a shared sense of national heritage.",LIBERTY,MOUNTRUSHMORE,GOLDENGATE,INDEPENDENCE,MONUMENT,ALAMO,HOOVERDAM,PRESERVATION,LANDMARK,HISTORIC,ARCHITECTURE,TOURISM,ICONIC,HERITAGE
Native American Heritage Sites,"Ancestral Puebloan sites preserve centuries of Indigenous architecture and daily life.

Pueblo communities have continuously inhabited parts of the American Southwest for centuries.

Ancient earthwork mounds throughout the country reflect sophisticated Indigenous engineering.

Many heritage sites protect land considered sacred by Native American communities.

Tribal nations often play a direct role in managing and interpreting heritage sites today.

Artifacts recovered from heritage sites offer insight into Indigenous daily life and trade.

Oral tradition has preserved much of Native American history alongside physical sites.

Ceremonial sites hold ongoing cultural and spiritual significance for many tribes.

Federal preservation laws help protect Native American heritage sites from disturbance.

Native American heritage remains deeply woven into the history of many national parks.

Archaeological research at heritage sites continues to reshape understanding of early American history.

Large earthen mounds built by ancient cultures survive at several protected sites.

Reservation lands today are often located near or overlapping historic ancestral territory.

Heritage sites help preserve and share the rich culture of Native American nations.",ANCESTRAL,PUEBLO,EARTHWORK,SACREDLAND,TRIBAL,ARTIFACT,TRADITION,CEREMONIAL,PRESERVATION,HERITAGE,ARCHAEOLOGY,MOUND,RESERVATION,CULTURE
Ghost Towns of the Old West,"Ghost towns were often abandoned once the local mine or resource ran dry.

Many ghost towns began as small mining towns built around a single resource.

A once-thriving boomtown could empty out within just a few years of decline.

The classic boom-and-bust cycle defined the short life of many Old West mining towns.

Old saloons remain among the most recognizable buildings still standing in ghost towns.

Deserted streets and buildings are the defining feature of most classic ghost towns.

Some ghost towns have been carefully preserved as historic tourist attractions.

The gold rush era produced many of the West's most famous boomtowns and ghost towns.

Old relics left behind in ghost towns offer glimpses into everyday frontier life.

Weathered wooden storefronts still line the main streets of several preserved ghost towns.

Tumbleweeds rolling through empty streets have become a classic ghost town image.

Historic ghost towns attract visitors interested in the real history of the Old West.

Local legend often surrounds the abandonment of especially remote ghost towns.

Decay and weathering continue to slowly reclaim many unpreserved ghost towns.",ABANDONED,MININGTOWN,BOOMTOWN,BUST,SALOON,DESERTED,PRESERVED,GOLDRUSH,RELIC,STOREFRONT,TUMBLEWEED,HISTORIC,LEGEND,DECAY
Lighthouses,"A lighthouse beacon warns ships away from dangerous rocks and shoals.

Lighthouse keepers historically lived on-site to maintain the light every night.

Many lighthouse beams rotate steadily to create a distinctive, recognizable signal pattern.

Lighthouses were often built specifically to mark dangerous underwater shoals.

A foghorn supplements a lighthouse's beam during heavy fog when light alone isn't enough.

Lighthouses hold deep significance in maritime history and coastal navigation.

Many lighthouses were built near coastlines notorious for shipwrecks.

A lighthouse's tall tower helps its beam reach ships far out at sea.

Lighthouses have historically guided ships safely along dangerous stretches of coastline.

Modern navigation technology has reduced ships' reliance on traditional lighthouses.

Historic lighthouses are often preserved as beloved coastal landmarks today.

Most lighthouses have been automated, eliminating the need for a live-in keeper.

Lighthouse preservation societies work to maintain these structures after automation.

Each lighthouse's unique light signal historically helped sailors identify their exact location.",BEACON,KEEPER,ROTATING,SHOAL,FOGHORN,MARITIME,SHIPWRECK,TOWER,COASTLINE,NAVIGATION,HISTORIC,AUTOMATED,PRESERVATION,SIGNAL
Great Lakes,"Lake Superior is the largest of the Great Lakes by surface area.

Lake Huron was one of the first Great Lakes explored by European travelers.

Lake Michigan is the only Great Lake located entirely within the United States.

Lake Erie is the shallowest of the five Great Lakes.

Lake Ontario is the smallest of the Great Lakes by surface area.

The Great Lakes together hold about one-fifth of the world's surface freshwater.

Thousands of miles of shoreline surround the combined Great Lakes region.

Commercial shipping has relied on the Great Lakes as a major trade route for centuries.

Sport and commercial fishing remain important activities across the Great Lakes.

Icebreaker ships help keep Great Lakes shipping routes open during winter months.

Sand dunes line portions of the Great Lakes shoreline, especially along Lake Michigan.

Numerous rivers act as tributaries feeding into the Great Lakes system.

The Great Lakes support a complex and interconnected freshwater ecosystem.

The Great Lakes basin spans parts of both the United States and Canada.",SUPERIOR,HURON,MICHIGAN,ERIE,ONTARIO,FRESHWATER,SHORELINE,SHIPPING,FISHING,ICEBREAKER,DUNE,TRIBUTARY,ECOSYSTEM,BASIN
Rivers of America,"The Mississippi River is one of the longest rivers in North America.

The Missouri River is the longest individual river in the United States.

The Colorado River carved the Grand Canyon over millions of years.

The Rio Grande forms a natural border between the United States and Mexico.

The Snake River winds through several western states before joining the Columbia River.

The Hudson River played a central role in early American commerce and settlement.

Numerous smaller tributaries feed into America's major river systems.

River deltas form where sediment builds up as a river slows near its mouth.

Watersheds define the land area that drains into a particular river system.

Rivers historically served as essential highways for navigation and trade.

Hydroelectric dams along major rivers generate a significant share of the nation's power.

Floodplains along rivers are naturally fertile thanks to regular sediment deposits.

A river's current is driven primarily by gravity pulling water downhill.

Major river basins span vast portions of the American landscape.",MISSISSIPPI,MISSOURI,COLORADO,RIOGRANDE,SNAKERIVER,HUDSON,TRIBUTARY,DELTA,WATERSHED,NAVIGATION,HYDROELECTRIC,FLOODPLAIN,CURRENT,BASIN
Long-Distance Hiking Trails,"The Appalachian Trail stretches roughly 2,000 miles along the eastern United States.

The Pacific Crest Trail runs from Mexico to Canada along the West Coast mountain ranges.

The Continental Divide Trail follows the spine of the Rocky Mountains for thousands of miles.

A thru-hiker attempts to complete an entire long-distance trail in a single continuous trip.

Trail angels offer hikers unexpected help, like food or rides, along long-distance trails.

Resupply stops let long-distance hikers restock food and supplies along the way.

Painted trail blazes help long-distance hikers stay on course over hundreds of miles.

Completing a long trail requires both physical endurance and mental persistence.

Total mileage on major long-distance trails can take months to complete.

Long-distance trails often pass through remote, undeveloped wilderness areas.

Finishing a long-distance trail requires serious dedication over many months.

For many hikers, a long-distance trail becomes as much an inner journey as a physical one.

Completing a major long-distance trail is considered a significant personal achievement.

Many long-distance hikers adopt a trail name used only during their journey.",APPALACHIAN,PACIFICCREST,DIVIDE,THRUHIKER,TRAILANGEL,RESUPPLY,BLAZE,ENDURANCE,MILEAGE,WILDERNESS,DEDICATION,JOURNEY,ACHIEVEMENT,TRAILNAME
Dark Sky Parks and Stargazing,"Light pollution from cities makes it increasingly difficult to see a truly dark night sky.

The Milky Way is clearly visible to the naked eye from many designated dark sky parks.

Countless constellations become visible under the exceptionally dark skies of remote parks.

A telescope can reveal far more detail in the night sky than the naked eye alone.

Meteor showers are especially spectacular when viewed from a certified dark sky location.

True darkness, free from artificial light, is essential for the best stargazing conditions.

Formal dark sky certification recognizes parks with exceptionally low light pollution.

Astronomy enthusiasts often travel specifically to dark sky parks for stargazing trips.

A clear night sky reveals thousands more stars than are visible from most cities.

Remote locations, far from city lights, generally offer the darkest, clearest skies.

Atmospheric visibility can significantly affect how many stars are visible on a given night.

Exceptional clarity in remote desert air makes some parks especially prized for stargazing.

Celestial events like meteor showers draw dedicated stargazers to dark sky parks.

Some dark sky parks host public observatory events for visitors interested in astronomy.",POLLUTION,MILKYWAY,CONSTELLATION,TELESCOPE,METEOR,DARKNESS,CERTIFICATION,ASTRONOMY,NIGHTSKY,REMOTE,VISIBILITY,CLARITY,CELESTIAL,OBSERVATORY
Winter in the National Parks,"Snowshoeing lets visitors explore snow-covered park trails that would otherwise be impassable.

Cross-country skiing offers a quiet way to travel through a snow-covered park landscape.

Frostbite is a serious risk for underprepared visitors during winter park visits.

Many animals enter hibernation to survive the harshest months of a park's winter.

Icicles form along cliffs and waterfalls as freezing temperatures grip the park.

Snowplows work to keep essential winter park roads clear and accessible.

Layering clothing properly is essential for staying warm during a winter park visit.

Winter's quiet solitude offers a completely different park experience than the busy summer season.

Heavy snowfall can dramatically transform a park's familiar summer landscape.

Avalanche risk increases significantly on steep, snow-covered mountain terrain.

Proper winter gear is essential for safely enjoying a park during the colder months.

Winter's quiet atmosphere contrasts sharply with a park's busy summer crowds.

Frozen waterfalls and lakes create striking scenery unique to winter park visits.

Seasonal road closures are common in many mountain parks during heavy winter snow.",SNOWSHOE,SKIING,FROSTBITE,HIBERNATION,ICICLE,SNOWPLOW,LAYERING,SOLITUDE,SNOWFALL,AVALANCHE,GEAR,QUIET,FROZEN,CLOSURE
Bird Watching in the Parks,"Binoculars are an essential tool for spotting distant or well-camouflaged birds.

A field guide helps birdwatchers identify species by appearance, call, and habitat.

Learning distinct bird calls helps birdwatchers identify species without seeing them directly.

Many bird species pass through parks during seasonal migratory journeys.

Raptors, including hawks and eagles, are popular sightings for many birdwatchers.

Songbirds fill many parks with distinctive calls throughout the spring and summer.

Nesting season offers birdwatchers a chance to observe unique bird behaviors.

A bird's plumage can vary significantly between breeding season and the rest of the year.

National parks protect habitat for a huge diversity of native bird species.

Preserving diverse habitat helps support the wide range of bird species found in parks.

Many birdwatchers keep a running checklist of species spotted in each park they visit.

Patience is essential for birdwatchers hoping to spot elusive or rare species.

Even a bird's silhouette in flight can help experienced birdwatchers identify the species.

A rare bird sighting can draw dedicated birdwatchers from across the country.",BINOCULARS,FIELDGUIDE,BIRDCALL,MIGRATORY,RAPTOR,SONGBIRD,NESTING,PLUMAGE,SPECIES,HABITAT,CHECKLIST,PATIENCE,SILHOUETTE,SIGHTING
